Available,,Full-Product-Name,Brand,Category,Product,Formula,Cost,Max,"General
Export",Export-Price,Export-Price (Old Price),Negotiation,Thai Market,ราคาลดต่ำสุด,Condition,"Accu
Discount",HS-Code,Thai-Description,NW,CTN-GW,Carton-Dimension,CTN-Width,CTN-Length,CTN-Height,CBM,CTN-Quantity,Maximum-20ft (CTN),Maximum-40ft (CTN),Service-Remarks-1,Service-Remarks-2,Service-Remarks-3,Website-Link,Product-Image,Com-1,Com-2,Com-3,**Old-Price,Thuong Tin,Anna Trading,Namwhan,Humphrey,Memi,Auday,GMG,Ilyas,May Export,Noor,Bopha,Adam&Aud,Muhiadin Ali,Sabaya,Joseph Blasko,Wichai (China),John Larsen,Gena
No,,--- Click to Select a Product ---,,,-,,-,,,,,,,,,,,,,,,,,,,,,,,,,https://www.carebeau-enjoy.com/,https://lh3.googleusercontent.com/d/1PS-zLtvLZktSF62X2bgjEZ9YeZE7Y5Zb,,,,,,,,,,,,,,,,,,,,,,
Yes,HGEJ-1000-07,Carebeau Milky Developer Cream (1000ml) - 3% Concentrate,Carebeau,Hair Bleaching,Carebeau Milky Developer Cream (1000ml),3% Concentrate,,,75.00,65.00,65.00,63.00,75.00,63.75,"1.ชื้อ 1 โหล ลด8%
2.ชื้อ 3 โหล ลด13%
3.ซื้อ 6 โหล ลด15%",15.00,3305.90.00,ครีมย้อมผม,1.00,13.100,26x34.5x27.3,26.00,34.50,27.30,0.024,12,"1,347","1,984",,,,https://www.carebeau-enjoy.com/menu-items/carebeau-enjoy-milkyoxy-cream,https://lh3.googleusercontent.com/d/18Dn__Is9805GV0qvhOm9E367ACgPv1Ns,63.64,64.29,64.95,65.00,61.75,56.17,60.00,,65.00,,65.00,,69.00,,65.00,65.00,,,,,,
Yes,HGEJ-1000-04,Carebeau Milky Developer Cream (1000ml) - 6% Concentrate,Carebeau,Hair Bleaching,Carebeau Milky Developer Cream (1000ml),6% Concentrate,,,75.00,65.00,65.00,63.00,75.00,63.75,"1.ชื้อ 1 โหลด8%
2.ชื้อ 3 โหลด13%
3.ซื้อ 6 โหลด15%",15.00,3305.90.00,ครีมย้อมผม,1.00,13.100,26x34.5x27.3,26.00,34.50,27.30,0.024,12,"1,347","1,984",,,,https://www.carebeau-enjoy.com/menu-items/carebeau-enjoy-milkyoxy-cream,https://lh3.googleusercontent.com/d/189dtx2W877E-sNAD0z-6RrtRV3z6Ai-1,63.64,64.29,64.95,65.00,61.75,56.17,60.00,,65.00,,65.00,,69.00,,65.00,65.00,,,,,,
Yes,HGEJ-1000-05,Carebeau Milky Developer Cream (1000ml) - 9% Concentrate,Carebeau,Hair Bleaching,Carebeau Milky Developer Cream (1000ml),9% Concentrate,,,75.00,65.00,65.00,63.00,75.00,63.75,"1.ชื้อ 1 โหล ลด8%
2.ชื้อ 3 โหล ลด13%
3.ซื้อ 6 โหล ลด15%",15.00,3305.90.00,ครีมย้อมผม,1.00,13.100,26x34.5x27.3,26.00,34.50,27.30,0.024,12,"1,347","1,984",,,,https://www.carebeau-enjoy.com/menu-items/carebeau-enjoy-milkyoxy-cream,https://lh3.googleusercontent.com/d/187twyQa3uBBebgwXqV8oVo08fagQMiEi,63.64,64.29,64.95,65.00,61.75,56.17,60.00,,65.00,,65.00,,69.00,,65.00,65.00,,,,,,
Yes,HGEJ-1000-06,Carebeau Milky Developer Cream (1000ml) - 12% Concentrate,Carebeau,Hair Bleaching,Carebeau Milky Developer Cream (1000ml),12% Concentrate,,,75.00,65.00,65.00,63.00,75.00,63.75,"1.ชื้อ 1 โหล ลด8%
2.ชื้อ 3 โหล ลด13%
3.ซื้อ 6 โหล ลด15%",15.00,3305.90.00,ครีมย้อมผม,1.00,13.100,26x34.5x27.3,26.00,34.50,27.30,0.024,12,"1,347","1,984",,,,https://www.carebeau-enjoy.com/menu-items/carebeau-enjoy-milkyoxy-cream,https://lh3.googleusercontent.com/d/18EgfATKGgxyUjPsivUpDEB3XMaIQ7vYt,63.64,64.29,64.95,65.00,61.75,56.17,60.00,,65.00,,65.00,,69.00,,65.00,65.00,,,,,,
Yes,HGFS-1000-06,Carebeau Fantasy Cool Developer Cream (1000ml) - 3% Concentrate,Carebeau,Hair Bleaching,Carebeau Fantasy Cool Developer Cream (1000ml),3% Concentrate,,,89.00,70.00,70.00,68.00,89.00,69.42,"1.ซอ ҟื 1 โหล ลดทา้ยบลิ 15% 
2.ซอ ҟื 3 โหล ลดทา้ยบลิ 22%",22.00,3305.90.00,ครีมย้อมผม,1.00,13.100,26x34.5x27.3,26.00,34.50,27.30,0.024,12,"1,347","1,984",,,,https://www.carebeau-enjoy.com/menu-items/carebeau-fantasy-cool-developer-cream,https://lh3.googleusercontent.com/d/11y-xaiDRd5DMUmJeVQ7N0zbKU4lWnMok,68.69,69.39,x,70.00,66.50,60.92,65.00,,70.00,,70.00,,74.00,,70.00,70.00,,,,,,
Yes,HGFS-1000-06,Carebeau Fantasy Cool Developer Cream (1000ml) - 6% Concentrate,Carebeau,Hair Bleaching,Carebeau Fantasy Cool Developer Cream (1000ml),6% Concentrate,,,89.00,70.00,70.00,68.00,89.00,69.42,"1.ซอ ҟื 1 โหล ลดทา้ยบลิ 15% 
2.ซอ ҟื 3 โหล ลดทา้ยบลิ 22%",22.00,3305.90.00,ครีมย้อมผม,1.00,13.100,26x34.5x27.3,26.00,34.50,27.30,0.024,12,"1,347","1,984",,,,https://www.carebeau-enjoy.com/menu-items/carebeau-fantasy-cool-developer-cream,https://lh3.googleusercontent.com/d/11qzGV14b2py44cOYMMQqV7UDAEqd5MKj,68.69,69.39,x,70.00,66.50,60.92,65.00,,70.00,,70.00,,74.00,,70.00,70.00,,,,,,
Yes,HGFS-1000-07,Carebeau Fantasy Cool Developer Cream (1000ml) - 9% Concentrate,Carebeau,Hair Bleaching,Carebeau Fantasy Cool Developer Cream (1000ml),9% Concentrate,,,89.00,70.00,70.00,68.00,89.00,69.42,"1.ซอ ҟื 1 โหล ลดทา้ยบลิ 15% 
2.ซอ ҟื 3 โหล ลดทา้ยบลิ 22%",22.00,3305.90.00,ครีมย้อมผม,1.00,13.100,26x34.5x27.3,26.00,34.50,27.30,0.024,12,"1,347","1,984",,,,https://www.carebeau-enjoy.com/menu-items/carebeau-fantasy-cool-developer-cream,https://lh3.googleusercontent.com/d/13ZQIPVXC-5I0pFfLwz4cy-HxunV_RWEK,68.69,69.39,x,70.00,66.50,60.92,65.00,,70.00,,70.00,,74.00,,70.00,70.00,,,,,,
Yes,HGFS-1000-08,Carebeau Fantasy Cool Developer Cream (1000ml) - 12% Concentrate,Carebeau,Hair Bleaching,Carebeau Fantasy Cool Developer Cream (1000ml),12% Concentrate,,,89.00,70.00,70.00,68.00,89.00,69.42,"1.ซอ ҟื 1 โหล ลดทา้ยบลิ 15% 
2.ซอ ҟื 3 โหล ลดทา้ยบลิ 22%",22.00,3305.90.00,ครีมย้อมผม,1.00,13.100,26x34.5x27.3,26.00,34.50,27.30,0.024,12,"1,347","1,984",,,,https://www.carebeau-enjoy.com/menu-items/carebeau-fantasy-cool-developer-cream,https://lh3.googleusercontent.com/d/121TSQ7Wi3fMmxmsmr-Z-HYNXbGXdcm-v,68.69,69.39,x,70.00,66.50,60.92,65.00,,70.00,,70.00,,74.00,,70.00,70.00,,,,,,
Yes,SPCB-30-25,Carebeau Hair Color Shampoo (30ml) - Black,Carebeau,Hair Dye,Carebeau Hair Color Shampoo (30ml),Black,10,11,30.00,30.00,30.00,26.00,32.00,27.04,"รายการสั่งซื้อ
1.ซื้อ 6 โหล ลดท้ายบิล 3%
2.ซื้อ 12 โหล ลดท้ายบิล 5%
3.ซื้อ 24 โหล ลดท้ายบิล 8%
4.ชื้อ 36 โหล ลดท้ายบิล 10%
",10.00,3305.10.90,แชมพูปิดผมขาว,0.05,9.978,25x34x33.5,25.00,34.00,33.50,0.028,144,"1,158","2,107",,,,https://www.carebeau-enjoy.com/menu-items/carebeau-hair-color-shampoo,https://lh3.googleusercontent.com/d/13dVnZL4jUlKo4nD9YtrV16QhazaJ8xJ8,26.26,26.53,26.80,30.00,30.00,28.36,30.00,,30.00,,30.00,,32.00,,30.00,30.00,,,,,,
Yes,SPCB-30-26,Carebeau Hair Color Shampoo (30ml) - Dark Brown,Carebeau,Hair Dye,Carebeau Hair Color Shampoo (30ml),Dark Brown,10,11,30.00,30.00,30.00,26.00,32.00,27.04,"รายการสั่งซื้อ
1.ซื้อ 6 โหล ลดท้ายบิล 3%
2.ซื้อ 12 โหล ลดท้ายบิล 5%
3.ซื้อ 24 โหล ลดท้ายบิล 8%
4.ชื้อ 36 โหล ลดท้ายบิล 10%
",10.00,3305.10.90,แชมพูปิดผมขาว,0.05,9.978,25x34x33.5,25.00,34.00,33.50,0.028,144,"1,158","2,107",,,,https://www.carebeau-enjoy.com/menu-items/carebeau-hair-color-shampoo,https://lh3.googleusercontent.com/d/1519_uZPoMqkQVevpFxmqFT0m-SLv9FMF,26.26,26.53,26.80,30.00,30.00,28.36,30.00,,30.00,,30.00,,32.00,,30.00,30.00,,,,,,
Yes,SPCB-30-27,Carebeau Hair Color Shampoo (30ml) - Coke Brown,Carebeau,Hair Dye,Carebeau Hair Color Shampoo (30ml),Coke Brown,10,11,30.00,30.00,30.00,26.00,32.00,27.04,"รายการสั่งซื้อ
1.ซื้อ 6 โหล ลดท้ายบิล 3%
2.ซื้อ 12 โหล ลดท้ายบิล 5%
3.ซื้อ 24 โหล ลดท้ายบิล 8%
4.ชื้อ 36 โหล ลดท้ายบิล 10%
",10.00,3305.10.90,แชมพูปิดผมขาว,0.05,9.978,25x34x33.5,25.00,34.00,33.50,0.028,144,"1,158","2,107",,,,https://www.carebeau-enjoy.com/menu-items/carebeau-hair-color-shampoo,https://lh3.googleusercontent.com/d/13_89mGn2B4RqpTXSQXOrlRwgluzdW_xF,26.26,26.53,26.80,30.00,30.00,28.36,30.00,,30.00,,30.00,,32.00,,30.00,30.00,,,,,,
Yes,SPCB-30-28,Carebeau Hair Color Shampoo (30ml) - Light Brown,Carebeau,Hair Dye,Carebeau Hair Color Shampoo (30ml),Light Brown,10,11,30.00,30.00,30.00,26.00,32.00,27.04,"รายการสั่งซื้อ
1.ซื้อ 6 โหล ลดท้ายบิล 3%
2.ซื้อ 12 โหล ลดท้ายบิล 5%
3.ซื้อ 24 โหล ลดท้ายบิล 8%
4.ชื้อ 36 โหล ลดท้ายบิล 10%
",10.00,3305.10.90,แชมพูปิดผมขาว,0.05,9.978,25x34x33.5,25.00,34.00,33.50,0.028,144,"1,158","2,107",,,,https://www.carebeau-enjoy.com/menu-items/carebeau-hair-color-shampoo,https://lh3.googleusercontent.com/d/14wiKSneRjH9CGJOHmAcd1aNBFkZTR8P-,26.26,26.53,26.80,30.00,30.00,28.36,30.00,,30.00,,30.00,,32.00,,30.00,30.00,,,,,,
Yes,SPCB-30-23,Carebeau Hair Color Shampoo (30ml) - Reddish Brown,Carebeau,Hair Dye,Carebeau Hair Color Shampoo (30ml),Reddish Brown,10,11,30.00,30.00,30.00,26.00,32.00,27.04,"รายการสั่งซื้อ
1.ซื้อ 6 โหล ลดท้ายบิล 3%
2.ซื้อ 12 โหล ลดท้ายบิล 5%
3.ซื้อ 24 โหล ลดท้ายบิล 8%
4.ชื้อ 36 โหล ลดท้ายบิล 10%
",10.00,3305.10.90,แชมพูปิดผมขาว,0.05,9.978,25x34x33.5,25.00,34.00,33.50,0.028,144,"1,158","2,107",,,,https://www.carebeau-enjoy.com/menu-items/carebeau-hair-color-shampoo,https://lh3.googleusercontent.com/d/14tApea-p9e2-7HSQgKhIyz7SqDj_8Ni-,26.26,26.53,26.80,30.00,30.00,28.36,30.00,,30.00,,30.00,,32.00,,30.00,30.00,,,,,,
Yes,SPCB-30-24,Carebeau Hair Color Shampoo (30ml) - Brown Caramel,Carebeau,Hair Dye,Carebeau Hair Color Shampoo (30ml),Brown Caramel,11,11,30.00,30.00,30.00,26.00,32.00,27.04,"รายการสั่งซื้อ
1.ซื้อ 6 โหล ลดท้ายบิล 3%
2.ซื้อ 12 โหล ลดท้ายบิล 5%
3.ซื้อ 24 โหล ลดท้ายบิล 8%
4.ชื้อ 36 โหล ลดท้ายบิล 10%
",10.00,3305.10.90,แชมพูปิดผมขาว,0.05,9.978,25x34x33.5,25.00,34.00,33.50,0.028,144,"1,158","2,107",,,,https://www.carebeau-enjoy.com/menu-items/carebeau-hair-color-shampoo,https://lh3.googleusercontent.com/d/13cQb_zSBay3oFpaVLcm_kumbp_DOxHHJ,26.26,26.53,26.80,30.00,30.00,28.36,30.00,,30.00,,30.00,,32.00,,30.00,30.00,,,,,,
Yes,,Carebeau Speedy Hair Colour Cream (50g) - S01 Natural Black,Carebeau,Hair Dye,Carebeau Speedy Hair Colour Cream (50g),S01 Natural Black,34,35,95.00,69.00,69.00,65.00,95.00,85.50,"รายการซื้อในบิลเดียว
1.ซื้อ 2 โหล ลด 10%",10.00,3305.90.00,ครีมย้อมผม,0.60,2.880,24x29.3x17.3,24.00,29.30,17.30,0.012,12,"2,712","4,932",,,,https://www.carebeau-enjoy.com/menu-items/carebeau-speedy-hair-colour-cream,https://lh3.googleusercontent.com/d/1hr893ChYCNVHZUepqMFpGmVpWqBgIu72,65.66,66.33,67.01,69.00,62.35,73.43,69.00,,69.00,,69.00,,73.00,,69.00,69.00,,,,,,
Yes,,Carebeau Speedy Hair Colour Cream (50g) - S02 Dark Brown,Carebeau,Hair Dye,Carebeau Speedy Hair Colour Cream (50g),S02 Dark Brown,35,35,95.00,69.00,69.00,65.00,95.00,85.50,"รายการซื้อในบิลเดียว
1.ซื้อ 2 โหล ลด 10%",10.00,3305.90.00,ครีมย้อมผม,0.60,2.880,24x29.3x17.3,24.00,29.30,17.30,0.012,12,"2,712","4,932",,,,https://www.carebeau-enjoy.com/menu-items/carebeau-speedy-hair-colour-cream,https://lh3.googleusercontent.com/d/1KC9Ny9TOpm0ywhC3mf5OS6cfTS19JXxP,65.66,66.33,67.01,69.00,62.35,73.43,69.00,,69.00,,69.00,,73.00,,69.00,69.00,,,,,,
Yes,,Carebeau Speedy Hair Colour Cream (50g) - S03 Light Brown,Carebeau,Hair Dye,Carebeau Speedy Hair Colour Cream (50g),S03 Light Brown,35,35,95.00,69.00,69.00,65.00,95.00,85.50,"รายการซื้อในบิลเดียว
1.ซื้อ 2 โหล ลด 10%",10.00,3305.90.00,ครีมย้อมผม,0.60,2.880,24x29.3x17.3,24.00,29.30,17.30,0.012,12,"2,712","4,932",,,,https://www.carebeau-enjoy.com/menu-items/carebeau-speedy-hair-colour-cream,https://lh3.googleusercontent.com/d/1H2UcfATvu6zjA-uCCaywpOLPCnpJX_GD,65.66,66.33,67.01,69.00,62.35,73.43,69.00,,69.00,,69.00,,73.00,,69.00,69.00,,,,,,
Yes,,Carebeau Speedy Hair Colour Cream (50g) - S04 Chocolate Brown,Carebeau,Hair Dye,Carebeau Speedy Hair Colour Cream (50g),S04 Chocolate Brown,35,35,95.00,69.00,69.00,65.00,95.00,85.50,"รายการซื้อในบิลเดียว
1.ซื้อ 2 โหล ลด 10%",10.00,3305.90.00,ครีมย้อมผม,0.60,2.880,24x29.3x17.3,24.00,29.30,17.30,0.012,12,"2,712","4,932",,,,https://www.carebeau-enjoy.com/menu-items/carebeau-speedy-hair-colour-cream,https://lh3.googleusercontent.com/d/1A6GWIvS3OnDbNTlVBgDfhZ_MTgDWgUgC,65.66,66.33,67.01,69.00,62.35,73.43,69.00,,69.00,,69.00,,73.00,,69.00,69.00,,,,,,
Yes,,Carebeau Speedy Hair Colour Cream (50g) - S05 Coke Brown,Carebeau,Hair Dye,Carebeau Speedy Hair Colour Cream (50g),S05 Coke Brown,28,35,95.00,69.00,69.00,65.00,95.00,85.50,"รายการซื้อในบิลเดียว
1.ซื้อ 2 โหล ลด 10%",10.00,3305.90.00,ครีมย้อมผม,0.60,2.880,24x29.3x17.3,24.00,29.30,17.30,0.012,12,"2,712","4,932",,,,https://www.carebeau-enjoy.com/menu-items/carebeau-speedy-hair-colour-cream,https://lh3.googleusercontent.com/d/16rXF8G3cjEe77Q8JSMkx3jPr2-2sUvGu,65.66,66.33,67.01,69.00,62.35,73.43,69.00,,69.00,,69.00,,73.00,,69.00,69.00,,,,,,
Yes,,Carebeau Pastel Hair Color Cream (100g) - T01 Blue Pastel,Carebeau,Hair Dye,Carebeau Pastel Hair Color Cream (100g),T01 Blue Pastel,20,20,63.00,55.00,55.00,52.00,63.00,56.70,"สั่งซื้อรวม ในบิลเดียว 6 โหล
ลด 10% ท้ายบิล",10.00,3305.90.00,ครีมย้อมผม,0.10,1.940,18.5x19.8x20.2,18.50,19.80,20.20,0.007,12,"4,459","8,108",,,,https://www.carebeau-enjoy.com/menu-items/carebeau-pastel-hair-color-cream,https://lh3.googleusercontent.com/d/17lw5t2kAzvzoRBoRz_IGxDivI62MuKDL,52.53,53.06,53.61,52.00,50.00,51.58,50.00,,55.00,,50.00,,58.00,,55.00,55.00,,,,,,
Yes,,Carebeau Pastel Hair Color Cream (100g) - T02 Pink Pastel,Carebeau,Hair Dye,Carebeau Pastel Hair Color Cream (100g),T02 Pink Pastel,20,20,63.00,55.00,55.00,52.00,63.00,56.70,"สั่งซื้อรวม ในบิลเดียว 6 โหล
ลด 10% ท้ายบิล",10.00,3305.90.00,ครีมย้อมผม,0.10,1.940,18.5x19.8x20.2,18.50,19.80,20.20,0.007,12,"4,459","8,108",,,,https://www.carebeau-enjoy.com/menu-items/carebeau-pastel-hair-color-cream,https://lh3.googleusercontent.com/d/17b1F3RpboPf2zC_DWQ8Hj0mpg4XhMdGz,52.53,53.06,53.61,52.00,50.00,51.58,50.00,,55.00,,50.00,,58.00,,55.00,55.00,,,,,,
Yes,,Carebeau Pastel Hair Color Cream (100g) - T03 Purple Pastel,Carebeau,Hair Dye,Carebeau Pastel Hair Color Cream (100g),T03 Purple Pastel,20,20,63.00,55.00,55.00,52.00,63.00,56.70,"สั่งซื้อรวม ในบิลเดียว 6 โหล
ลด 10% ท้ายบิล",10.00,3305.90.00,ครีมย้อมผม,0.10,1.940,18.5x19.8x20.2,18.50,19.80,20.20,0.007,12,"4,459","8,108",,,,https://www.carebeau-enjoy.com/menu-items/carebeau-pastel-hair-color-cream,https://lh3.googleusercontent.com/d/17XBw3vTyJ3fVUurxOlpoHTpFJeTKHGS4,52.53,53.06,53.61,52.00,50.00,51.58,50.00,,55.00,,50.00,,58.00,,55.00,55.00,,,,,,
Yes,,Carebeau Pastel Hair Color Cream (100g) - T04 Ash Grey Pastel,Carebeau,Hair Dye,Carebeau Pastel Hair Color Cream (100g),T04 Ash Grey Pastel,20,20,63.00,55.00,55.00,52.00,63.00,56.70,"สั่งซื้อรวม ในบิลเดียว 6 โหล
ลด 10% ท้ายบิล",10.00,3305.90.00,ครีมย้อมผม,0.10,1.940,18.5x19.8x20.2,18.50,19.80,20.20,0.007,12,"4,459","8,108",,,,https://www.carebeau-enjoy.com/menu-items/carebeau-pastel-hair-color-cream,https://lh3.googleusercontent.com/d/17HXlGRuMOUx9ldRF8oQiTrhBUNTKWZEr,52.53,53.06,53.61,52.00,50.00,51.58,50.00,,55.00,,50.00,,58.00,,55.00,55.00,,,,,,
Yes,,Carebeau Pastel Hair Color Cream (100g) - T05 Yellow Pastel,Carebeau,Hair Dye,Carebeau Pastel Hair Color Cream (100g),T05 Yellow Pastel,20,20,63.00,55.00,55.00,52.00,63.00,56.70,"สั่งซื้อรวม ในบิลเดียว 6 โหล
ลด 10% ท้ายบิล",10.00,3305.90.00,ครีมย้อมผม,0.10,1.940,18.5x19.8x20.2,18.50,19.80,20.20,0.007,12,"4,459","8,108",,,,https://www.carebeau-enjoy.com/menu-items/carebeau-pastel-hair-color-cream,https://lh3.googleusercontent.com/d/17HCSqaL9UfIoqGRMs0D0wX1RYOOa26jm,52.53,53.06,53.61,52.00,50.00,51.58,50.00,,55.00,,50.00,,58.00,,55.00,55.00,,,,,,
Yes,,Carebeau Pastel Hair Color Cream (100g) - T07 Ash Green,Carebeau,Hair Dye,Carebeau Pastel Hair Color Cream (100g),T07 Ash Green,20,20,63.00,55.00,55.00,52.00,63.00,56.70,"สั่งซื้อรวม ในบิลเดียว 6 โหล
ลด 10% ท้ายบิล",10.00,3305.90.00,ครีมย้อมผม,0.10,1.940,18.5x19.8x20.2,18.50,19.80,20.20,0.007,12,"4,459","8,108",,,,https://www.carebeau-enjoy.com/menu-items/carebeau-pastel-hair-color-cream,https://lh3.googleusercontent.com/d/177urcdovIwc9_sPpuQAW79BLRTbtBSxG,52.53,53.06,53.61,52.00,50.00,51.58,50.00,,55.00,,50.00,,58.00,,55.00,55.00,,,,,,
Yes,CRCB-100-07,Carebeau Galaxy Hair Color Cream (100g) - G01 Violet,Carebeau,Hair Dye,Carebeau Galaxy Hair Color Cream (100g),G01 Violet,,,63.00,55.00,55.00,52.00,63.00,56.70,"สั่งซื้อรวม ในบิลเดียว 6 โหล
ลด 10% ท้ายบิล",10.00,3305.90.00,ครีมย้อมผม,0.10,1.940,18.5x19.8x20.2,18.50,19.80,20.20,0.007,12,"4,459","8,108",,,,https://www.carebeau-enjoy.com/menu-items/carebeau-galaxy-hair-color-cream,https://lh3.googleusercontent.com/d/13RdaoIFTy4FzoyJw-uBGF13TTZXqlWwt,52.53,53.06,53.61,52.00,50.00,51.58,50.00,,55.00,,50.00,,58.00,,55.00,55.00,,,,,,
Yes,CRCB-100-08,Carebeau Galaxy Hair Color Cream (100g) - G02 Blue,Carebeau,Hair Dye,Carebeau Galaxy Hair Color Cream (100g),G02 Blue,,,63.00,55.00,55.00,52.00,63.00,56.70,"สั่งซื้อรวม ในบิลเดียว 6 โหล
ลด 10% ท้ายบิล",10.00,3305.90.00,ครีมย้อมผม,0.10,1.940,18.5x19.8x20.2,18.50,19.80,20.20,0.007,12,"4,459","8,108",,,,https://www.carebeau-enjoy.com/menu-items/carebeau-galaxy-hair-color-cream,https://lh3.googleusercontent.com/d/13KVyqPGurriWgrj_k_OmQ9lkykK04jQX,52.53,53.06,53.61,52.00,50.00,51.58,50.00,,55.00,,50.00,,58.00,,55.00,55.00,,,,,,
Yes,CRCB-100-09,Carebeau Galaxy Hair Color Cream (100g) - G03 Green,Carebeau,Hair Dye,Carebeau Galaxy Hair Color Cream (100g),G03 Green,,,63.00,55.00,55.00,52.00,63.00,56.70,"สั่งซื้อรวม ในบิลเดียว 6 โหล
ลด 10% ท้ายบิล",10.00,3305.90.00,ครีมย้อมผม,0.10,1.940,18.5x19.8x20.2,18.50,19.80,20.20,0.007,12,"4,459","8,108",,,,https://www.carebeau-enjoy.com/menu-items/carebeau-galaxy-hair-color-cream,https://lh3.googleusercontent.com/d/13HewoZL4T7dzWQnnA3k8XRYSBH4NBjLI,52.53,53.06,53.61,52.00,50.00,51.58,50.00,,55.00,,50.00,,58.00,,55.00,55.00,,,,,,
Yes,CRCB-100-10,Carebeau Galaxy Hair Color Cream (100g) - G04 Orange,Carebeau,Hair Dye,Carebeau Galaxy Hair Color Cream (100g),G04 Orange,,,63.00,55.00,55.00,52.00,63.00,56.70,"สั่งซื้อรวม ในบิลเดียว 6 โหล
ลด 10% ท้ายบิล",10.00,3305.90.00,ครีมย้อมผม,0.10,1.940,18.5x19.8x20.2,18.50,19.80,20.20,0.007,12,"4,459","8,108",,,,https://www.carebeau-enjoy.com/menu-items/carebeau-galaxy-hair-color-cream,https://lh3.googleusercontent.com/d/13Dab0nw5cqc8yXBUOpy1icPSQsYj0BZF,52.53,53.06,53.61,52.00,50.00,51.58,50.00,,55.00,,50.00,,58.00,,55.00,55.00,,,,,,
Yes,CRCB-100-11,Carebeau Galaxy Hair Color Cream (100g) - G05 Pink,Carebeau,Hair Dye,Carebeau Galaxy Hair Color Cream (100g),G05 Pink,,,63.00,55.00,55.00,52.00,63.00,56.70,"สั่งซื้อรวม ในบิลเดียว 6 โหล
ลด 10% ท้ายบิล",10.00,3305.90.00,ครีมย้อมผม,0.10,1.940,18.5x19.8x20.2,18.50,19.80,20.20,0.007,12,"4,459","8,108",,,,https://www.carebeau-enjoy.com/menu-items/carebeau-galaxy-hair-color-cream,https://lh3.googleusercontent.com/d/13DVpfS1lSbInzz6BGHYxffEpVgiStHfl,52.53,53.06,53.61,52.00,50.00,51.58,50.00,,55.00,,50.00,,58.00,,55.00,55.00,,,,,,
Yes,CRCB-100-12,Carebeau Galaxy Hair Color Cream (100g) - G06 Red,Carebeau,Hair Dye,Carebeau Galaxy Hair Color Cream (100g),G06 Red,,,63.00,55.00,55.00,52.00,63.00,56.70,"สั่งซื้อรวม ในบิลเดียว 6 โหล
ลด 10% ท้ายบิล",10.00,3305.90.00,ครีมย้อมผม,0.10,1.940,18.5x19.8x20.2,18.50,19.80,20.20,0.007,12,"4,459","8,108",,,,https://www.carebeau-enjoy.com/menu-items/carebeau-galaxy-hair-color-cream,https://lh3.googleusercontent.com/d/13CPPQw9KD4KU8KC_H77ffDLK5K9JIk_D,52.53,53.06,53.61,52.00,50.00,51.58,50.00,,55.00,,50.00,,58.00,,55.00,55.00,,,,,,
Yes,CRCB-100-55,Carebeau Galaxy Hair Color Cream (100g) - G07 Ash Blue,Carebeau,Hair Dye,Carebeau Galaxy Hair Color Cream (100g),G07 Ash Blue,,,63.00,55.00,55.00,52.00,63.00,56.70,"สั่งซื้อรวม ในบิลเดียว 6 โหล
ลด 10% ท้ายบิล",10.00,3305.90.00,ครีมย้อมผม,0.10,1.940,18.5x19.8x20.2,18.50,19.80,20.20,0.007,12,"4,459","8,108",,,,https://www.carebeau-enjoy.com/menu-items/carebeau-galaxy-hair-color-cream,https://lh3.googleusercontent.com/d/137Ys-eGcf4sal1lDn6xmQtxRKJ1xqbPH,52.53,53.06,53.61,52.00,50.00,51.58,50.00,,55.00,,50.00,,58.00,,55.00,55.00,,,,,,
Yes,CRCB-100-56,Carebeau Keratin Hair Color Cream (100g) - N1,Carebeau,Hair Dye,Carebeau Keratin Hair Color Cream (100g),N1,,,63.00,55.00,55.00,52.00,63.00,56.70,"รายการ สั่งซื้อรวมกัน ให้ครบ
6 โหล ลดท้ายบิล 10%",10.00,3305.90.00,ครีมย้อมผม,0.10,3.250,17.5x25.3x19.7,17.50,25.30,19.70,0.009,12,"3,783","6,879",,,,https://www.carebeau-enjoy.com/menu-items/carebeau-keratin-hair-color-cream,https://lh3.googleusercontent.com/d/11rhkpx-S8CyjrGW0km8FFaezVv4mZOKI,52.53,53.06,53.61,55.00,55.00,55.00,55.00,,55.00,,55.00,,58.00,,55.00,55.00,,,,,,
Yes,CRCB-100-57,Carebeau Keratin Hair Color Cream (100g) - N2,Carebeau,Hair Dye,Carebeau Keratin Hair Color Cream (100g),N2,,,63.00,55.00,55.00,52.00,63.00,56.70,"รายการ สั่งซื้อรวมกัน ให้ครบ
6 โหล ลดท้ายบิล 10%",10.00,3305.90.00,ครีมย้อมผม,0.10,3.250,17.5x25.3x19.7,17.50,25.30,19.70,0.009,12,"3,783","6,879",,,,https://www.carebeau-enjoy.com/menu-items/carebeau-keratin-hair-color-cream,https://lh3.googleusercontent.com/d/1jWY8QUZUThd7y5ji96sCKMYl7XmopNFU,52.53,53.06,53.61,55.00,55.00,55.00,55.00,,55.00,,55.00,,58.00,,55.00,55.00,,,,,,
Yes,CRCB-100-58,Carebeau Keratin Hair Color Cream (100g) - N3,Carebeau,Hair Dye,Carebeau Keratin Hair Color Cream (100g),N3,,,63.00,55.00,55.00,52.00,63.00,56.70,"รายการ สั่งซื้อรวมกัน ให้ครบ
6 โหล ลดท้ายบิล 10%",10.00,3305.90.00,ครีมย้อมผม,0.10,3.250,17.5x25.3x19.7,17.50,25.30,19.70,0.009,12,"3,783","6,879",,,,https://www.carebeau-enjoy.com/menu-items/carebeau-keratin-hair-color-cream,https://lh3.googleusercontent.com/d/1xBCQiKRXss1yRR_X5GTBzawJWfgxL_2J,52.53,53.06,53.61,55.00,55.00,55.00,55.00,,55.00,,55.00,,58.00,,55.00,55.00,,,,,,
Yes,CRCB-100-59,Carebeau Keratin Hair Color Cream (100g) - N4,Carebeau,Hair Dye,Carebeau Keratin Hair Color Cream (100g),N4,,,63.00,55.00,55.00,52.00,63.00,56.70,"รายการ สั่งซื้อรวมกัน ให้ครบ
6 โหล ลดท้ายบิล 10%",10.00,3305.90.00,ครีมย้อมผม,0.10,3.250,17.5x25.3x19.7,17.50,25.30,19.70,0.009,12,"3,783","6,879",,,,https://www.carebeau-enjoy.com/menu-items/carebeau-keratin-hair-color-cream,https://lh3.googleusercontent.com/d/1iCtNa2DvqaziOSuJMicZ0PXbL3QuEmZC,52.53,53.06,53.61,55.00,55.00,55.00,55.00,,55.00,,55.00,,58.00,,55.00,55.00,,,,,,
Yes,CRCB-100-60,Carebeau Keratin Hair Color Cream (100g) - N5,Carebeau,Hair Dye,Carebeau Keratin Hair Color Cream (100g),N5,,,63.00,55.00,55.00,52.00,63.00,56.70,"รายการ สั่งซื้อรวมกัน ให้ครบ
6 โหล ลดท้ายบิล 10%",10.00,3305.90.00,ครีมย้อมผม,0.10,3.250,17.5x25.3x19.7,17.50,25.30,19.70,0.009,12,"3,783","6,879",,,,https://www.carebeau-enjoy.com/menu-items/carebeau-keratin-hair-color-cream,https://lh3.googleusercontent.com/d/1y0b5iO4Wbh-ha5xNN6k_o79n8uzmlh1v,52.53,53.06,53.61,55.00,55.00,55.00,55.00,,55.00,,55.00,,58.00,,55.00,55.00,,,,,,
Yes,CRCB-100-61,Carebeau Keratin Hair Color Cream (100g) - N6,Carebeau,Hair Dye,Carebeau Keratin Hair Color Cream (100g),N6,,,63.00,55.00,55.00,52.00,63.00,56.70,"รายการ สั่งซื้อรวมกัน ให้ครบ
6 โหล ลดท้ายบิล 10%",10.00,3305.90.00,ครีมย้อมผม,0.10,3.250,17.5x25.3x19.7,17.50,25.30,19.70,0.009,12,"3,783","6,879",,,,https://www.carebeau-enjoy.com/menu-items/carebeau-keratin-hair-color-cream,https://lh3.googleusercontent.com/d/1eL1VosmoKKvNUYVitvq1JEOs3m3vB57H,52.53,53.06,53.61,55.00,55.00,55.00,55.00,,55.00,,55.00,,58.00,,55.00,55.00,,,,,,
Yes,CRCB-100-62,Carebeau Keratin Hair Color Cream (100g) - N7,Carebeau,Hair Dye,Carebeau Keratin Hair Color Cream (100g),N7,,,63.00,55.00,55.00,52.00,63.00,56.70,"รายการ สั่งซื้อรวมกัน ให้ครบ
6 โหล ลดท้ายบิล 10%",10.00,3305.90.00,ครีมย้อมผม,0.10,3.250,17.5x25.3x19.7,17.50,25.30,19.70,0.009,12,"3,783","6,879",,,,https://www.carebeau-enjoy.com/menu-items/carebeau-keratin-hair-color-cream,https://lh3.googleusercontent.com/d/1S2mjRw-03UYUGC-9DB3yMENFzV_Iu2g2,52.53,53.06,53.61,55.00,55.00,55.00,55.00,,55.00,,55.00,,58.00,,55.00,55.00,,,,,,
Yes,CRCB-100-63,Carebeau Keratin Hair Color Cream (100g) - K1,Carebeau,Hair Dye,Carebeau Keratin Hair Color Cream (100g),K1,,,63.00,55.00,55.00,52.00,63.00,56.70,"รายการ สั่งซื้อรวมกัน ให้ครบ
6 โหล ลดท้ายบิล 10%",10.00,3305.90.00,ครีมย้อมผม,0.10,3.250,17.5x25.3x19.7,17.50,25.30,19.70,0.009,12,"3,783","6,879",,,,https://www.carebeau-enjoy.com/menu-items/carebeau-keratin-hair-color-cream,https://lh3.googleusercontent.com/d/1UN3klYa7qfoWBD9Ya1rVtesfdfPn_eYS,52.53,53.06,53.61,55.00,55.00,55.00,55.00,,55.00,,55.00,,58.00,,55.00,55.00,,,,,,
Yes,CRCB-100-64,Carebeau Keratin Hair Color Cream (100g) - K2,Carebeau,Hair Dye,Carebeau Keratin Hair Color Cream (100g),K2,,,63.00,55.00,55.00,52.00,63.00,56.70,"รายการ สั่งซื้อรวมกัน ให้ครบ
6 โหล ลดท้ายบิล 10%",10.00,3305.90.00,ครีมย้อมผม,0.10,3.250,17.5x25.3x19.7,17.50,25.30,19.70,0.009,12,"3,783","6,879",,,,https://www.carebeau-enjoy.com/menu-items/carebeau-keratin-hair-color-cream,https://lh3.googleusercontent.com/d/19GmkM5nJJ0ZEyQNa4Num4bcz-PpO__xU,52.53,53.06,53.61,55.00,55.00,55.00,55.00,,55.00,,55.00,,58.00,,55.00,55.00,,,,,,
Yes,CRCB-100-65,Carebeau Keratin Hair Color Cream (100g) - K3,Carebeau,Hair Dye,Carebeau Keratin Hair Color Cream (100g),K3,,,63.00,55.00,55.00,52.00,63.00,56.70,"รายการ สั่งซื้อรวมกัน ให้ครบ
6 โหล ลดท้ายบิล 10%",10.00,3305.90.00,ครีมย้อมผม,0.10,3.250,17.5x25.3x19.7,17.50,25.30,19.70,0.009,12,"3,783","6,879",,,,https://www.carebeau-enjoy.com/menu-items/carebeau-keratin-hair-color-cream,https://lh3.googleusercontent.com/d/1xF49WzIEFgkXhGHl_7zNnXYq6kOqPiu-,52.53,53.06,53.61,55.00,55.00,55.00,55.00,,55.00,,55.00,,58.00,,55.00,55.00,,,,,,
Yes,CRCB-100-66,Carebeau Keratin Hair Color Cream (100g) - K4,Carebeau,Hair Dye,Carebeau Keratin Hair Color Cream (100g),K4,,,63.00,55.00,55.00,52.00,63.00,56.70,"รายการ สั่งซื้อรวมกัน ให้ครบ
6 โหล ลดท้ายบิล 10%",10.00,3305.90.00,ครีมย้อมผม,0.10,3.250,17.5x25.3x19.7,17.50,25.30,19.70,0.009,12,"3,783","6,879",,,,https://www.carebeau-enjoy.com/menu-items/carebeau-keratin-hair-color-cream,https://lh3.googleusercontent.com/d/1tSgmoo11kVMqxKk8jbcU4Nix7sd9yBH1,52.53,53.06,53.61,55.00,55.00,55.00,55.00,,55.00,,55.00,,58.00,,55.00,55.00,,,,,,
Yes,CRCB-100-67,Carebeau Keratin Hair Color Cream (100g) - K5,Carebeau,Hair Dye,Carebeau Keratin Hair Color Cream (100g),K5,,,63.00,55.00,55.00,52.00,63.00,56.70,"รายการ สั่งซื้อรวมกัน ให้ครบ
6 โหล ลดท้ายบิล 10%",10.00,3305.90.00,ครีมย้อมผม,0.10,3.250,17.5x25.3x19.7,17.50,25.30,19.70,0.009,12,"3,783","6,879",,,,https://www.carebeau-enjoy.com/menu-items/carebeau-keratin-hair-color-cream,https://lh3.googleusercontent.com/d/16tJkRydUbdx7zoop_LH1wE_xjrosIGN5,52.53,53.06,53.61,55.00,55.00,55.00,55.00,,55.00,,55.00,,58.00,,55.00,55.00,,,,,,
Yes,CRCB-100-68,Carebeau Keratin Hair Color Cream (100g) - K6,Carebeau,Hair Dye,Carebeau Keratin Hair Color Cream (100g),K6,,,63.00,55.00,55.00,52.00,63.00,56.70,"รายการ สั่งซื้อรวมกัน ให้ครบ
6 โหล ลดท้ายบิล 10%",10.00,3305.90.00,ครีมย้อมผม,0.10,3.250,17.5x25.3x19.7,17.50,25.30,19.70,0.009,12,"3,783","6,879",,,,https://www.carebeau-enjoy.com/menu-items/carebeau-keratin-hair-color-cream,https://lh3.googleusercontent.com/d/1t5y_CXADHJjRpLnU4R53sZbr3oL8riDj,52.53,53.06,53.61,55.00,55.00,55.00,55.00,,55.00,,55.00,,58.00,,55.00,55.00,,,,,,
Yes,CRCB-100-69,Carebeau Keratin Hair Color Cream (100g) - K7,Carebeau,Hair Dye,Carebeau Keratin Hair Color Cream (100g),K7,,,63.00,55.00,55.00,52.00,63.00,56.70,"รายการ สั่งซื้อรวมกัน ให้ครบ
6 โหล ลดท้ายบิล 10%",10.00,3305.90.00,ครีมย้อมผม,0.10,3.250,17.5x25.3x19.7,17.50,25.30,19.70,0.009,12,"3,783","6,879",,,,https://www.carebeau-enjoy.com/menu-items/carebeau-keratin-hair-color-cream,https://lh3.googleusercontent.com/d/1PirEVoGMb5vm6KIXmjPhfagyhmMEPaA2,52.53,53.06,53.61,55.00,55.00,55.00,55.00,,55.00,,55.00,,58.00,,55.00,55.00,,,,,,
Yes,CRCB-100-70,Carebeau Keratin Hair Color Cream (100g) - K8,Carebeau,Hair Dye,Carebeau Keratin Hair Color Cream (100g),K8,,,63.00,55.00,55.00,52.00,63.00,56.70,"รายการ สั่งซื้อรวมกัน ให้ครบ
6 โหล ลดท้ายบิล 10%",10.00,3305.90.00,ครีมย้อมผม,0.10,3.250,17.5x25.3x19.7,17.50,25.30,19.70,0.009,12,"3,783","6,879",,,,https://www.carebeau-enjoy.com/menu-items/carebeau-keratin-hair-color-cream,https://lh3.googleusercontent.com/d/1c84P8kCvzWrbFVrQ9sHYlVXxW3It2qUy,52.53,53.06,53.61,55.00,55.00,55.00,55.00,,55.00,,55.00,,58.00,,55.00,55.00,,,,,,
Yes,CRCB-100-71,Carebeau Keratin Hair Color Cream (100g) - K9,Carebeau,Hair Dye,Carebeau Keratin Hair Color Cream (100g),K9,,,63.00,55.00,55.00,52.00,63.00,56.70,"รายการ สั่งซื้อรวมกัน ให้ครบ
6 โหล ลดท้ายบิล 10%",10.00,3305.90.00,ครีมย้อมผม,0.10,3.250,17.5x25.3x19.7,17.50,25.30,19.70,0.009,12,"3,783","6,879",,,,https://www.carebeau-enjoy.com/menu-items/carebeau-keratin-hair-color-cream,https://lh3.googleusercontent.com/d/1olkrduf2oDKgu39FNTFA7yVJF_OhAoXX,52.53,53.06,53.61,55.00,55.00,55.00,55.00,,55.00,,55.00,,58.00,,55.00,55.00,,,,,,
Yes,CRCB-100-72,Carebeau Keratin Hair Color Cream (100g) - K10,Carebeau,Hair Dye,Carebeau Keratin Hair Color Cream (100g),K10,,,63.00,55.00,55.00,52.00,63.00,56.70,"รายการ สั่งซื้อรวมกัน ให้ครบ
6 โหล ลดท้ายบิล 10%",10.00,3305.90.00,ครีมย้อมผม,0.10,3.250,17.5x25.3x19.7,17.50,25.30,19.70,0.009,12,"3,783","6,879",,,,https://www.carebeau-enjoy.com/menu-items/carebeau-keratin-hair-color-cream,https://lh3.googleusercontent.com/d/1rwb6oP39QGGyk-apkCyvVfELMdhoyA9O,52.53,53.06,53.61,55.00,55.00,55.00,55.00,,55.00,,55.00,,58.00,,55.00,55.00,,,,,,
Yes,CRCB-100-74,Carebeau Keratin Hair Color Cream (100g) - K12,Carebeau,Hair Dye,Carebeau Keratin Hair Color Cream (100g),K12,,,63.00,55.00,55.00,52.00,63.00,56.70,"รายการ สั่งซื้อรวมกัน ให้ครบ
6 โหล ลดท้ายบิล 10%",10.00,3305.90.00,ครีมย้อมผม,0.10,3.250,17.5x25.3x19.7,17.50,25.30,19.70,0.009,12,"3,783","6,879",,,,https://www.carebeau-enjoy.com/menu-items/carebeau-keratin-hair-color-cream,https://lh3.googleusercontent.com/d/17GbNAkv8DX4Cl7YQOcIyu3fIb6xtSN7b,52.53,53.06,53.61,55.00,55.00,55.00,55.00,,55.00,,55.00,,58.00,,55.00,55.00,,,,,,
Yes,CRCB-100-75,Carebeau Keratin Hair Color Cream (100g) - K13,Carebeau,Hair Dye,Carebeau Keratin Hair Color Cream (100g),K13,,,63.00,55.00,55.00,52.00,63.00,56.70,"รายการ สั่งซื้อรวมกัน ให้ครบ
6 โหล ลดท้ายบิล 10%",10.00,3305.90.00,ครีมย้อมผม,0.10,3.250,17.5x25.3x19.7,17.50,25.30,19.70,0.009,12,"3,783","6,879",,,,https://www.carebeau-enjoy.com/menu-items/carebeau-keratin-hair-color-cream,https://lh3.googleusercontent.com/d/1yokGOhRMJdfrNRneJlUGb1HQ0XKtd7cb,52.53,53.06,53.61,55.00,55.00,55.00,55.00,,55.00,,55.00,,58.00,,55.00,55.00,,,,,,
Yes,CRCB-100-77,Carebeau Keratin Hair Color Cream (100g) - K15,Carebeau,Hair Dye,Carebeau Keratin Hair Color Cream (100g),K15,,,63.00,55.00,55.00,52.00,63.00,56.70,"รายการ สั่งซื้อรวมกัน ให้ครบ
6 โหล ลดท้ายบิล 10%",10.00,3305.90.00,ครีมย้อมผม,0.10,3.250,17.5x25.3x19.7,17.50,25.30,19.70,0.009,12,"3,783","6,879",,,,https://www.carebeau-enjoy.com/menu-items/carebeau-keratin-hair-color-cream,https://lh3.googleusercontent.com/d/1V9q5lloh90oNAEjQqv7SmMuiM9hCvk5X,52.53,53.06,53.61,55.00,55.00,55.00,55.00,,55.00,,55.00,,58.00,,55.00,55.00,,,,,,
Yes,CRCB-100-73,Carebeau Keratin Hair Color Cream (100g) - Special Color - K11,Carebeau,Hair Dye,Carebeau Keratin Hair Color Cream (100g) - Special Color,K11,,,70.00,63.00,63.00,57.00,70.00,63.00,"รายการ สั่งซื้อรวมกัน ให้ครบ
6 โหล ลดท้ายบิล 10%",10.00,3305.90.00,ครีมย้อมผม,0.10,3.250,17.5x25.3x19.7,17.50,25.30,19.70,0.009,12,"3,783","6,879",,,,https://www.carebeau-enjoy.com/menu-items/carebeau-keratin-hair-color-cream,https://lh3.googleusercontent.com/d/1eslKdtZgO3_5LuATdNrhcNRE66jfo2kd,57.58,58.16,58.76,63.00,63.00,63.00,63.00,,63.00,,63.00,,67.00,,63.00,63.00,,,,,,
Yes,CRCB-100-76,Carebeau Keratin Hair Color Cream (100g) - Special Color - K14,Carebeau,Hair Dye,Carebeau Keratin Hair Color Cream (100g) - Special Color,K14,,,70.00,63.00,63.00,57.00,70.00,63.00,"รายการ สั่งซื้อรวมกัน ให้ครบ
6 โหล ลดท้ายบิล 10%",10.00,3305.90.00,ครีมย้อมผม,0.10,3.250,17.5x25.3x19.7,17.50,25.30,19.70,0.009,12,"3,783","6,879",,,,https://www.carebeau-enjoy.com/menu-items/carebeau-keratin-hair-color-cream,https://lh3.googleusercontent.com/d/1sD7dLuoR_VcpJ90fPkv3UUuZc6hI5NA,57.58,58.16,58.76,63.00,63.00,63.00,63.00,,63.00,,63.00,,67.00,,63.00,63.00,,,,,,
No,,Carebeau Developer Cream (100g) - 6% Concentrate,Carebeau,Hair Bleaching,Carebeau Developer Cream (100g),6% Concentrate,,,,12.60,,12.60,,,,,3305.90.00,ครีมย้อมผม,0.10,1.492,13.3x17x15.9,13.30,17.00,15.90,0.004,12,"9,179","16,689",,,,,https://lh3.googleusercontent.com/d/,x,x,x,12.60,12.60,11.30,12.60,,12.60,,12.60,,14.00,,,12.60,,,,,,
No,,Carebeau Developer Cream (100g) - 9% Concentrate,Carebeau,Hair Bleaching,Carebeau Developer Cream (100g),9% Concentrate,,,,12.60,,12.60,,,,,3305.90.00,ครีมย้อมผม,0.10,1.492,13.3x17x15.9,13.30,17.00,15.90,0.004,12,"9,179","16,689",,,,,https://lh3.googleusercontent.com/d/,x,x,x,12.60,12.60,11.30,12.60,,12.60,,12.60,,14.00,,,12.60,,,,,,
No,,Carebeau Shampoo + Conditioner  (360g) - (2 pcs) - Bergamot,Carebeau,Hair Shampoo,Carebeau Shampoo + Conditioner  (360g) - (2 pcs),Bergamot,,,,50.00,,50.00,,,,,3305.90.00,"แชมพู, ครีมนวดผม",0.36,9.970,24.3x35.5x21,24.30,35.50,21.00,0.018,12,"1,821","2,607",,,,,https://lh3.googleusercontent.com/d/,x,x,x,50.00,,,50.00,,50.00,,,,53.00,,,50.00,,,,,,
No,,Carebeau Shampoo + Conditioner  (360g) - (2 pcs) - Yoghurt,Carebeau,Hair Shampoo,Carebeau Shampoo + Conditioner  (360g) - (2 pcs),Yoghurt,,,,50.00,,50.00,,,,,3305.90.00,"แชมพู, ครีมนวดผม",0.36,9.970,24.3x35.5x21,24.30,35.50,21.00,0.018,12,"1,821","2,607",,,,,https://lh3.googleusercontent.com/d/,x,x,x,50.00,,,50.00,,50.00,,,,53.00,,,50.00,,,,,,
Yes,SPCB-1000-04,Carebeau Shampoo (1000g) - Bergamot,Carebeau,Hair Shampoo,Carebeau Shampoo (1000g),Bergamot,31,,37.08,39.92,37.00,35.00,37.08,34.86,"1.ซื้อรวม 1 โหลขึ้นไป ราคา NET
2.ซื้อรวม 12 โหล ลดท้ายบิล 4%
3.ซื้อรวม 24 โหล ลดท้ายบิล 6%",6.00,3305.90.00,แชมพู,1.00,13.770,31.5x40.3x23.8,31.50,40.30,23.80,0.030,12,"1,092","1,888",,,,https://www.carebeau-enjoy.com/menu-items/carebeau-shampoo,https://lh3.googleusercontent.com/d/16tRrG4Vs1GrbPo0MMiNxvATfF2wY98zT,35.35,35.71,36.08,37.00,36.50,33.84,33.30,,39.92,,36.50,,42.00,,37.00,37.00,37.00,,,,,
Yes,SPCB-1000-05,Carebeau Shampoo (1000g) - Yoghurt,Carebeau,Hair Shampoo,Carebeau Shampoo (1000g),Yoghurt,30,,37.08,39.92,37.00,35.00,37.08,34.86,"1.ซื้อรวม 1 โหลขึ้นไป ราคา NET
2.ซื้อรวม 12 โหล ลดท้ายบิล 4%
3.ซื้อรวม 24 โหล ลดท้ายบิล 6%",6.00,3305.90.00,แชมพู,1.00,13.770,31.5x40.3x23.8,31.50,40.30,23.80,0.030,12,"1,092","1,888",,,,https://www.carebeau-enjoy.com/menu-items/carebeau-shampoo,https://lh3.googleusercontent.com/d/18Z5jSeE1MWzdx2rDJb5RU08sJqW_eAD8,35.35,35.71,36.08,37.00,36.50,33.84,33.30,,39.92,,36.50,,42.00,,37.00,37.00,37.00,,,,,
Yes,SPCB-1000-02,Carebeau Shampoo (1000g) - Cantaloupe,Carebeau,Hair Shampoo,Carebeau Shampoo (1000g),Cantaloupe,,,37.08,39.92,37.00,35.00,37.08,34.86,"1.ซื้อรวม 1 โหลขึ้นไป ราคา NET
2.ซื้อรวม 12 โหล ลดท้ายบิล 4%
3.ซื้อรวม 24 โหล ลดท้ายบิล 6%",6.00,3305.90.00,แชมพู,1.00,13.770,31.5x40.3x23.8,31.50,40.30,23.80,0.030,12,"1,092","1,888",,,,https://www.carebeau-enjoy.com/menu-items/carebeau-shampoo,https://lh3.googleusercontent.com/d/19XDWIKJ4eheBF6-tAt6d4xxZZhcA9tWW,35.35,35.71,36.08,37.00,36.50,33.84,33.30,,39.92,,36.50,,42.00,,37.00,37.00,37.00,,,,,
Yes,SPCB-1000-09,Carebeau Shampoo (1000g) - Butterfly Pea,Carebeau,Hair Shampoo,Carebeau Shampoo (1000g),Butterfly Pea,28,,37.08,39.92,37.00,35.00,37.08,34.86,"1.ซื้อรวม 1 โหลขึ้นไป ราคา NET
2.ซื้อรวม 12 โหล ลดท้ายบิล 4%
3.ซื้อรวม 24 โหล ลดท้ายบิล 6%",6.00,3305.90.00,แชมพู,1.00,13.770,31.5x40.3x23.8,31.50,40.30,23.80,0.030,12,"1,092","1,888",,,,https://www.carebeau-enjoy.com/menu-items/carebeau-shampoo,https://lh3.googleusercontent.com/d/19ZcM6dNThx0B9n6s3Ji6kKVV8ljhXoYr,35.35,35.71,36.08,37.00,36.50,33.84,33.30,,39.92,,36.50,,42.00,,37.00,37.00,37.00,,,,,
Yes,SPCB-1000-01,Carebeau Shampoo (1000g) - Banana,Carebeau,Hair Shampoo,Carebeau Shampoo (1000g),Banana,27,,37.08,39.92,37.00,35.00,37.08,34.86,"1.ซื้อรวม 1 โหลขึ้นไป ราคา NET
2.ซื้อรวม 12 โหล ลดท้ายบิล 4%
3.ซื้อรวม 24 โหล ลดท้ายบิล 6%",6.00,3305.90.00,แชมพู,1.00,13.770,31.5x40.3x23.8,31.50,40.30,23.80,0.030,12,"1,092","1,888",,,,https://www.carebeau-enjoy.com/menu-items/carebeau-shampoo,https://lh3.googleusercontent.com/d/16y8ct_djQxxSJWInIUVxl7404AKy2sIm,35.35,35.71,36.08,37.00,36.50,33.84,33.30,,39.92,,36.50,,42.00,,37.00,37.00,37.00,,,,,
Yes,SPCB-1000-03,Carebeau Shampoo (1000g) - Rice Milk,Carebeau,Hair Shampoo,Carebeau Shampoo (1000g),Rice Milk,,,37.08,39.92,37.00,35.00,37.08,34.86,"1.ซื้อรวม 1 โหลขึ้นไป ราคา NET
2.ซื้อรวม 12 โหล ลดท้ายบิล 4%
3.ซื้อรวม 24 โหล ลดท้ายบิล 6%",6.00,3305.90.00,แชมพู,1.00,13.770,31.5x40.3x23.8,31.50,40.30,23.80,0.030,12,"1,092","1,888",,,,https://www.carebeau-enjoy.com/menu-items/carebeau-shampoo,https://lh3.googleusercontent.com/d/18jkv263I2Zjgn7eUQnLIt6YCvN4oAQIf,35.35,35.71,36.08,37.00,36.50,33.84,33.30,,39.92,,36.50,,42.00,,37.00,37.00,37.00,,,,,
Yes,SPCB-1000-16,Carebeau Shampoo (1000g) - Cooling,Carebeau,Hair Shampoo,Carebeau Shampoo (1000g),Cooling,34,,40.08,39.92,37.00,35.00,40.08,36.87,"1.ซื้อ 2 โหล ลดท้ายบิล 6%
2.ซื้อ 4 โหล ลดท้ายบิล 8%",8.00,3305.90.00,แชมพู,1.00,13.770,31.5x40.3x23.8,31.50,40.30,23.80,0.030,12,"1,092","1,888",,,,https://www.carebeau-enjoy.com/menu-items/carebeau-shampoo,https://lh3.googleusercontent.com/d/18wdoXw0thIrUUIzzUPKNGZWligbehO0P,35.35,35.71,36.08,37.00,36.50,33.84,33.30,,39.92,,36.50,,42.00,,37.00,37.00,37.00,,,,,
Yes,SPCB-3000-09,Carebeau Shampoo (3000g) - Bergamot,Carebeau,Hair Shampoo,Carebeau Shampoo (3000g),Bergamot,,,111.00,110.00,103.00,99.00,111.00,98.79,"1.ซื้อ 6 แกลอน ราคา NET
2.ซื้อ 18 แกลอน ลดท้ายบิล 11%
(ราคา สูตรเย็นจะไม่เท่ากันกับ ราคาแชมพูสูตรเดิมแต่สามารถ ซื้อรวมใต้)",8.00,3305.90.00,แชมพู,3.00,19.220,30x33.4x33.5,30.00,33.40,33.50,0.034,6,983,"1,352",,,,https://www.carebeau-enjoy.com/menu-items/carebeau-shampoo,https://lh3.googleusercontent.com/d/19dreAGMELzcMParCYwSnyjpxHKCAGR-w,100.00,101.02,102.06,103.00,85.00,96.42,102.50,,102.00,,102.50,97.50,116.00,,103.00,103.00,,,,,,
Yes,SPCB-3000-05,Carebeau Shampoo (3000g) - Yoghurt,Carebeau,Hair Shampoo,Carebeau Shampoo (3000g),Yoghurt,,,111.00,110.00,103.00,99.00,111.00,98.79,"1.ซื้อ 6 แกลอน ราคา NET
2.ซื้อ 18 แกลอน ลดท้ายบิล 11%
(ราคา สูตรเย็นจะไม่เท่ากันกับ ราคาแชมพูสูตรเดิมแต่สามารถ ซื้อรวมใต้)",8.00,3305.90.00,แชมพู,3.00,19.220,30x33.4x33.5,30.00,33.40,33.50,0.034,6,983,"1,352",,,,https://www.carebeau-enjoy.com/menu-items/carebeau-shampoo,https://lh3.googleusercontent.com/d/18ZutcWFYBDcJXMjZAbq-T3l1zGDPQqt2,100.00,101.02,102.06,103.00,85.00,96.42,102.50,,102.00,,102.50,97.50,116.00,,103.00,103.00,,,,,,
Yes,SPCB-3000-02,Carebeau Shampoo (3000g) - Cantaloupe,Carebeau,Hair Shampoo,Carebeau Shampoo (3000g),Cantaloupe,,,111.00,110.00,103.00,99.00,111.00,98.79,"1.ซื้อ 6 แกลอน ราคา NET
2.ซื้อ 18 แกลอน ลดท้ายบิล 11%
(ราคา สูตรเย็นจะไม่เท่ากันกับ ราคาแชมพูสูตรเดิมแต่สามารถ ซื้อรวมใต้)",8.00,3305.90.00,แชมพู,3.00,19.220,30x33.4x33.5,30.00,33.40,33.50,0.034,6,983,"1,352",,,,https://www.carebeau-enjoy.com/menu-items/carebeau-shampoo,https://lh3.googleusercontent.com/d/19Pf2wgRuZB1fCPIsl3u-WRC6h00rpi-F,100.00,101.02,102.06,103.00,85.00,96.42,102.50,,102.00,,102.50,97.50,116.00,,103.00,103.00,,,,,,
Yes,SPCB-3000-09,Carebeau Shampoo (3000g) - Butterfly Pea,Carebeau,Hair Shampoo,Carebeau Shampoo (3000g),Butterfly Pea,,,111.00,110.00,103.00,99.00,111.00,98.79,"1.ซื้อ 6 แกลอน ราคา NET
2.ซื้อ 18 แกลอน ลดท้ายบิล 11%
(ราคา สูตรเย็นจะไม่เท่ากันกับ ราคาแชมพูสูตรเดิมแต่สามารถ ซื้อรวมใต้)",8.00,3305.90.00,แชมพู,3.00,19.220,30x33.4x33.5,30.00,33.40,33.50,0.034,6,983,"1,352",,,,https://www.carebeau-enjoy.com/menu-items/carebeau-shampoo,https://lh3.googleusercontent.com/d/19X_25xlJo10yDEVN2Ui6rf1RgS3id7NO,100.00,101.02,102.06,103.00,85.00,96.42,102.50,,102.00,,102.50,97.50,116.00,,103.00,103.00,,,,,,
Yes,SPCB-3000-01,Carebeau Shampoo (3000g) - Banana,Carebeau,Hair Shampoo,Carebeau Shampoo (3000g),Banana,,,111.00,110.00,103.00,99.00,111.00,98.79,"1.ซื้อ 6 แกลอน ราคา NET
2.ซื้อ 18 แกลอน ลดท้ายบิล 11%
(ราคา สูตรเย็นจะไม่เท่ากันกับ ราคาแชมพูสูตรเดิมแต่สามารถ ซื้อรวมใต้)",8.00,3305.90.00,แชมพู,3.00,19.220,30x33.4x33.5,30.00,33.40,33.50,0.034,6,983,"1,352",,,,https://www.carebeau-enjoy.com/menu-items/carebeau-shampoo,https://lh3.googleusercontent.com/d/16wlz34W5TWHz8oFj0KOErNhCx86Bv6TU,100.00,101.02,102.06,103.00,85.00,96.42,102.50,,102.00,,102.50,97.50,116.00,,103.00,103.00,,,,,,
Yes,SPCB-3000-03,Carebeau Shampoo (3000g) - Rice Milk,Carebeau,Hair Shampoo,Carebeau Shampoo (3000g),Rice Milk,,,111.00,110.00,103.00,99.00,111.00,98.79,"1.ซื้อ 6 แกลอน ราคา NET
2.ซื้อ 18 แกลอน ลดท้ายบิล 11%
(ราคา สูตรเย็นจะไม่เท่ากันกับ ราคาแชมพูสูตรเดิมแต่สามารถ ซื้อรวมใต้)",8.00,3305.90.00,แชมพู,3.00,19.220,30x33.4x33.5,30.00,33.40,33.50,0.034,6,983,"1,352",,,,https://www.carebeau-enjoy.com/menu-items/carebeau-shampoo,https://lh3.googleusercontent.com/d/18cLq1Qv57wVlUyMpaLyIdOuoqLSSSPgn,100.00,101.02,102.06,103.00,85.00,96.42,102.50,,102.00,,102.50,97.50,116.00,,103.00,103.00,,,,,,
Yes,SPCB-3000-12,Carebeau Shampoo (3000g) - Cooling,Carebeau,Hair Shampoo,Carebeau Shampoo (3000g),Cooling,,,120.00,110.00,103.00,102.00,120.00,106.80,"1.ซื้อ 6 แกลอน ราคา NET
2.ซื้อ 18 แกลอน ลดท้ายบิล 11%
(ราคา สูตรเย็นจะไม่เท่ากันกับ ราคาแชมพูสูตรเดิมแต่สามารถ ซื้อรวมใต้)",8.00,3305.90.00,แชมพู,3.00,19.220,30x33.4x33.5,30.00,33.40,33.50,0.034,6,983,"1,352",,,,https://www.carebeau-enjoy.com/menu-items/carebeau-shampoo,https://lh3.googleusercontent.com/d/18pZhyRru8KYVSDVE9AAay6RCg6f0J6pQ,103.03,104.08,105.15,103.00,85.00,96.42,102.50,,102.00,,102.50,97.50,116.00,,103.00,103.00,,,,,,
Yes,CDCB-1000-04,Carebeau Conditioner (1000ml) - Bergamot,Carebeau,Hair Conditioner,Carebeau Conditioner (1000ml),Bergamot,,,42.50,46.50,43.00,40.00,42.50,39.95,"1.ชื่อ 1 โหลขึ้นไป ราคา NET
2.ชื้อ 12 โหล ลดท้ายบิล 5%
3.ซื้อ 24 โหล ลดท้ายบิล 6%",6.00,3305.90.00,ครีมนวดผม,1.00,13.770,31.5x40.3x23.8,31.50,40.30,23.80,0.030,12,"1,092","1,888",,,,https://www.carebeau-enjoy.com/menu-items/carebeau-conditioner,https://lh3.googleusercontent.com/d/12glTFcFlW_tZCM3Kch3ZHhgwvG50Xca0,40.40,40.82,41.24,43.00,42.50,39.54,38.70,,46.50,,42.50,,49.00,,43.00,43.00,,,,,,
Yes,CDCB-1000-05,Carebeau Conditioner (1000ml) - Yoghurt,Carebeau,Hair Conditioner,Carebeau Conditioner (1000ml),Yoghurt,,,42.50,46.50,43.00,40.00,42.50,39.95,"1.ชื่อ 1 โหลขึ้นไป ราคา NET
2.ชื้อ 12 โหล ลดท้ายบิล 5%
3.ซื้อ 24 โหล ลดท้ายบิล 6%",6.00,3305.90.00,ครีมนวดผม,1.00,13.770,31.5x40.3x23.8,31.50,40.30,23.80,0.030,12,"1,092","1,888",,,,https://www.carebeau-enjoy.com/menu-items/carebeau-conditioner,https://lh3.googleusercontent.com/d/12F2sJvkFAlRvzYgEpRDgZW0wDAdWeNOw,40.40,40.82,41.24,43.00,42.50,39.54,38.70,,46.50,,42.50,,49.00,,43.00,43.00,,,,,,
Yes,CDCB-1000-02,Carebeau Conditioner (1000ml) - Cantaloupe,Carebeau,Hair Conditioner,Carebeau Conditioner (1000ml),Cantaloupe,,,42.50,46.50,43.00,40.00,42.50,39.95,"1.ชื่อ 1 โหลขึ้นไป ราคา NET
2.ชื้อ 12 โหล ลดท้ายบิล 5%
3.ซื้อ 24 โหล ลดท้ายบิล 6%",6.00,3305.90.00,ครีมนวดผม,1.00,13.770,31.5x40.3x23.8,31.50,40.30,23.80,0.030,12,"1,092","1,888",,,,https://www.carebeau-enjoy.com/menu-items/carebeau-conditioner,https://lh3.googleusercontent.com/d/12grcvt7we040ANRdggKjVycck0sbPlOo,40.40,40.82,41.24,43.00,42.50,39.54,38.70,,46.50,,42.50,,49.00,,43.00,43.00,,,,,,
Yes,CDCB-1000-08,Carebeau Conditioner (1000ml) - Butterfly Pea,Carebeau,Hair Conditioner,Carebeau Conditioner (1000ml),Butterfly Pea,,,42.50,46.50,43.00,40.00,42.50,39.95,"1.ชื่อ 1 โหลขึ้นไป ราคา NET
2.ชื้อ 12 โหล ลดท้ายบิล 5%
3.ซื้อ 24 โหล ลดท้ายบิล 6%",6.00,3305.90.00,ครีมนวดผม,1.00,13.770,31.5x40.3x23.8,31.50,40.30,23.80,0.030,12,"1,092","1,888",,,,https://www.carebeau-enjoy.com/menu-items/carebeau-conditioner,https://lh3.googleusercontent.com/d/12croqcPfYVbmGPpxytMzjexZrWmy5J2J,40.40,40.82,41.24,43.00,42.50,39.54,38.70,,46.50,,42.50,,49.00,,43.00,43.00,,,,,,
Yes,CDCB-1000-01,Carebeau Conditioner (1000ml) - Banana,Carebeau,Hair Conditioner,Carebeau Conditioner (1000ml),Banana,,,42.50,46.50,43.00,40.00,42.50,39.95,"1.ชื่อ 1 โหลขึ้นไป ราคา NET
2.ชื้อ 12 โหล ลดท้ายบิล 5%
3.ซื้อ 24 โหล ลดท้ายบิล 6%",6.00,3305.90.00,ครีมนวดผม,1.00,13.770,31.5x40.3x23.8,31.50,40.30,23.80,0.030,12,"1,092","1,888",,,,https://www.carebeau-enjoy.com/menu-items/carebeau-conditioner,https://lh3.googleusercontent.com/d/12hxbAw-GGZ8K3xmdtdj3K0DMcGyb5-ZU,40.40,40.82,41.24,43.00,42.50,39.54,38.70,,46.50,,42.50,,49.00,,43.00,43.00,,,,,,
Yes,CDCB-1000-03,Carebeau Conditioner (1000ml) - Rice Milk,Carebeau,Hair Conditioner,Carebeau Conditioner (1000ml),Rice Milk,,,42.50,46.50,43.00,40.00,42.50,39.95,"1.ชื่อ 1 โหลขึ้นไป ราคา NET
2.ชื้อ 12 โหล ลดท้ายบิล 5%
3.ซื้อ 24 โหล ลดท้ายบิล 6%",6.00,3305.90.00,ครีมนวดผม,1.00,13.770,31.5x40.3x23.8,31.50,40.30,23.80,0.030,12,"1,092","1,888",,,,https://www.carebeau-enjoy.com/menu-items/carebeau-conditioner,https://lh3.googleusercontent.com/d/12Gs7WixLICT60GSmudKtVrLDwfZmPbvk,40.40,40.82,41.24,43.00,42.50,39.54,38.70,,46.50,,42.50,,49.00,,43.00,43.00,,,,,,
Yes,CDCB-3000-04,Carebeau Conditioner (3000ml) - Bergamot,Carebeau,Hair Conditioner,Carebeau Conditioner (3000ml),Bergamot,67,,138.00,127.00,120.00,119.00,138.00,122.82,"1.ซื้อ 6 แกลลอน ราคา NET.
2.ซื้อ 18 แกลลอน ลดท้ายบิล 11%",6.00,3305.90.00,ครีมนวดผม,3.00,19.220,30x33.4x33.5,30.00,33.40,33.50,0.034,6,983,"1,352",,,,https://www.carebeau-enjoy.com/menu-items/carebeau-conditioner,https://lh3.googleusercontent.com/d/12ftog5gCL3gWZeZqEZyPXGmSoI1zyv8D,120.20,121.43,122.68,120.00,112.00,112.57,119.50,,115.00,,119.50,114.50,134.00,,120.00,120.00,,,,,,
Yes,CDCB-3000-05,Carebeau Conditioner (3000ml) - Yoghurt,Carebeau,Hair Conditioner,Carebeau Conditioner (3000ml),Yoghurt,70,,138.00,127.00,120.00,119.00,138.00,122.82,"1.ซื้อ 6 แกลลอน ราคา NET.
2.ซื้อ 18 แกลลอน ลดท้ายบิล 11%",6.00,3305.90.00,ครีมนวดผม,3.00,19.220,30x33.4x33.5,30.00,33.40,33.50,0.034,6,983,"1,352",,,,https://www.carebeau-enjoy.com/menu-items/carebeau-conditioner,https://lh3.googleusercontent.com/d/121tFOinIkZOuYeltnE0WJEKceiFETVeL,120.20,121.43,122.68,120.00,112.00,112.57,119.50,,115.00,,119.50,114.50,134.00,,120.00,120.00,,,,,,
Yes,CDCB-3000-02,Carebeau Conditioner (3000ml) - Cantaloupe,Carebeau,Hair Conditioner,Carebeau Conditioner (3000ml),Cantaloupe,69,,138.00,127.00,120.00,119.00,138.00,122.82,"1.ซื้อ 6 แกลลอน ราคา NET.
2.ซื้อ 18 แกลลอน ลดท้ายบิล 11%",6.00,3305.90.00,ครีมนวดผม,3.00,19.220,30x33.4x33.5,30.00,33.40,33.50,0.034,6,983,"1,352",,,,https://www.carebeau-enjoy.com/menu-items/carebeau-conditioner,https://lh3.googleusercontent.com/d/12LWS3Yh6EqyYU7MeE2Su-rzwM6PYXCDa,120.20,121.43,122.68,120.00,112.00,112.57,119.50,,115.00,,119.50,114.50,134.00,,120.00,120.00,,,,,,
Yes,CDCB-3000-08,Carebeau Conditioner (3000ml) - Butterfly Pea,Carebeau,Hair Conditioner,Carebeau Conditioner (3000ml),Butterfly Pea,66,,138.00,127.00,120.00,119.00,138.00,122.82,"1.ซื้อ 6 แกลลอน ราคา NET.
2.ซื้อ 18 แกลลอน ลดท้ายบิล 11%",6.00,3305.90.00,ครีมนวดผม,3.00,19.220,30x33.4x33.5,30.00,33.40,33.50,0.034,6,983,"1,352",,,,https://www.carebeau-enjoy.com/menu-items/carebeau-conditioner,https://lh3.googleusercontent.com/d/12cep3ygOq6rBFQrRRxQnPT9e0VIDel5m,120.20,121.43,122.68,120.00,112.00,112.57,119.50,,115.00,,119.50,114.50,134.00,,120.00,120.00,,,,,,
Yes,CDCB-3000-01,Carebeau Conditioner (3000ml) - Banana,Carebeau,Hair Conditioner,Carebeau Conditioner (3000ml),Banana,,,138.00,127.00,120.00,119.00,138.00,122.82,"1.ซื้อ 6 แกลลอน ราคา NET.
2.ซื้อ 18 แกลลอน ลดท้ายบิล 11%",6.00,3305.90.00,ครีมนวดผม,3.00,19.220,30x33.4x33.5,30.00,33.40,33.50,0.034,6,983,"1,352",,,,https://www.carebeau-enjoy.com/menu-items/carebeau-conditioner,https://lh3.googleusercontent.com/d/12grcvt7we040ANRdggKjVycck0sbPlOo,120.20,121.43,122.68,120.00,112.00,112.57,119.50,,115.00,,119.50,114.50,134.00,,120.00,120.00,,,,,,
Yes,CDCB-3000-03,Carebeau Conditioner (3000ml) - Rice Milk,Carebeau,Hair Conditioner,Carebeau Conditioner (3000ml),Rice Milk,,,138.00,127.00,120.00,119.00,138.00,122.82,"1.ซื้อ 6 แกลลอน ราคา NET.
2.ซื้อ 18 แกลลอน ลดท้ายบิล 11%",6.00,3305.90.00,ครีมนวดผม,3.00,19.220,30x33.4x33.5,30.00,33.40,33.50,0.034,6,983,"1,352",,,,https://www.carebeau-enjoy.com/menu-items/carebeau-conditioner,https://lh3.googleusercontent.com/d/12F2sJvkFAlRvzYgEpRDgZW0wDAdWeNOw,120.20,121.43,122.68,120.00,112.00,112.57,119.50,,115.00,,119.50,114.50,134.00,,120.00,120.00,,,,,,
No,,Carebeau Shampoo (5000g) Bergamot,Carebeau,Hair Shampoo,Carebeau Shampoo (5000g),Bergamot,,,,184.00,,184.00,,,,,3305.90.00,แชมพู,5.00,21.500,29x43x32,29.00,43.00,32.00,0.040,4,826,"1,209",,,,,https://lh3.googleusercontent.com/d/,x,x,x,184.00,,,,,184.00,,184.00,,194.00,,,184.00,,,,,,
No,,Carebeau Shampoo (5000g) Yoghurt,Carebeau,Hair Shampoo,Carebeau Shampoo (5000g),Yoghurt,,,,184.00,,184.00,,,,,3305.90.00,แชมพู,5.00,21.500,29x43x32,29.00,43.00,32.00,0.040,4,826,"1,209",,,,,https://lh3.googleusercontent.com/d/,x,x,x,184.00,,,,,184.00,,184.00,,194.00,,,184.00,,,,,,
No,,Carebeau Shampoo (5000g) Cantaloupe,Carebeau,Hair Shampoo,Carebeau Shampoo (5000g),Cantaloupe,,,,184.00,,184.00,,,,,3305.90.00,แชมพู,5.00,21.500,29x43x32,29.00,43.00,32.00,0.040,4,826,"1,209",,,,,https://lh3.googleusercontent.com/d/,x,x,x,184.00,,,,,184.00,,184.00,,194.00,,,184.00,,,,,,
No,,Carebeau Shampoo (5000g) Butterfly Pea,Carebeau,Hair Shampoo,Carebeau Shampoo (5000g),Butterfly Pea,,,,184.00,,184.00,,,,,3305.90.00,แชมพู,5.00,21.500,29x43x32,29.00,43.00,32.00,0.040,4,826,"1,209",,,,,https://lh3.googleusercontent.com/d/,x,x,x,184.00,,,,,184.00,,184.00,,194.00,,,184.00,,,,,,
No,,Carebeau Shampoo (5000g) Banana,Carebeau,Hair Shampoo,Carebeau Shampoo (5000g),Banana,,,,184.00,,184.00,,,,,3305.90.00,แชมพู,5.00,21.500,29x43x32,29.00,43.00,32.00,0.040,4,826,"1,209",,,,,https://lh3.googleusercontent.com/d/,x,x,x,184.00,,,,,184.00,,184.00,,194.00,,,184.00,,,,,,
No,,Carebeau Shampoo (5000g) Rice Milk,Carebeau,Hair Shampoo,Carebeau Shampoo (5000g),Rice Milk,,,,184.00,,184.00,,,,,3305.90.00,แชมพู,5.00,21.500,29x43x32,29.00,43.00,32.00,0.040,4,826,"1,209",,,,,https://lh3.googleusercontent.com/d/,x,x,x,184.00,,,,,184.00,,184.00,,194.00,,,184.00,,,,,,
No,,Carebeau Shampoo (5000g) Cooling,Carebeau,Hair Shampoo,Carebeau Shampoo (5000g),Cooling,,,,184.00,,184.00,,,,,3305.90.00,แชมพู,5.00,21.500,29x43x32,29.00,43.00,32.00,0.040,4,826,"1,209",,,,,https://lh3.googleusercontent.com/d/,x,x,x,184.00,,,,,184.00,,184.00,,194.00,,,184.00,,,,,,
No,,Carebeau Hair Treatment Wax (500ml) - Goat Milk,Carebeau,Hair Treatment,Carebeau Hair Treatment Wax (500ml),Goat Milk,,,,40.00,,38.00,,,,,3305.90.00,ครีมนวดผม,0.50,13.370,29x38.7x23.2,29.00,38.70,23.20,0.026,24,"1,267","1,944",,,,https://www.carebeau-enjoy.com/menu-items/carebeau-hair-treatment,https://lh3.googleusercontent.com/d/14OoKgJqN2PpjZoIuXQ0IA4kB-qbsWx3e,38.38,38.78,39.18,40.00,30.70,,,,40.00,,,,42.00,,,40.00,,,,,,
No,,Carebeau Hair Treatment Wax (500ml) - Beer & Egg Yolk,Carebeau,Hair Treatment,Carebeau Hair Treatment Wax (500ml),Beer & Egg Yolk,,,,40.00,,38.00,,,,,3305.90.00,ครีมนวดผม,0.50,13.370,29x38.7x23.2,29.00,38.70,23.20,0.026,24,"1,267","1,944",,,,https://www.carebeau-enjoy.com/menu-items/carebeau-hair-treatment,https://lh3.googleusercontent.com/d/14nqV6uudymAShiw00u2Y8YrHQU6NPELq,38.38,38.78,39.18,40.00,30.70,,,,40.00,,,,42.00,,,40.00,,,,,,
No,,Carebeau Hair Treatment Wax (500ml) - Papaya & Egg Yolk,Carebeau,Hair Treatment,Carebeau Hair Treatment Wax (500ml),Papaya & Egg Yolk,,,,40.00,,38.00,,,,,3305.90.00,ครีมนวดผม,0.50,13.370,29x38.7x23.2,29.00,38.70,23.20,0.026,24,"1,267","1,944",,,,https://www.carebeau-enjoy.com/menu-items/carebeau-hair-treatment,https://lh3.googleusercontent.com/d/14HS8nRDiLzhA6nBnu46yUrYhdhob6Tkx,38.38,38.78,39.18,40.00,30.70,,,,40.00,,,,42.00,,,40.00,,,,,,
No,,Carebeau Hair Treatment Wax (500ml) - Peppermint,Carebeau,Hair Treatment,Carebeau Hair Treatment Wax (500ml),Peppermint,,,,40.00,,38.00,,,,,3305.90.00,ครีมนวดผม,0.50,13.370,29x38.7x23.2,29.00,38.70,23.20,0.026,24,"1,267","1,944",,,,https://www.carebeau-enjoy.com/menu-items/carebeau-hair-treatment,https://lh3.googleusercontent.com/d/1695wyX6cJkF83jIPj15DoqpcJFKt4g3J,38.38,38.78,39.18,40.00,30.70,,,,40.00,,,,42.00,,,40.00,,,,,,
No,,Carebeau Hair Treatment Wax (500ml) - White Tea,Carebeau,Hair Treatment,Carebeau Hair Treatment Wax (500ml),White Tea,,,,40.00,,38.00,,,,,3305.90.00,ครีมนวดผม,0.50,13.370,29x38.7x23.2,29.00,38.70,23.20,0.026,24,"1,267","1,944",,,,https://www.carebeau-enjoy.com/menu-items/carebeau-hair-treatment,https://lh3.googleusercontent.com/d/15o64wJDCuXnhqa5vmwWPIr9EHfICsrOk,38.38,38.78,39.18,40.00,30.70,,,,40.00,,,,42.00,,,40.00,,,,,,
No,,Carebeau Hair Treatment Wax (500ml) - Oats,Carebeau,Hair Treatment,Carebeau Hair Treatment Wax (500ml),Oats,,,,40.00,,38.00,,,,,3305.90.00,ครีมนวดผม,0.50,13.370,29x38.7x23.2,29.00,38.70,23.20,0.026,24,"1,267","1,944",,,,https://www.carebeau-enjoy.com/menu-items/carebeau-hair-treatment,https://lh3.googleusercontent.com/d/14L0Yl38G0zPOTPrAye3PFFP9AegJDHJE,38.38,38.78,39.18,40.00,30.70,,,,40.00,,,,42.00,,,40.00,,,,,,
No,,Carebeau Hair Treatment Wax (500ml) - Coconut,Carebeau,Hair Treatment,Carebeau Hair Treatment Wax (500ml),Coconut,,,,40.00,,38.00,,,,,3305.90.00,ครีมนวดผม,0.50,13.370,29x38.7x23.2,29.00,38.70,23.20,0.026,24,"1,267","1,944",,,,https://www.carebeau-enjoy.com/menu-items/carebeau-hair-treatment,https://lh3.googleusercontent.com/d/14SVsGmNFjxaFA-aoXmn66pS5209Adslt,38.38,38.78,39.18,40.00,30.70,,,,40.00,,,,42.00,,,40.00,,,,,,
No,,Carebeau Hair Treatment Wax (500ml) - Rice Milk,Carebeau,Hair Treatment,Carebeau Hair Treatment Wax (500ml),Rice Milk,,,,40.00,,38.00,,,,,3305.90.00,ครีมนวดผม,0.50,13.370,29x38.7x23.2,29.00,38.70,23.20,0.026,24,"1,267","1,944",,,,https://www.carebeau-enjoy.com/menu-items/carebeau-hair-treatment,https://lh3.googleusercontent.com/d/161Xlnd_k_U0p5SBxjWWsGIN0dKU4qQLB,38.38,38.78,39.18,40.00,30.70,,,,40.00,,,,42.00,,,40.00,,,,,,
No,,Carebeau Hair Treatment Wax (500ml) - Pomegranate,Carebeau,Hair Treatment,Carebeau Hair Treatment Wax (500ml),Pomegranate,,,,40.00,,38.00,,,,,3305.90.00,ครีมนวดผม,0.50,13.370,29x38.7x23.2,29.00,38.70,23.20,0.026,24,"1,267","1,944",,,,https://www.carebeau-enjoy.com/menu-items/carebeau-hair-treatment,https://lh3.googleusercontent.com/d/1689VJHpGjh_UXsOyagSQ0f0ieY--cXee,38.38,38.78,39.18,40.00,30.70,,,,40.00,,,,42.00,,,40.00,,,,,,
No,,Carebeau Hair Treatment Wax (500ml) - Honey,Carebeau,Hair Treatment,Carebeau Hair Treatment Wax (500ml),Honey,,,,40.00,,38.00,,,,,3305.90.00,ครีมนวดผม,0.50,13.370,29x38.7x23.2,29.00,38.70,23.20,0.026,24,"1,267","1,944",,,,https://www.carebeau-enjoy.com/menu-items/carebeau-hair-treatment,https://lh3.googleusercontent.com/d/14MtEog3PPMGNqt99-KpWAhkyGFliwuSD,38.38,38.78,39.18,40.00,30.70,,,,40.00,,,,42.00,,,40.00,,,,,,
No,,Carebeau Hair Treatment Wax (500ml) - Yoghurt,Carebeau,Hair Treatment,Carebeau Hair Treatment Wax (500ml),Yoghurt,,,,40.00,,38.00,,,,,3305.90.00,ครีมนวดผม,0.50,13.370,29x38.7x23.2,29.00,38.70,23.20,0.026,24,"1,267","1,944",,,,https://www.carebeau-enjoy.com/menu-items/carebeau-hair-treatment,https://lh3.googleusercontent.com/d/15hUrlPFb9IhEKwE7yu0-czPKfjRUSRhX,38.38,38.78,39.18,40.00,30.70,,,,40.00,,,,42.00,,,40.00,,,,,,
No,,Carebeau Hair Treatment Wax (500ml) - Cherry Blossom,Carebeau,Hair Treatment,Carebeau Hair Treatment Wax (500ml),Cherry Blossom,,,,40.00,,38.00,,,,,3305.90.00,ครีมนวดผม,0.50,13.370,29x38.7x23.2,29.00,38.70,23.20,0.026,24,"1,267","1,944",,,,https://www.carebeau-enjoy.com/menu-items/carebeau-hair-treatment,https://lh3.googleusercontent.com/d/14gjSf69MjGbt_-nh6rGEXdw1HHZtaNmH,38.38,38.78,39.18,40.00,30.70,,,,40.00,,,,42.00,,,40.00,,,,,,
No,,Carebeau Hair Treatment Wax (500ml) - Bergamot,Carebeau,Hair Treatment,Carebeau Hair Treatment Wax (500ml),Bergamot,,,,40.00,,38.00,,,,,3305.90.00,ครีมนวดผม,0.50,13.370,29x38.7x23.2,29.00,38.70,23.20,0.026,24,"1,267","1,944",,,,https://www.carebeau-enjoy.com/menu-items/carebeau-hair-treatment,https://lh3.googleusercontent.com/d/14l26skVWMrJdBhR6z90o2YWWXeGxS9mF,38.38,38.78,39.18,40.00,30.70,,,,40.00,,,,42.00,,,40.00,,,,,,
No,,Carebeau Hair Treatment Wax (500ml) - Sun Flower,Carebeau,Hair Treatment,Carebeau Hair Treatment Wax (500ml),Sun Flower,,,,40.00,,38.00,,,,,3305.90.00,ครีมนวดผม,0.50,13.370,29x38.7x23.2,29.00,38.70,23.20,0.026,24,"1,267","1,944",,,,https://www.carebeau-enjoy.com/menu-items/carebeau-hair-treatment,https://lh3.googleusercontent.com/d/15t-PctkxiXF1z0bjfijNKDeDZ8yAP5WG,38.38,38.78,39.18,40.00,30.70,,,,40.00,,,,42.00,,,40.00,,,,,,
No,,Carebeau Hair Treatment Wax (500ml) - Butterfly Pea,Carebeau,Hair Treatment,Carebeau Hair Treatment Wax (500ml),Butterfly Pea,,,,40.00,,38.00,,,,,3305.90.00,ครีมนวดผม,0.50,13.370,29x38.7x23.2,29.00,38.70,23.20,0.026,24,"1,267","1,944",,,,https://www.carebeau-enjoy.com/menu-items/carebeau-hair-treatment,https://lh3.googleusercontent.com/d/14jZPMR3fDodPE1XoTU8K4VzcVwM_q5I7,38.38,38.78,39.18,40.00,30.70,,,,40.00,,,,42.00,,,40.00,,,,,,
Yes,,Carebeau Hair Treatment Wax (500ml) (x2 Units) - Goat Milk,Carebeau,Hair Treatment,Carebeau Hair Treatment Wax (500ml) (x2 Units),Goat Milk,40,41,70.00,75.00,75.00,67.00,70.00,66.50,"12 โหล ลด 3% , 24 โหล ลด 5%",5.00,3305.90.00,ครีมนวดผม,1.00,13.370,29x38.7x23.2,29.00,38.70,23.20,0.026,12,"1,267","1,944",,,,https://www.carebeau-enjoy.com/menu-items/carebeau-hair-treatment,https://lh3.googleusercontent.com/d/14OoKgJqN2PpjZoIuXQ0IA4kB-qbsWx3e,67.68,68.37,69.07,75.00,,62.93,67.50,,75.00,,67.50,,79.00,79.00,75.00,75.00,,2.60,,,,
Yes,,Carebeau Hair Treatment Wax (500ml) (x2 Units) - Beer & Egg Yolk,Carebeau,Hair Treatment,Carebeau Hair Treatment Wax (500ml) (x2 Units),Beer & Egg Yolk,38,41,70.00,75.00,75.00,67.00,70.00,66.50,"13 โหล ลด 3% , 24 โหล ลด 5%",5.00,3305.90.00,ครีมนวดผม,1.00,13.370,29x38.7x23.2,29.00,38.70,23.20,0.026,12,"1,267","1,944",,,,https://www.carebeau-enjoy.com/menu-items/carebeau-hair-treatment,https://lh3.googleusercontent.com/d/14nqV6uudymAShiw00u2Y8YrHQU6NPELq,67.68,68.37,69.07,75.00,,62.93,67.50,,75.00,,67.50,,79.00,79.00,75.00,75.00,,2.60,,,,
Yes,,Carebeau Hair Treatment Wax (500ml) (x2 Units) - Papaya & Egg Yolk,Carebeau,Hair Treatment,Carebeau Hair Treatment Wax (500ml) (x2 Units),Papaya & Egg Yolk,38,41,70.00,75.00,75.00,67.00,70.00,66.50,"14 โหล ลด 3% , 24 โหล ลด 5%",5.00,3305.90.00,ครีมนวดผม,1.00,13.370,29x38.7x23.2,29.00,38.70,23.20,0.026,12,"1,267","1,944",,,,https://www.carebeau-enjoy.com/menu-items/carebeau-hair-treatment,https://lh3.googleusercontent.com/d/14HS8nRDiLzhA6nBnu46yUrYhdhob6Tkx,67.68,68.37,69.07,75.00,,62.93,67.50,,75.00,,67.50,,79.00,79.00,75.00,75.00,,2.60,,,,
Yes,,Carebeau Hair Treatment Wax (500ml) (x2 Units) - Peppermint,Carebeau,Hair Treatment,Carebeau Hair Treatment Wax (500ml) (x2 Units),Peppermint,40,41,70.00,75.00,75.00,67.00,70.00,66.50,"15 โหล ลด 3% , 24 โหล ลด 5%",5.00,3305.90.00,ครีมนวดผม,1.00,13.370,29x38.7x23.2,29.00,38.70,23.20,0.026,12,"1,267","1,944",,,,https://www.carebeau-enjoy.com/menu-items/carebeau-hair-treatment,https://lh3.googleusercontent.com/d/1695wyX6cJkF83jIPj15DoqpcJFKt4g3J,67.68,68.37,69.07,75.00,,62.93,67.50,,75.00,,67.50,,79.00,79.00,75.00,75.00,,2.60,,,,
Yes,,Carebeau Hair Treatment Wax (500ml) (x2 Units) - White Tea,Carebeau,Hair Treatment,Carebeau Hair Treatment Wax (500ml) (x2 Units),White Tea,40,41,70.00,75.00,75.00,67.00,70.00,66.50,"16 โหล ลด 3% , 24 โหล ลด 5%",5.00,3305.90.00,ครีมนวดผม,1.00,13.370,29x38.7x23.2,29.00,38.70,23.20,0.026,12,"1,267","1,944",,,,https://www.carebeau-enjoy.com/menu-items/carebeau-hair-treatment,https://lh3.googleusercontent.com/d/15o64wJDCuXnhqa5vmwWPIr9EHfICsrOk,67.68,68.37,69.07,75.00,,62.93,67.50,,75.00,,67.50,,79.00,79.00,75.00,75.00,,2.60,,,,
Yes,,Carebeau Hair Treatment Wax (500ml) (x2 Units) - Oats,Carebeau,Hair Treatment,Carebeau Hair Treatment Wax (500ml) (x2 Units),Oats,38,41,70.00,75.00,75.00,67.00,70.00,66.50,"17 โหล ลด 3% , 24 โหล ลด 5%",5.00,3305.90.00,ครีมนวดผม,1.00,13.370,29x38.7x23.2,29.00,38.70,23.20,0.026,12,"1,267","1,944",,,,https://www.carebeau-enjoy.com/menu-items/carebeau-hair-treatment,https://lh3.googleusercontent.com/d/14L0Yl38G0zPOTPrAye3PFFP9AegJDHJE,67.68,68.37,69.07,75.00,,62.93,67.50,,75.00,,67.50,,79.00,79.00,75.00,75.00,,2.60,,,,
Yes,,Carebeau Hair Treatment Wax (500ml) (x2 Units) - Coconut,Carebeau,Hair Treatment,Carebeau Hair Treatment Wax (500ml) (x2 Units),Coconut,40,41,70.00,75.00,75.00,67.00,70.00,66.50,"18 โหล ลด 3% , 24 โหล ลด 5%",5.00,3305.90.00,ครีมนวดผม,1.00,13.370,29x38.7x23.2,29.00,38.70,23.20,0.026,12,"1,267","1,944",,,,https://www.carebeau-enjoy.com/menu-items/carebeau-hair-treatment,https://lh3.googleusercontent.com/d/14SVsGmNFjxaFA-aoXmn66pS5209Adslt,67.68,68.37,69.07,75.00,,62.93,67.50,,75.00,,67.50,,79.00,79.00,75.00,75.00,,2.60,,,,
Yes,,Carebeau Hair Treatment Wax (500ml) (x2 Units) - Rice Milk,Carebeau,Hair Treatment,Carebeau Hair Treatment Wax (500ml) (x2 Units),Rice Milk,40,41,70.00,75.00,75.00,67.00,70.00,66.50,"19 โหล ลด 3% , 24 โหล ลด 5%",5.00,3305.90.00,ครีมนวดผม,1.00,13.370,29x38.7x23.2,29.00,38.70,23.20,0.026,12,"1,267","1,944",,,,https://www.carebeau-enjoy.com/menu-items/carebeau-hair-treatment,https://lh3.googleusercontent.com/d/161Xlnd_k_U0p5SBxjWWsGIN0dKU4qQLB,67.68,68.37,69.07,75.00,,62.93,67.50,,75.00,,67.50,,79.00,79.00,75.00,75.00,,2.60,,,,
Yes,,Carebeau Hair Treatment Wax (500ml) (x2 Units) - Pomegranate,Carebeau,Hair Treatment,Carebeau Hair Treatment Wax (500ml) (x2 Units),Pomegranate,39,41,70.00,75.00,75.00,67.00,70.00,66.50,"20 โหล ลด 3% , 24 โหล ลด 5%",5.00,3305.90.00,ครีมนวดผม,1.00,13.370,29x38.7x23.2,29.00,38.70,23.20,0.026,12,"1,267","1,944",,,,https://www.carebeau-enjoy.com/menu-items/carebeau-hair-treatment,https://lh3.googleusercontent.com/d/1689VJHpGjh_UXsOyagSQ0f0ieY--cXee,67.68,68.37,69.07,75.00,,62.93,67.50,,75.00,,67.50,,79.00,79.00,75.00,75.00,,2.60,,,,
Yes,,Carebeau Hair Treatment Wax (500ml) (x2 Units) - Honey,Carebeau,Hair Treatment,Carebeau Hair Treatment Wax (500ml) (x2 Units),Honey,38,41,70.00,75.00,75.00,67.00,70.00,66.50,"21 โหล ลด 3% , 24 โหล ลด 5%",5.00,3305.90.00,ครีมนวดผม,1.00,13.370,29x38.7x23.2,29.00,38.70,23.20,0.026,12,"1,267","1,944",,,,https://www.carebeau-enjoy.com/menu-items/carebeau-hair-treatment,https://lh3.googleusercontent.com/d/14MtEog3PPMGNqt99-KpWAhkyGFliwuSD,67.68,68.37,69.07,75.00,,62.93,67.50,,75.00,,67.50,,79.00,79.00,75.00,75.00,,2.60,,,,
Yes,,Carebeau Hair Treatment Wax (500ml) (x2 Units) - Yoghurt,Carebeau,Hair Treatment,Carebeau Hair Treatment Wax (500ml) (x2 Units),Yoghurt,41,41,70.00,75.00,75.00,67.00,70.00,66.50,"22 โหล ลด 3% , 24 โหล ลด 5%",5.00,3305.90.00,ครีมนวดผม,1.00,13.370,29x38.7x23.2,29.00,38.70,23.20,0.026,12,"1,267","1,944",,,,https://www.carebeau-enjoy.com/menu-items/carebeau-hair-treatment,https://lh3.googleusercontent.com/d/15hUrlPFb9IhEKwE7yu0-czPKfjRUSRhX,67.68,68.37,69.07,75.00,,62.93,67.50,,75.00,,67.50,,79.00,79.00,75.00,75.00,,2.60,,,,
Yes,,Carebeau Hair Treatment Wax (500ml) (x2 Units) - Cherry Blossom,Carebeau,Hair Treatment,Carebeau Hair Treatment Wax (500ml) (x2 Units),Cherry Blossom,21,41,70.00,75.00,75.00,67.00,70.00,66.50,"23 โหล ลด 3% , 24 โหล ลด 5%",5.00,3305.90.00,ครีมนวดผม,1.00,13.370,29x38.7x23.2,29.00,38.70,23.20,0.026,12,"1,267","1,944",,,,https://www.carebeau-enjoy.com/menu-items/carebeau-hair-treatment,https://lh3.googleusercontent.com/d/14gjSf69MjGbt_-nh6rGEXdw1HHZtaNmH,67.68,68.37,69.07,75.00,,62.93,67.50,,75.00,,67.50,,79.00,79.00,75.00,75.00,,2.60,,,,
Yes,,Carebeau Hair Treatment Wax (500ml) (x2 Units) - Bergamot,Carebeau,Hair Treatment,Carebeau Hair Treatment Wax (500ml) (x2 Units),Bergamot,38,41,70.00,75.00,75.00,67.00,70.00,66.50,"24 โหล ลด 3% , 24 โหล ลด 5%",5.00,3305.90.00,ครีมนวดผม,1.00,13.370,29x38.7x23.2,29.00,38.70,23.20,0.026,12,"1,267","1,944",,,,https://www.carebeau-enjoy.com/menu-items/carebeau-hair-treatment,https://lh3.googleusercontent.com/d/14l26skVWMrJdBhR6z90o2YWWXeGxS9mF,67.68,68.37,69.07,75.00,,62.93,67.50,,75.00,,67.50,,79.00,79.00,75.00,75.00,,2.60,,,,
Yes,,Carebeau Hair Treatment Wax (500ml) (x2 Units) - Sun Flower,Carebeau,Hair Treatment,Carebeau Hair Treatment Wax (500ml) (x2 Units),Sun Flower,40,41,70.00,75.00,75.00,67.00,70.00,66.50,"25 โหล ลด 3% , 24 โหล ลด 5%",5.00,3305.90.00,ครีมนวดผม,1.00,13.370,29x38.7x23.2,29.00,38.70,23.20,0.026,12,"1,267","1,944",,,,https://www.carebeau-enjoy.com/menu-items/carebeau-hair-treatment,https://lh3.googleusercontent.com/d/15t-PctkxiXF1z0bjfijNKDeDZ8yAP5WG,67.68,68.37,69.07,75.00,,62.93,67.50,,75.00,,67.50,,79.00,79.00,75.00,75.00,,2.60,,,,
Yes,,Carebeau Hair Treatment Wax (500ml) (x2 Units) - Butterfly Pea,Carebeau,Hair Treatment,Carebeau Hair Treatment Wax (500ml) (x2 Units),Butterfly Pea,39,41,70.00,75.00,75.00,57.00,70.00,66.50,"26 โหล ลด 3% , 24 โหล ลด 5%",5.00,3305.90.00,ครีมนวดผม,1.00,13.370,29x38.7x23.2,29.00,38.70,23.20,0.026,12,"1,267","1,944",,,,https://www.carebeau-enjoy.com/menu-items/carebeau-hair-treatment,https://lh3.googleusercontent.com/d/14jZPMR3fDodPE1XoTU8K4VzcVwM_q5I7,57.58,58.16,58.76,75.00,,62.93,67.50,,75.00,,67.50,,79.00,79.00,75.00,75.00,,2.60,,,,
Yes,TMCB-1000-01,Carebeau Hair Treatment Wax (1000ml) - Coconut,Carebeau,Hair Treatment,Carebeau Hair Treatment Wax (1000ml),Coconut,,,67.00,73.00,73.00,57.00,67.00,64.99,ซอ ҟื 4 โหล ลดทา้ยบิล 3%,3.00,3305.90.00,ครีมนวดผม,1.00,12.710,34.6x44x16.4,34.60,44.00,16.40,0.025,12,"1,321","2,045",,,,https://www.carebeau-enjoy.com/menu-items/carebeau-hair-treatment,https://lh3.googleusercontent.com/d/14dhe8UBzoT6J8O6JAElU2sXlHcsIt_9q,57.58,58.16,58.76,73.00,59.50,61.98,70.00,,73.00,,70.00,,77.00,,73.00,73.00,,,,,,
Yes,,Carebeau Hair Treatment Wax (1000ml) - Beer & Egg Yolk,Carebeau,Hair Treatment,Carebeau Hair Treatment Wax (1000ml),Beer & Egg Yolk,34,,67.00,73.00,73.00,57.00,67.00,64.99,ซอ ҟื 4 โหล ลดทา้ยบิล 3%,3.00,3305.90.00,ครีมนวดผม,1.00,12.710,34.6x44x16.4,34.60,44.00,16.40,0.025,12,"1,321","2,045",,,,https://www.carebeau-enjoy.com/menu-items/carebeau-hair-treatment,https://lh3.googleusercontent.com/d/14p8FLV0UYjO7VwaP7HmBiaRy7m7EmxC7,57.58,58.16,58.76,73.00,59.50,61.98,70.00,,73.00,,70.00,,77.00,,73.00,73.00,,,,,,
Yes,TMCB-1000-03,Carebeau Hair Treatment Wax (1000ml) - Papaya & Egg Yolk,Carebeau,Hair Treatment,Carebeau Hair Treatment Wax (1000ml),Papaya & Egg Yolk,,,67.00,73.00,73.00,57.00,67.00,64.99,ซอ ҟื 4 โหล ลดทา้ยบิล 3%,3.00,3305.90.00,ครีมนวดผม,1.00,12.710,34.6x44x16.4,34.60,44.00,16.40,0.025,12,"1,321","2,045",,,,https://www.carebeau-enjoy.com/menu-items/carebeau-hair-treatment,https://lh3.googleusercontent.com/d/14JWeBTibv83NOzQEHqswGm3ZIlYH2VOI,57.58,58.16,58.76,73.00,59.50,61.98,70.00,,73.00,,70.00,,77.00,,73.00,73.00,,,,,,
Yes,TMCB-1000-04,Carebeau Hair Treatment Wax (1000ml) - Pomegranate,Carebeau,Hair Treatment,Carebeau Hair Treatment Wax (1000ml),Pomegranate,,,67.00,73.00,73.00,57.00,67.00,64.99,ซอ ҟื 4 โหล ลดทา้ยบิล 3%,3.00,3305.90.00,ครีมนวดผม,1.00,12.710,34.6x44x16.4,34.60,44.00,16.40,0.025,12,"1,321","2,045",,,,https://www.carebeau-enjoy.com/menu-items/carebeau-hair-treatment,https://lh3.googleusercontent.com/d/168ogMrdCE5FhxRTo3JjieSpeeMOYt7wO,57.58,58.16,58.76,73.00,59.50,61.98,70.00,,73.00,,70.00,,77.00,,73.00,73.00,,,,,,
No,,Carebeau Enjoy Deluxe Serum Collagen Power Dose (150g) - -,Carebeau,Hair Serum,Carebeau Enjoy Deluxe Serum Collagen Power Dose (150g),-,,,,73.00,,70.00,,,,,3305.90.00,,0.15,2.270,15.8x20x21,15.80,20.00,21.00,0.007,12,"4,972","9,041",,,,,https://lh3.googleusercontent.com/d/,70.71,71.43,72.16,73.00,59.50,61.98,70.00,,73.00,,70.00,,77.00,,,73.00,,,,,,
No,,Carebeau Shower Cream White Series (1150g) - Collagen White,Carebeau,Shower Gel,Carebeau Shower Cream White Series (1150g),Collagen White,,,,95.00,,90.00,,,,,3401.11.50,,1.15,16.100,23x42.7x33,23.00,42.70,33.00,0.032,12,"1,018","1,614",,,,,https://lh3.googleusercontent.com/d/,90.91,91.84,92.78,95.00,74.60,,,,95.00,,95.00,,100.00,,,95.00,,,,,,
No,,Carebeau Shower Cream White Series (1150g) - Cherry White,Carebeau,Shower Gel,Carebeau Shower Cream White Series (1150g),Cherry White,,,,95.00,,90.00,,,,,3401.11.50,,1.15,16.100,23x42.7x33,23.00,42.70,33.00,0.032,12,"1,018","1,614",,,,,https://lh3.googleusercontent.com/d/,90.91,91.84,92.78,95.00,74.60,,,,95.00,,95.00,,100.00,,,95.00,,,,,,
No,,Carebeau Shower Cream White Series (1150g) - Fruity White,Carebeau,Shower Gel,Carebeau Shower Cream White Series (1150g),Fruity White,,,,95.00,,90.00,,,,,3401.11.50,,1.15,16.100,23x42.7x33,23.00,42.70,33.00,0.032,12,"1,018","1,614",,,,,https://lh3.googleusercontent.com/d/,90.91,91.84,92.78,95.00,74.60,,,,95.00,,95.00,,100.00,,,95.00,,,,,,
Yes,,Carebeau Goat Milk Body Shower Cream (1000g) - White,Carebeau,Shower Gel,Carebeau Goat Milk Body Shower Cream (1000g),White,57,,95.00,98.00,95.00,90.00,95.00,90.25,"1.ซื้อ 1 โหล ราคา NET. (ไม่มีส่วนลด)
2.ซื้อครบ 60 โหล ลดท้ายบิล 3%
3.ซื้อครบ 100 โหล ลดท้ายบิล 5%",5.00,3401.11.50,ครีมอาบน้ำ,1.00,14.070,23x42.7x33,23.00,42.70,33.00,0.032,12,"1,018","1,847",,,,https://www.carebeau-enjoy.com/menu-items/carebeau-goat-milk-body-shower-cream,https://lh3.googleusercontent.com/d/13nOfp33Rn7q8YhQbX58hZEDjy8PaN9Ar,90.91,91.84,92.78,95.00,70.50,80.03,96.00,95.00,98.00,,95.00,,103.00,99.00,95.00,95.00,,,95.00,95.00,95.00,
Yes,,Carebeau Goat Milk Body Shower Cream (1000g) - Pink,Carebeau,Shower Gel,Carebeau Goat Milk Body Shower Cream (1000g),Pink,57,,95.00,98.00,95.00,90.00,95.00,90.25,"1.ซื้อ 1 โหล ราคา NET. (ไม่มีส่วนลด)
2.ซื้อครบ 60 โหล ลดท้ายบิล 3%
3.ซื้อครบ 100 โหล ลดท้ายบิล 5%",5.00,3401.11.50,ครีมอาบน้ำ,1.00,14.070,23x42.7x33,23.00,42.70,33.00,0.032,12,"1,018","1,847",,,,https://www.carebeau-enjoy.com/menu-items/carebeau-goat-milk-body-shower-cream,https://lh3.googleusercontent.com/d/13rSVSS42fYJYzjriI4ajYEstZFTsqq5j,90.91,91.84,92.78,95.00,70.50,80.03,96.00,95.00,98.00,,95.00,,103.00,99.00,95.00,95.00,,,95.00,95.00,95.00,
Yes,,Carebeau Goat Milk Body Shower Cream (1000g) - Goji Berry,Carebeau,Shower Gel,Carebeau Goat Milk Body Shower Cream (1000g),Goji Berry,58,,95.00,98.00,95.00,90.00,95.00,90.25,"1.ซื้อ 1 โหล ราคา NET. (ไม่มีส่วนลด)
2.ซื้อครบ 60 โหล ลดท้ายบิล 3%
3.ซื้อครบ 100 โหล ลดท้ายบิล 5%",5.00,3401.11.50,ครีมอาบน้ำ,1.00,14.070,23x42.7x33,23.00,42.70,33.00,0.032,12,"1,018","1,847",,,,https://www.carebeau-enjoy.com/menu-items/carebeau-goat-milk-body-shower-cream,https://lh3.googleusercontent.com/d/12tbB1KcL_PCTypI-vVjq_VC5S6Vu3D5v,90.91,91.84,92.78,95.00,70.50,80.03,96.00,95.00,98.00,,95.00,,103.00,99.00,95.00,95.00,,,95.00,95.00,95.00,
Yes,,Carebeau Goat Milk Body Shower Cream (1000g) - Lakoocha,Carebeau,Shower Gel,Carebeau Goat Milk Body Shower Cream (1000g),Lakoocha,59,,95.00,98.00,95.00,90.00,95.00,90.25,"1.ซื้อ 1 โหล ราคา NET. (ไม่มีส่วนลด)
2.ซื้อครบ 60 โหล ลดท้ายบิล 3%
3.ซื้อครบ 100 โหล ลดท้ายบิล 5%",5.00,3401.11.50,ครีมอาบน้ำ,1.00,14.070,23x42.7x33,23.00,42.70,33.00,0.032,12,"1,018","1,847",,,,https://www.carebeau-enjoy.com/menu-items/carebeau-goat-milk-body-shower-cream,https://lh3.googleusercontent.com/d/148R6BBT37yD8BRiMvE4ArwybIRZSgCCM,90.91,91.84,92.78,95.00,70.50,80.03,96.00,95.00,98.00,,95.00,,103.00,99.00,95.00,95.00,,,95.00,95.00,95.00,
Yes,,Carebeau Goat Milk Body Shower Cream (1000g) - Royal Jelly & Lemon,Carebeau,Shower Gel,Carebeau Goat Milk Body Shower Cream (1000g),Royal Jelly & Lemon,58,,95.00,98.00,95.00,90.00,95.00,90.25,"1.ซื้อ 1 โหล ราคา NET. (ไม่มีส่วนลด)
2.ซื้อครบ 60 โหล ลดท้ายบิล 3%
3.ซื้อครบ 100 โหล ลดท้ายบิล 5%",5.00,3401.11.50,ครีมอาบน้ำ,1.00,14.070,23x42.7x33,23.00,42.70,33.00,0.032,12,"1,018","1,847",,,,https://www.carebeau-enjoy.com/menu-items/carebeau-goat-milk-body-shower-cream,https://lh3.googleusercontent.com/d/145bZpkr3WEp3FH1zr3y9GRv7-fD1YE2W,90.91,91.84,92.78,95.00,70.50,80.03,96.00,95.00,98.00,,95.00,,103.00,99.00,95.00,95.00,,,95.00,95.00,95.00,
Yes,,Carebeau Goat Milk Body Shower Cream (540g) - White,Carebeau,Shower Gel,Carebeau Goat Milk Body Shower Cream (540g),White,38,,58.00,61.00,58.00,50.00,58.00,49.88,"1.สั่งซื้อ 1 โหล ราคา NTE. (ไม่มีส่วนลด)
2.สั่งซื้อ 24 โหล ลดท้ายบิล 3%
3.สั่งซื้อ 50 โหล ลดท้ายบิล 8%
1.สั่งซื้อ 80 โหล ลดท้ายบิล 14%",14.00,3401.11.50,ครีมอาบน้ำ,0.54,7.910,24.4x27.5x26.5,24.40,27.50,26.50,0.018,12,"1,855","3,286",,,,https://www.carebeau-enjoy.com/menu-items/carebeau-goat-milk-body-shower-cream,https://lh3.googleusercontent.com/d/13j9HZXdUwucgXs3-ntTZc92pTlbsPJ9Y,50.51,51.02,51.55,58.00,48.79,45.30,58.00,58.00,61.00,,58.00,,65.00,60.00,58.00,58.00,,,58.00,58.00,58.00,
Yes,,Carebeau Goat Milk Body Shower Cream (540g) - Pink,Carebeau,Shower Gel,Carebeau Goat Milk Body Shower Cream (540g),Pink,38,,58.00,61.00,58.00,50.00,58.00,49.88,"1.สั่งซื้อ 1 โหล ราคา NTE. (ไม่มีส่วนลด)
2.สั่งซื้อ 24 โหล ลดท้ายบิล 3%
3.สั่งซื้อ 50 โหล ลดท้ายบิล 8%
1.สั่งซื้อ 80 โหล ลดท้ายบิล 14%",14.00,3401.11.50,ครีมอาบน้ำ,0.54,7.910,24.4x27.5x26.5,24.40,27.50,26.50,0.018,12,"1,855","3,286",,,,https://www.carebeau-enjoy.com/menu-items/carebeau-goat-milk-body-shower-cream,https://lh3.googleusercontent.com/d/13o56w7rDpiVGOHK4OHIrTkfe6Dxb-dLG,50.51,51.02,51.55,58.00,48.79,45.30,58.00,58.00,61.00,,58.00,,65.00,60.00,58.00,58.00,,,58.00,58.00,58.00,
Yes,,Carebeau Goat Milk Body Shower Cream (540g) - Goji Berry,Carebeau,Shower Gel,Carebeau Goat Milk Body Shower Cream (540g),Goji Berry,38,,58.00,61.00,58.00,50.00,58.00,49.88,"1.สั่งซื้อ 1 โหล ราคา NTE. (ไม่มีส่วนลด)
2.สั่งซื้อ 24 โหล ลดท้ายบิล 3%
3.สั่งซื้อ 50 โหล ลดท้ายบิล 8%
1.สั่งซื้อ 80 โหล ลดท้ายบิล 14%",14.00,3401.11.50,ครีมอาบน้ำ,0.54,7.910,24.4x27.5x26.5,24.40,27.50,26.50,0.018,12,"1,855","3,286",,,,https://www.carebeau-enjoy.com/menu-items/carebeau-goat-milk-body-shower-cream,https://lh3.googleusercontent.com/d/12m83qlo8TCmlxbeHzuEmTdp_esPwWCVe,50.51,51.02,51.55,58.00,48.79,45.30,58.00,58.00,61.00,,58.00,,65.00,60.00,58.00,58.00,,,58.00,58.00,58.00,
Yes,,Carebeau Goat Milk Body Shower Cream (540g) - Lakoocha,Carebeau,Shower Gel,Carebeau Goat Milk Body Shower Cream (540g),Lakoocha,39,,58.00,61.00,58.00,50.00,58.00,49.88,"1.สั่งซื้อ 1 โหล ราคา NTE. (ไม่มีส่วนลด)
2.สั่งซื้อ 24 โหล ลดท้ายบิล 3%
3.สั่งซื้อ 50 โหล ลดท้ายบิล 8%
1.สั่งซื้อ 80 โหล ลดท้ายบิล 14%",14.00,3401.11.50,ครีมอาบน้ำ,0.54,7.910,24.4x27.5x26.5,24.40,27.50,26.50,0.018,12,"1,855","3,286",,,,https://www.carebeau-enjoy.com/menu-items/carebeau-goat-milk-body-shower-cream,https://lh3.googleusercontent.com/d/14685myozzml_Ovop-0umJlsNF67s1eTM,50.51,51.02,51.55,58.00,48.79,45.30,58.00,58.00,61.00,,58.00,,65.00,60.00,58.00,58.00,,,58.00,58.00,58.00,
Yes,,Carebeau Goat Milk Body Shower Cream (540g) - Royal Jelly & Lemon,Carebeau,Shower Gel,Carebeau Goat Milk Body Shower Cream (540g),Royal Jelly & Lemon,39,,58.00,61.00,58.00,50.00,58.00,49.88,"1.สั่งซื้อ 1 โหล ราคา NTE. (ไม่มีส่วนลด)
2.สั่งซื้อ 24 โหล ลดท้ายบิล 3%
3.สั่งซื้อ 50 โหล ลดท้ายบิล 8%
1.สั่งซื้อ 80 โหล ลดท้ายบิล 14%",14.00,3401.11.50,ครีมอาบน้ำ,0.54,7.910,24.4x27.5x26.5,24.40,27.50,26.50,0.018,12,"1,855","3,286",,,,https://www.carebeau-enjoy.com/menu-items/carebeau-goat-milk-body-shower-cream,https://lh3.googleusercontent.com/d/13xvVXTWor6NdksRmuDkDKfCtbrNIhxa7,50.51,51.02,51.55,58.00,48.79,45.30,58.00,58.00,61.00,,58.00,,65.00,60.00,58.00,58.00,,,58.00,58.00,58.00,
Yes,,Carebeau Goat Milk Body Shower Cream (270g) - White,Carebeau,Shower Gel,Carebeau Goat Milk Body Shower Cream (270g),White,24,,29.00,27.00,25.00,24.00,29.00,26.10,"1.สั่งซื้อ 1 โหล ราคา NTE. (ไม่มีส่วนลด)
2.สั่งซื้อ 24 โหล ส่วนลด 3%
3.สั่งซื้อ 100 โหล ส่วนลด 6%
1.สั่งซื้อ 200 โหล ส่วนลด 10%",10.00,3401.11.50,ครีมอาบน้ำ,0.27,23.800,44.5x55.5x24,44.50,55.50,24.00,0.059,72,556,"1,012",,,,https://www.carebeau-enjoy.com/menu-items/carebeau-goat-milk-body-shower-cream,https://lh3.googleusercontent.com/d/13n4XCeeCVfTMIg2mwF82_FibE-n0n5R_,24.24,24.49,24.74,25.00,27.00,24.42,25.00,25.00,27.00,,25.00,,29.00,27.00,25.00,25.00,,,25.00,25.00,25.00,
Yes,,Carebeau Goat Milk Body Shower Cream (270g) - Pink,Carebeau,Shower Gel,Carebeau Goat Milk Body Shower Cream (270g),Pink,24,,29.00,27.00,25.00,24.00,29.00,26.10,"1.สั่งซื้อ 1 โหล ราคา NTE. (ไม่มีส่วนลด)
2.สั่งซื้อ 24 โหล ส่วนลด 3%
3.สั่งซื้อ 100 โหล ส่วนลด 6%
1.สั่งซื้อ 200 โหล ส่วนลด 10%",10.00,3401.11.50,ครีมอาบน้ำ,0.27,23.800,44.5x55.5x24,44.50,55.50,24.00,0.059,72,556,"1,012",,,,https://www.carebeau-enjoy.com/menu-items/carebeau-goat-milk-body-shower-cream,https://lh3.googleusercontent.com/d/13pzqAqKbaDIiG952dPTWdd_wN2VLW6A_,24.24,24.49,24.74,25.00,27.00,24.42,25.00,25.00,27.00,,25.00,,29.00,27.00,25.00,25.00,,,25.00,25.00,25.00,
Yes,,Carebeau Goat Milk Body Shower Cream (270g) - Goji Berry,Carebeau,Shower Gel,Carebeau Goat Milk Body Shower Cream (270g),Goji Berry,24,,29.00,27.00,25.00,24.00,29.00,26.10,"1.สั่งซื้อ 1 โหล ราคา NTE. (ไม่มีส่วนลด)
2.สั่งซื้อ 24 โหล ส่วนลด 3%
3.สั่งซื้อ 100 โหล ส่วนลด 6%
1.สั่งซื้อ 200 โหล ส่วนลด 10%",10.00,3401.11.50,ครีมอาบน้ำ,0.27,23.800,44.5x55.5x24,44.50,55.50,24.00,0.059,72,556,"1,012",,,,https://www.carebeau-enjoy.com/menu-items/carebeau-goat-milk-body-shower-cream,https://lh3.googleusercontent.com/d/12pF2FFTFsg0XEHx_tOnstwqWfsh91IUw,24.24,24.49,24.74,25.00,27.00,24.42,25.00,25.00,27.00,,25.00,,29.00,27.00,25.00,25.00,,,25.00,25.00,25.00,
Yes,,Carebeau Goat Milk Body Shower Cream (270g) - Lakoocha,Carebeau,Shower Gel,Carebeau Goat Milk Body Shower Cream (270g),Lakoocha,24,,29.00,27.00,25.00,24.00,29.00,26.10,"1.สั่งซื้อ 1 โหล ราคา NTE. (ไม่มีส่วนลด)
2.สั่งซื้อ 24 โหล ส่วนลด 3%
3.สั่งซื้อ 100 โหล ส่วนลด 6%
1.สั่งซื้อ 200 โหล ส่วนลด 10%",10.00,3401.11.50,ครีมอาบน้ำ,0.27,23.800,44.5x55.5x24,44.50,55.50,24.00,0.059,72,556,"1,012",,,,https://www.carebeau-enjoy.com/menu-items/carebeau-goat-milk-body-shower-cream,https://lh3.googleusercontent.com/d/146caguBuNHCQhGp0EuZFoHpETrFhVEvi,24.24,24.49,24.74,25.00,27.00,24.42,25.00,25.00,27.00,,25.00,,29.00,27.00,25.00,25.00,,,25.00,25.00,25.00,
Yes,,Carebeau Goat Milk Body Shower Cream (270g) - Royal Jelly & Lemon,Carebeau,Shower Gel,Carebeau Goat Milk Body Shower Cream (270g),Royal Jelly & Lemon,24,,29.00,27.00,25.00,24.00,29.00,26.10,"1.สั่งซื้อ 1 โหล ราคา NTE. (ไม่มีส่วนลด)
2.สั่งซื้อ 24 โหล ส่วนลด 3%
3.สั่งซื้อ 100 โหล ส่วนลด 6%
1.สั่งซื้อ 200 โหล ส่วนลด 10%",10.00,3401.11.50,ครีมอาบน้ำ,0.27,23.800,44.5x55.5x24,44.50,55.50,24.00,0.059,72,556,"1,012",,,,https://www.carebeau-enjoy.com/menu-items/carebeau-goat-milk-body-shower-cream,https://lh3.googleusercontent.com/d/140uUxzqkQKTRJFQpNA7wVuAif76drAl5,24.24,24.49,24.74,25.00,27.00,24.42,25.00,25.00,27.00,,25.00,,29.00,27.00,25.00,25.00,,,25.00,25.00,25.00,
No,,Carebeau Goat Milk Body Lotion (300g) - White,Carebeau,Body Lotion,Carebeau Goat Milk Body Lotion (300g),White,19,,29.00,25.00,25.00,24.00,29.00,26.10,"1.สั่งซื้อ 1 โหล ราคา NTE. (ไม่มีส่วนลด)
2.สั่งซื้อ 24 โหล ส่วนลด 3%
3.สั่งซื้อ 100 โหล ส่วนลด 6%
1.สั่งซื้อ 200 โหล ส่วนลด 10%",10.00,3304.99.90,โลชั่นทาผิว,0.30,25.800,44.5x55.5x24.5,44.50,55.50,24.50,0.061,72,545,991,,,,https://www.carebeau-enjoy.com/menu-items/carebeau-goat-milk-body-lotion,https://lh3.googleusercontent.com/d/12uaGhwSzSc-cWYjSjLA0DF7R0RMYGRaC,24.24,24.49,24.74,25.00,25.00,24.42,25.00,25.00,25.00,,25.00,,27.00,27.00,25.00,25.00,,1.00,25.00,25.00,25.00,
No,,Carebeau Goat Milk Body Lotion (300g) - Pink,Carebeau,Body Lotion,Carebeau Goat Milk Body Lotion (300g),Pink,18,,29.00,25.00,25.00,24.00,29.00,26.10,"1.สั่งซื้อ 1 โหล ราคา NTE. (ไม่มีส่วนลด)
2.สั่งซื้อ 24 โหล ส่วนลด 3%
3.สั่งซื้อ 100 โหล ส่วนลด 6%
1.สั่งซื้อ 200 โหล ส่วนลด 10%",10.00,3304.99.90,โลชั่นทาผิว,0.30,25.800,44.5x55.5x24.5,44.50,55.50,24.50,0.061,72,545,991,,,,https://www.carebeau-enjoy.com/menu-items/carebeau-goat-milk-body-lotion,https://lh3.googleusercontent.com/d/12xeJVOGiSUiuVyfVA8CYltWoQ6NqZZsH,24.24,24.49,24.74,25.00,25.00,24.42,25.00,25.00,25.00,,25.00,,27.00,27.00,25.00,25.00,,1.00,25.00,25.00,25.00,
No,,Carebeau Goat Milk Body Lotion (300g) - Goji-Berry,Carebeau,Body Lotion,Carebeau Goat Milk Body Lotion (300g),Goji-Berry,18,,29.00,25.00,25.00,24.00,29.00,26.10,"1.สั่งซื้อ 1 โหล ราคา NTE. (ไม่มีส่วนลด)
2.สั่งซื้อ 24 โหล ส่วนลด 3%
3.สั่งซื้อ 100 โหล ส่วนลด 6%
1.สั่งซื้อ 200 โหล ส่วนลด 10%",10.00,3304.99.90,โลชั่นทาผิว,0.30,25.800,44.5x55.5x24.5,44.50,55.50,24.50,0.061,72,545,991,,,,https://www.carebeau-enjoy.com/menu-items/carebeau-goat-milk-body-lotion,https://lh3.googleusercontent.com/d/13-Ge7A9_V0nvlCyffbcclyB_8NYLtcTm,24.24,24.49,24.74,25.00,25.00,24.42,25.00,25.00,25.00,,25.00,,27.00,27.00,25.00,25.00,,1.00,25.00,25.00,25.00,
No,,Carebeau Goat Milk Body Lotion (300g) - Royal Jelly & Lemon,Carebeau,Body Lotion,Carebeau Goat Milk Body Lotion (300g),Royal Jelly & Lemon,17,,29.00,25.00,25.00,24.00,29.00,26.10,"1.สั่งซื้อ 1 โหล ราคา NTE. (ไม่มีส่วนลด)
2.สั่งซื้อ 24 โหล ส่วนลด 3%
3.สั่งซื้อ 100 โหล ส่วนลด 6%
1.สั่งซื้อ 200 โหล ส่วนลด 10%",10.00,3304.99.90,โลชั่นทาผิว,0.30,25.800,44.5x55.5x24.5,44.50,55.50,24.50,0.061,72,545,991,,,,https://www.carebeau-enjoy.com/menu-items/carebeau-goat-milk-body-lotion,https://lh3.googleusercontent.com/d/12uus0su3LSEOayvkfFiz2jUA04IeFtAK,24.24,24.49,24.74,25.00,25.00,24.42,25.00,25.00,25.00,,25.00,,27.00,27.00,25.00,25.00,,1.00,25.00,25.00,25.00,
Yes,LTCB-200-02,Carebeau White Spa Spot Remover UV White Lotion (200ml) - Pink,Carebeau,Body Lotion,Carebeau White Spa Spot Remover UV White Lotion (200ml),Pink,,,22.00,20.00,20.00,20.00,22.00,19.80,"1.สั่งซื้อ 12 โหล ลดท้ายบิล 3%
2.สั่งซื้อ 24 โหล ลดท้ายบิล 5%
3.สั่งซื้อ 36 โหล ลดท้ายบิล 8%
3.สั่งซื้อ 100 โหล ลดท้ายบิล 10%",10.00,3304.99.90,โลชั่นทาผิว,0.20,17.000,34.5x38.4x20,34.50,38.40,20.00,0.026,72,"1,245","1,529",,,,https://www.carebeau-enjoy.com/menu-items/carebeau-body-whitening-white-spa,https://lh3.googleusercontent.com/d/19jCb674RqVHYZRgJgKvhHgQmVNo1eR5X,x,x,x,20.00,20.00,19.67,20.00,,20.00,,20.00,,21.00,,,20.00,,,,,,
Yes,,Carebeau White Spa Spot Remover UV White Lotion (200ml) - White,Carebeau,Body Lotion,Carebeau White Spa Spot Remover UV White Lotion (200ml),White,25,,22.00,20.00,20.00,20.00,22.00,19.80,"1.สั่งซื้อ 12 โหล ลดท้ายบิล 3%
2.สั่งซื้อ 24 โหล ลดท้ายบิล 5%
3.สั่งซื้อ 36 โหล ลดท้ายบิล 8%
3.สั่งซื้อ 100 โหล ลดท้ายบิล 10%",10.00,3304.99.90,โลชั่นทาผิว,0.20,17.000,34.5x38.4x20,34.50,38.40,20.00,0.026,72,"1,245","1,529",,,,https://www.carebeau-enjoy.com/menu-items/carebeau-body-whitening-white-spa,https://lh3.googleusercontent.com/d/19ftdYh9psskg-qTjf2UCS7GE1VOXeESC,x,x,x,20.00,20.00,19.67,20.00,,20.00,,20.00,,21.00,,,20.00,,,,,,
Yes,,Carebeau Vitamin E Moisturizing Cream With Apricot Kernel Oil (500ml) - Pink,Carebeau,Body Lotion,Carebeau Vitamin E Moisturizing Cream With Apricot Kernel Oil (500ml),Pink,24,,37.00,38.00,35.00,28.00,37.00,27.53,"12 โหล แถม 1 โหล
50 โหล แถม 6 โหล
100 โหล แถม 15 โหล
รวมรายการกับ ครีมหาผิว วิตามินอี",15.00,3304.99.90,ครีมทาผิว,0.50,6.600,30x40x12.3,30.00,40.00,12.30,0.015,12,"2,235","3,939",,,,https://www.carebeau-enjoy.com/menu-items/carebeau-vitamin-e-moisturizing,https://lh3.googleusercontent.com/d/19rScCce_EgdVV8kQaNOwzfyvHeEDZsxE,28.28,28.57,28.87,35.00,29.28,32.00,35.00,35.00,38.00,,32.00,,40.00,,30.00,35.00,,,35.00,35.00,35.00,1.09
Yes,,Carebeau Vitamin E Moisturizing Cream With Apricot Kernel Oil (500ml) - White,Carebeau,Body Lotion,Carebeau Vitamin E Moisturizing Cream With Apricot Kernel Oil (500ml),White,22,,37.00,38.00,35.00,28.00,37.00,27.53,"12 โหล แถม 1 โหล
50 โหล แถม 6 โหล
100 โหล แถม 15 โหล
รวมรายการกับ ครีมหาผิว วิตามินอี",15.00,3304.99.90,ครีมทาผิว,0.50,6.600,30x40x12.3,30.00,40.00,12.30,0.015,12,"2,235","3,939",,,,https://www.carebeau-enjoy.com/menu-items/carebeau-vitamin-e-moisturizing,https://lh3.googleusercontent.com/d/19pP9TLim9LDSdACFteaNCGfL-HVdjbSu,28.28,28.57,28.87,35.00,29.28,32.00,35.00,35.00,38.00,,32.00,,40.00,,30.00,35.00,,,35.00,35.00,35.00,1.09
Yes,,Carebeau Vitamin E Moisturizing Cream With Apricot Kernel Oil (500ml) - Green,Carebeau,Body Lotion,Carebeau Vitamin E Moisturizing Cream With Apricot Kernel Oil (500ml),Green,21,,37.00,38.00,35.00,28.00,37.00,27.53,"12 โหล แถม 1 โหล
50 โหล แถม 6 โหล
100 โหล แถม 15 โหล
รวมรายการกับ ครีมหาผิว วิตามินอี",15.00,3304.99.90,ครีมทาผิว,0.50,6.600,30x40x12.3,30.00,40.00,12.30,0.015,12,"2,235","3,939",,,,https://www.carebeau-enjoy.com/menu-items/carebeau-vitamin-e-moisturizing,https://lh3.googleusercontent.com/d/19vEvR7nfLmasGLWZggmaDJ6LKXw3FZKf,28.28,28.57,28.87,35.00,29.28,32.00,35.00,35.00,38.00,,32.00,,40.00,,30.00,35.00,,,35.00,35.00,35.00,1.09
Yes,,Carebeau Vitamin E Moisturizing Cream With Apricot Kernel Oil (500ml) - Base (No scent),Carebeau,Body Lotion,Carebeau Vitamin E Moisturizing Cream With Apricot Kernel Oil (500ml),Base (No scent),21,,37.00,38.00,35.00,28.00,37.00,27.53,"12 โหล แถม 1 โหล
50 โหล แถม 6 โหล
100 โหล แถม 15 โหล
รวมรายการกับ ครีมหาผิว วิตามินอี",15.00,3304.99.90,ครีมทาผิว,0.50,6.600,30x40x12.3,30.00,40.00,12.30,0.015,12,"2,235","3,939",,,,https://www.carebeau-enjoy.com/menu-items/carebeau-vitamin-e-moisturizing,https://lh3.googleusercontent.com/d/19zC5FLHKeVsY1hzRz7DUYqztG7IguZ-C,28.28,28.57,28.87,35.00,29.28,32.00,35.00,35.00,38.00,,32.00,,40.00,,30.00,35.00,,,35.00,35.00,35.00,1.09
Yes,,Carebeau Soy Milk Protein Body Cream (500ml) - Milk Protein,Carebeau,Body Lotion,Carebeau Soy Milk Protein Body Cream (500ml),Milk Protein,21,,37.00,38.00,35.00,28.00,37.00,27.53,"12 โหล แถม 1 โหล
50 โหล แถม 6 โหล
100 โหล แถม 15 โหล
รวมรายการกับ ครีมหาผิว วิตามินอี",15.00,3304.99.90,ครีมทาผิว,0.50,6.600,30x40x12.3,30.00,40.00,12.30,0.015,12,"2,235","3,939",,,,https://www.carebeau-enjoy.com/menu-items/carebeau-vitamin-e-moisturizing,https://lh3.googleusercontent.com/d/1A53bpbXVnjxEVk9yr2bxKd0UtxDOqlr2,28.28,28.57,28.87,35.00,29.28,32.00,35.00,35.00,38.00,,32.00,,40.00,,30.00,35.00,,,35.00,35.00,35.00,1.09
Yes,,Carebeau Vitamin C Moisturizing Cream With Apricot Kernel Oil (500ml) - Vitamin C,Carebeau,Body Lotion,Carebeau Vitamin C Moisturizing Cream With Apricot Kernel Oil (500ml),Vitamin C,25,,37.00,38.00,35.00,28.00,37.00,27.53,"12 โหล แถม 1 โหล
50 โหล แถม 6 โหล
100 โหล แถม 15 โหล
รวมรายการกับ ครีมทาผิว วิตามินอี",15.00,3304.99.90,ครีมทาผิว,0.50,6.600,30x40x12.3,30.00,40.00,12.30,0.015,12,"2,235","3,939",,,,https://www.carebeau-enjoy.com/menu-items/carebeau-vitamin-c-moisturizing,https://lh3.googleusercontent.com/d/1B99tWbHWNOIXAhYZaz1EelDLzkC-wY7f,28.28,28.57,28.87,35.00,29.28,32.00,35.00,35.00,38.00,,32.00,,40.00,,30.00,35.00,,,35.00,35.00,35.00,1.09
Yes,LTCB-600-17,Carebeau Vitamin E Moisturizing Cream With Apricot Kernel Oil (600ml) - Pink,Carebeau,Body Lotion,Carebeau Vitamin E Moisturizing Cream With Apricot Kernel Oil (600ml),Pink,,,59.00,53.00,53.00,48.00,59.00,53.10,"""ซื้อ 4 โหล ลดท้ายบิล 3%
ซื้อ 6 โหล ลดท้ายบิล 5%
ซื้อ 12 โหล ลดท้ายบิล 10%""",10.00,3304.99.90,ครีมทาผิว,0.60,8.620,22.5x41.2x25.5,22.50,41.20,25.50,0.024,12,"1,396","2,538",,,,https://www.carebeau-enjoy.com/menu-items/carebeau-vitamin-e-moisturizing,https://lh3.googleusercontent.com/d/17312MthjtK6pVwr85dCw7R2CsU9HHF71,53.00,53.00,53.00,,,,,,53.00,,,,,,,,,,,,,
Yes,LTCB-600-15,Carebeau Vitamin E Moisturizing Cream With Apricot Kernel Oil (600ml) - White,Carebeau,Body Lotion,Carebeau Vitamin E Moisturizing Cream With Apricot Kernel Oil (600ml),White,,,59.00,53.00,53.00,48.00,59.00,53.10,"""ซื้อ 4 โหล ลดท้ายบิล 3%
ซื้อ 6 โหล ลดท้ายบิล 5%
ซื้อ 12 โหล ลดท้ายบิล 10%""",10.00,3304.99.90,ครีมทาผิว,0.60,8.620,22.5x41.2x25.5,22.50,41.20,25.50,0.024,12,"1,396","2,538",,,,https://www.carebeau-enjoy.com/menu-items/carebeau-vitamin-e-moisturizing,https://lh3.googleusercontent.com/d/1WkgpsDfRIYVmLTb-vVFr-xKVNd66Xoic,53.00,53.00,53.00,,,,,,53.00,,,,,,,,,,,,,
Yes,LTCB-600-16,Carebeau Vitamin E Moisturizing Cream With Apricot Kernel Oil (600ml) - Green,Carebeau,Body Lotion,Carebeau Vitamin E Moisturizing Cream With Apricot Kernel Oil (600ml),Green,,,59.00,53.00,53.00,48.00,59.00,53.10,"""ซื้อ 4 โหล ลดท้ายบิล 3%
ซื้อ 6 โหล ลดท้ายบิล 5%
ซื้อ 12 โหล ลดท้ายบิล 10%""",10.00,3304.99.90,ครีมทาผิว,0.60,8.620,22.5x41.2x25.5,22.50,41.20,25.50,0.024,12,"1,396","2,538",,,,https://www.carebeau-enjoy.com/menu-items/carebeau-vitamin-e-moisturizing,https://lh3.googleusercontent.com/d/1BdrwJjMNOPYStcMr8XP7On6XLnBU_oJ0,53.00,53.00,53.00,,,,,,53.00,,,,,,,,,,,,,
No,,Carebeau Vitamin E Moisturizing Cream With Apricot Kernel Oil (250ml) - Pink,Carebeau,Body Lotion,Carebeau Vitamin E Moisturizing Cream With Apricot Kernel Oil (250ml),Pink,,,,,,,,,,,3304.99.90,ครีมทาผิว,0.25,6.600,30x40x12.3,30.00,40.00,12.30,0.015,12,"2,235","3,939",,,,,https://lh3.googleusercontent.com/d/,0.00,0.00,0.00,,18.00,,,,,,,,0.00,,,,,,,,,
No,,Carebeau Vitamin E Moisturizing Cream With Apricot Kernel Oil (250ml) - White,Carebeau,Body Lotion,Carebeau Vitamin E Moisturizing Cream With Apricot Kernel Oil (250ml),White,,,,,,,,,,,3304.99.90,ครีมทาผิว,0.25,6.600,30x40x12.3,30.00,40.00,12.30,0.015,12,"2,235","3,939",,,,,https://lh3.googleusercontent.com/d/,0.00,0.00,0.00,,18.00,,,,,,,,0.00,,,,,,,,,
No,,Carebeau Vitamin E Moisturizing Cream With Apricot Kernel Oil (250ml) - Green,Carebeau,Body Lotion,Carebeau Vitamin E Moisturizing Cream With Apricot Kernel Oil (250ml),Green,,,,,,,,,,,3304.99.90,ครีมทาผิว,0.25,6.600,30x40x12.3,30.00,40.00,12.30,0.015,12,"2,235","3,939",,,,,https://lh3.googleusercontent.com/d/,0.00,0.00,0.00,,18.00,,,,,,,,0.00,,,,,,,,,
No,,Carebeau Soy Milk Protein Body Cream (250ml),Carebeau,Body Lotion,Carebeau Soy Milk Protein Body Cream (250ml),,,,,,,,,,,,3304.99.90,ครีมทาผิว,0.25,6.600,30x40x12.3,30.00,40.00,12.30,0.015,12,"2,235","3,939",,,,,https://lh3.googleusercontent.com/d/,0.00,0.00,0.00,,18.00,,,,,,,,0.00,,,,,,,,,
Yes,,Carebeau Vitamin E Milky Care (500ml) - Strawberry,Carebeau,Body Lotion,Carebeau Vitamin E Milky Care (500ml),Strawberry,24,24,37.00,43.00,40.00,34.00,37.00,33.30,"1.ซื้อ 15 โหลลดท้ายบิล 5%
2.ซื้อ 20 โหลลดท้ายบิล 8%
3.ซื้อ 25 โหลลดท้ายบิล 10%",10.00,3304.99.90,ครีมทาผิว,0.50,6.600,30x40x12.3,30.00,40.00,12.30,0.015,12,"2,235","3,939",,,,https://www.carebeau-enjoy.com/menu-items/carebeau-vitamin-e-milky-care,https://lh3.googleusercontent.com/d/19o1g0VVRKwnqGkYa_NLrCzXhbgW7Q_Qn,34.34,34.69,35.05,40.00,40.00,30.68,40.00,,43.00,,38.00,,46.00,,40.00,40.00,,,,,,1.25
Yes,,Carebeau Vitamin E Milky Care (500ml) - Aloe vera,Carebeau,Body Lotion,Carebeau Vitamin E Milky Care (500ml),Aloe vera,#N/A,#N/A,37.00,43.00,40.00,34.00,37.00,33.30,"1.ซื้อ 15 โหลลดท้ายบิล 5%
2.ซื้อ 20 โหลลดท้ายบิล 8%
3.ซื้อ 25 โหลลดท้ายบิล 10%",10.00,3304.99.90,ครีมทาผิว,0.50,6.600,30x40x12.3,30.00,40.00,12.30,0.015,12,"2,235","3,939",,,,https://www.carebeau-enjoy.com/menu-items/carebeau-vitamin-e-milky-care,https://lh3.googleusercontent.com/d/19ofnUrHMQ0AKyX6AO6jY3j0pNj488aSz,34.34,34.69,35.05,40.00,40.00,30.68,40.00,,43.00,,38.00,,46.00,,40.00,40.00,,,,,,1.25
Yes,,Carebeau Ceramide Body Cream 250ml,Carebeau,Body Lotion,Carebeau Ceramide Body Cream 250ml,,#N/A,#N/A,74.00,63.00,63.00,60.00,74.00,66.60,"1.ซื้อ 4 โหล ได้รับส่วนลด 5% 
2.ซื้อ 8 โหล ได้รับส่วนลด  10%",10.00,3304.99.90,ครีมทาผิว,0.25,3.600,18.5x26.8x13.8,18.50,26.80,13.80,0.007,12,"4,823","7,222",,,,https://www.carebeau-enjoy.com/menu-items/carebeau-vitamin-e-10x-ceramide-body-cream,https://lh3.googleusercontent.com/d/1sfot3vrl6bwZDsB_SdxoSKfGWWN2t2T5,60.61,61.22,61.86,63.00,63.00,63.00,63.00,63.00,63.00,,63.00,,65.00,,63.00,63.00,,,63.00,63.00,63.00,1.96
Yes,,Carebeau Vitamin E 10X Body Cream 250ml,Carebeau,Body Lotion,Carebeau Vitamin E 10X Body Cream 250ml,,#N/A,#N/A,74.00,63.00,63.00,60.00,74.00,66.60,"1.ซื้อ 4 โหล ได้รับส่วนลด 5% 
2.ซื้อ 8 โหล ได้รับส่วนลด  10%",10.00,3304.99.90,ครีมทาผิว,0.25,3.600,18.5x26.8x13.8,18.50,26.80,13.80,0.007,12,"4,823","7,222",,,,https://www.carebeau-enjoy.com/menu-items/carebeau-vitamin-e-10x-ceramide-body-cream,https://lh3.googleusercontent.com/d/1D0hnV_rHLa-SkRr7UVwKLPwqh_AO7a1v,60.61,61.22,61.86,63.00,63.00,63.00,63.00,63.00,63.00,,63.00,,65.00,,63.00,63.00,,,63.00,63.00,63.00,1.96
Yes,,Carebeau Spa Lightening Salt (700g) - Turmeric,Carebeau,Body Scrub,Carebeau Spa Lightening Salt (700g),Turmeric,27,30,34.00,36.00,33.00,30.00,34.00,31.28,"ซื้อ 1-3 โหล ราคา NET
ซื้อ 4 โหล ลด 3% / ซื้อ 12 โหล ลด 5% /ซื้อ 60 โหล ลด  8%",8.00,3304.99.90,เกลือขัดผิว,0.70,9.500,29.7x38.8x11.5,29.70,38.80,11.50,0.013,12,"2,490","2,736",,,,https://www.carebeau-enjoy.com/menu-items/carebeau-spa-lightening-salt-scrub,https://lh3.googleusercontent.com/d/1ARwvDe49aqxcQAM8AruGxsvgJXLHKBOL,30.30,30.61,30.93,32.00,31.80,29.70,32.00,26.50,36.00,,32.00,,34.00,34.00,32.00,33.00,,,33.00,28.00,33.00,
Yes,,Carebeau Spa Lightening Salt (700g) - Mixed Fruits,Carebeau,Body Scrub,Carebeau Spa Lightening Salt (700g),Mixed Fruits,30,30,34.00,36.00,33.00,30.00,34.00,31.28,"ซื้อ 1-3 โหล ราคา NET
ซื้อ 4 โหล ลด 3% / ซื้อ 12 โหล ลด 5% /ซื้อ 60 โหล ลด  8%",8.00,3304.99.90,เกลือขัดผิว,0.70,9.500,29.7x38.8x11.5,29.70,38.80,11.50,0.013,12,"2,490","2,736",,,,https://www.carebeau-enjoy.com/menu-items/carebeau-spa-lightening-salt-scrub,https://lh3.googleusercontent.com/d/1AolWKB83I7J3WQ1Erzh7UqrRhJbx9VtI,30.30,30.61,30.93,32.00,31.80,29.70,32.00,26.50,36.00,,32.00,,34.00,34.00,32.00,33.00,,,33.00,28.00,33.00,
Yes,,Carebeau Spa Lightening Salt (700g) - Tamarind,Carebeau,Body Scrub,Carebeau Spa Lightening Salt (700g),Tamarind,28,30,34.00,36.00,33.00,30.00,34.00,31.28,"ซื้อ 1-3 โหล ราคา NET
ซื้อ 4 โหล ลด 3% / ซื้อ 12 โหล ลด 5% /ซื้อ 60 โหล ลด  8%",8.00,3304.99.90,เกลือขัดผิว,0.70,9.500,29.7x38.8x11.5,29.70,38.80,11.50,0.013,12,"2,490","2,736",,,,https://www.carebeau-enjoy.com/menu-items/carebeau-spa-lightening-salt-scrub,https://lh3.googleusercontent.com/d/1AVo6AB7QIfetlgw--NGza1pL75CbwVNj,30.30,30.61,30.93,32.00,31.80,29.70,32.00,26.50,36.00,,32.00,,34.00,34.00,32.00,33.00,,,33.00,28.00,33.00,
Yes,,Carebeau Spa Lightening Salt (700g) - Tomato,Carebeau,Body Scrub,Carebeau Spa Lightening Salt (700g),Tomato,30,30,34.00,36.00,33.00,30.00,34.00,31.28,"ซื้อ 1-3 โหล ราคา NET
ซื้อ 4 โหล ลด 3% / ซื้อ 12 โหล ลด 5% /ซื้อ 60 โหล ลด  8%",8.00,3304.99.90,เกลือขัดผิว,0.70,9.500,29.7x38.8x11.5,29.70,38.80,11.50,0.013,12,"2,490","2,736",,,,https://www.carebeau-enjoy.com/menu-items/carebeau-spa-lightening-salt-scrub,https://lh3.googleusercontent.com/d/1ATkjP4juJlRQuKCCBhelE1-LgZtBHsga,30.30,30.61,30.93,32.00,31.80,29.70,32.00,26.50,36.00,,32.00,,34.00,34.00,32.00,33.00,,,33.00,28.00,33.00,
Yes,,Carebeau Spa Lightening Salt (700g) - Orange,Carebeau,Body Scrub,Carebeau Spa Lightening Salt (700g),Orange,28,30,34.00,36.00,33.00,30.00,34.00,31.28,"ซื้อ 1-3 โหล ราคา NET
ซื้อ 4 โหล ลด 3% / ซื้อ 12 โหล ลด 5% /ซื้อ 60 โหล ลด  8%",8.00,3304.99.90,เกลือขัดผิว,0.70,9.500,29.7x38.8x11.5,29.70,38.80,11.50,0.013,12,"2,490","2,736",,,,https://www.carebeau-enjoy.com/menu-items/carebeau-spa-lightening-salt-scrub,https://lh3.googleusercontent.com/d/1AdiYo4p0OB-2UAIbWv-K43jP80SH3a4O,30.30,30.61,30.93,32.00,31.80,29.70,32.00,26.50,36.00,,32.00,,34.00,34.00,32.00,33.00,,,33.00,28.00,33.00,
Yes,,Carebeau Spa Lightening Salt (700g) - Milk and Yoghurt,Carebeau,Body Scrub,Carebeau Spa Lightening Salt (700g),Milk and Yoghurt,28,30,34.00,36.00,33.00,30.00,34.00,31.28,"ซื้อ 1-3 โหล ราคา NET
ซื้อ 4 โหล ลด 3% / ซื้อ 12 โหล ลด 5% /ซื้อ 60 โหล ลด  8%",8.00,3304.99.90,เกลือขัดผิว,0.70,9.500,29.7x38.8x11.5,29.70,38.80,11.50,0.013,12,"2,490","2,736",,,,https://www.carebeau-enjoy.com/menu-items/carebeau-spa-lightening-salt-scrub,https://lh3.googleusercontent.com/d/18GxxPBSStlbpdiwjKoBF8NkdWtvIFr_f,30.30,30.61,30.93,32.00,31.80,29.70,32.00,26.50,36.00,,32.00,,34.00,34.00,32.00,33.00,,,33.00,28.00,33.00,
Yes,,Carebeau Spa Lightening Salt (700g) - Cantaloupe,Carebeau,Body Scrub,Carebeau Spa Lightening Salt (700g),Cantaloupe,29,30,34.00,36.00,33.00,30.00,34.00,31.28,"ซื้อ 1-3 โหล ราคา NET
ซื้อ 4 โหล ลด 3% / ซื้อ 12 โหล ลด 5% /ซื้อ 60 โหล ลด  8%",8.00,3304.99.90,เกลือขัดผิว,0.70,9.500,29.7x38.8x11.5,29.70,38.80,11.50,0.013,12,"2,490","2,736",,,,https://www.carebeau-enjoy.com/menu-items/carebeau-spa-lightening-salt-scrub,https://lh3.googleusercontent.com/d/18X3VUIQP-wpp0JAIuNzQY8wWoX2KA4ey,30.30,30.61,30.93,32.00,31.80,29.70,32.00,26.50,36.00,,32.00,,34.00,34.00,32.00,33.00,,,33.00,28.00,33.00,
Yes,,Carebeau Spa Lightening Salt (700g) - Lakoocha,Carebeau,Body Scrub,Carebeau Spa Lightening Salt (700g),Lakoocha,30,30,34.00,36.00,33.00,30.00,34.00,31.28,"ซื้อ 1-3 โหล ราคา NET
ซื้อ 4 โหล ลด 3% / ซื้อ 12 โหล ลด 5% /ซื้อ 60 โหล ลด  8%",8.00,3304.99.90,เกลือขัดผิว,0.70,9.500,29.7x38.8x11.5,29.70,38.80,11.50,0.013,12,"2,490","2,736",,,,https://www.carebeau-enjoy.com/menu-items/carebeau-spa-lightening-salt-scrub,https://lh3.googleusercontent.com/d/18QqaHGR1KJJLK3z5GHc59VnAGR7buNlz,30.30,30.61,30.93,32.00,31.80,29.70,32.00,26.50,36.00,,32.00,,34.00,34.00,32.00,33.00,,,33.00,28.00,33.00,
Yes,,Carebeau Spa Lightening Salt (700g) - Carrot,Carebeau,Body Scrub,Carebeau Spa Lightening Salt (700g),Carrot,29,30,34.00,36.00,33.00,30.00,34.00,31.28,"ซื้อ 1-3 โหล ราคา NET
ซื้อ 4 โหล ลด 3% / ซื้อ 12 โหล ลด 5% /ซื้อ 60 โหล ลด  8%",8.00,3304.99.90,เกลือขัดผิว,0.70,9.500,29.7x38.8x11.5,29.70,38.80,11.50,0.013,12,"2,490","2,736",,,,https://www.carebeau-enjoy.com/menu-items/carebeau-spa-lightening-salt-scrub,https://lh3.googleusercontent.com/d/18TsIWQ7t2HioPnUCKOmGFXW1BQr2yP25,30.30,30.61,30.93,32.00,31.80,29.70,32.00,26.50,36.00,,32.00,,34.00,34.00,32.00,33.00,,,33.00,28.00,33.00,
Yes,,Carebeau Spa Lightening Salt (700g) - Papaya,Carebeau,Body Scrub,Carebeau Spa Lightening Salt (700g),Papaya,30,30,34.00,36.00,33.00,30.00,34.00,31.28,"ซื้อ 1-3 โหล ราคา NET
ซื้อ 4 โหล ลด 3% / ซื้อ 12 โหล ลด 5% /ซื้อ 60 โหล ลด  8%",8.00,3304.99.90,เกลือขัดผิว,0.70,9.500,29.7x38.8x11.5,29.70,38.80,11.50,0.013,12,"2,490","2,736",,,,https://www.carebeau-enjoy.com/menu-items/carebeau-spa-lightening-salt-scrub,https://lh3.googleusercontent.com/d/1AXZCr89w62TZu8g_nwe2SAAnUz_9XNv6,30.30,30.61,30.93,32.00,31.80,29.70,32.00,26.50,36.00,,32.00,,34.00,34.00,32.00,33.00,,,33.00,28.00,33.00,
Yes,,Carebeau Body Massage Oil (450ml) - No scent,Carebeau,Massage Oil,Carebeau Body Massage Oil (450ml),No scent,35,39,55.00,60.00,55.00,46.00,55.00,45.10,"1. ชื่อ 6 โหล ลด 8%
2.ซื้อ 12 โหล ลด 12%
3.ซื้อ 24 โหล ลด 18%",18.00,3304.99.30,น้ำมันนวดตัว,0.38,5.210,21x27.5x20,21.00,27.50,20.00,0.012,12,"2,857","4,990",,,,https://www.carebeau-enjoy.com/menu-items/carebeau-body-massage-oil-butter,https://lh3.googleusercontent.com/d/1TWoCE4kDoX5fSEpEgEIf7Nn9cPKT5a0y,46.46,46.94,47.42,55.00,52.00,44.93,55.00,,60.00,,55.00,,63.00,,50.00,55.00,,,55.00,50.00,55.00,1.60
Yes,,Carebeau Body Massage Oil (450ml) - Citronella,Carebeau,Massage Oil,Carebeau Body Massage Oil (450ml),Citronella,38,39,55.00,60.00,55.00,46.00,55.00,45.10,"1. ชื่อ 6 โหล ลด 8%
2.ซื้อ 12 โหล ลด 12%
3.ซื้อ 24 โหล ลด 18%",18.00,3304.99.30,น้ำมันนวดตัว,0.38,5.210,21x27.5x20,21.00,27.50,20.00,0.012,12,"2,857","4,990",,,,https://www.carebeau-enjoy.com/menu-items/carebeau-body-massage-oil-butter,https://lh3.googleusercontent.com/d/1TWoCE4kDoX5fSEpEgEIf7Nn9cPKT5a0y,46.46,46.94,47.42,55.00,52.00,44.93,55.00,,60.00,,55.00,,63.00,,50.00,55.00,,,55.00,50.00,55.00,1.60
Yes,,Carebeau Body Massage Oil (450ml) - Rachawadee,Carebeau,Massage Oil,Carebeau Body Massage Oil (450ml),Rachawadee,37,39,55.00,60.00,55.00,46.00,55.00,45.10,"1. ชื่อ 6 โหล ลด 8%
2.ซื้อ 12 โหล ลด 12%
3.ซื้อ 24 โหล ลด 18%",18.00,3304.99.30,น้ำมันนวดตัว,0.38,5.210,21x27.5x20,21.00,27.50,20.00,0.012,12,"2,857","4,990",,,,https://www.carebeau-enjoy.com/menu-items/carebeau-body-massage-oil-butter,https://lh3.googleusercontent.com/d/1TWoCE4kDoX5fSEpEgEIf7Nn9cPKT5a0y,46.46,46.94,47.42,55.00,52.00,44.93,55.00,,60.00,,55.00,,63.00,,50.00,55.00,,,55.00,50.00,55.00,1.60
Yes,BMCB-450-08,Carebeau Body Massage Oil (450ml) - Peppermint,Carebeau,Massage Oil,Carebeau Body Massage Oil (450ml),Peppermint,,,55.00,60.00,55.00,46.00,55.00,45.10,"1. ชื่อ 6 โหล ลด 8%
2.ซื้อ 12 โหล ลด 12%
3.ซื้อ 24 โหล ลด 18%",18.00,3304.99.30,น้ำมันนวดตัว,0.38,5.210,21x27.5x20,21.00,27.50,20.00,0.012,12,"2,857","4,990",,,,https://www.carebeau-enjoy.com/menu-items/carebeau-body-massage-oil-butter,https://lh3.googleusercontent.com/d/1TWoCE4kDoX5fSEpEgEIf7Nn9cPKT5a0y,46.46,46.94,47.42,55.00,52.00,44.93,55.00,,60.00,,55.00,,63.00,,50.00,55.00,,,55.00,50.00,55.00,1.60
Yes,BMCB-450-23,Carebeau Body Massage Oil (450ml) - Rice Milk,Carebeau,Massage Oil,Carebeau Body Massage Oil (450ml),Rice Milk,,,55.00,60.00,55.00,46.00,55.00,45.10,"1. ชื่อ 6 โหล ลด 8%
2.ซื้อ 12 โหล ลด 12%
3.ซื้อ 24 โหล ลด 18%",18.00,3304.99.30,น้ำมันนวดตัว,0.38,5.210,21x27.5x20,21.00,27.50,20.00,0.012,12,"2,857","4,990",,,,https://www.carebeau-enjoy.com/menu-items/carebeau-body-massage-oil-butter,https://lh3.googleusercontent.com/d/1TWoCE4kDoX5fSEpEgEIf7Nn9cPKT5a0y,46.46,46.94,47.42,55.00,52.00,44.93,55.00,,60.00,,55.00,,63.00,,50.00,55.00,,,55.00,50.00,55.00,1.60
Yes,,Carebeau Body Massage Oil (450ml) - Lavender,Carebeau,Massage Oil,Carebeau Body Massage Oil (450ml),Lavender,39,39,55.00,60.00,55.00,46.00,55.00,45.10,"1. ชื่อ 6 โหล ลด 8%
2.ซื้อ 12 โหล ลด 12%
3.ซื้อ 24 โหล ลด 18%",18.00,3304.99.30,น้ำมันนวดตัว,0.38,5.210,21x27.5x20,21.00,27.50,20.00,0.012,12,"2,857","4,990",,,,https://www.carebeau-enjoy.com/menu-items/carebeau-body-massage-oil-butter,https://lh3.googleusercontent.com/d/1TWoCE4kDoX5fSEpEgEIf7Nn9cPKT5a0y,46.46,46.94,47.42,55.00,52.00,44.93,55.00,,60.00,,55.00,,63.00,,50.00,55.00,,,55.00,50.00,55.00,1.60
Yes,BMCB-450-16,Carebeau Body Massage Oil (450ml) - Spa Refreshing,Carebeau,Massage Oil,Carebeau Body Massage Oil (450ml),Spa Refreshing,,,55.00,60.00,55.00,46.00,55.00,45.10,"1. ชื่อ 6 โหล ลด 8%
2.ซื้อ 12 โหล ลด 12%
3.ซื้อ 24 โหล ลด 18%",18.00,3304.99.30,น้ำมันนวดตัว,0.38,5.210,21x27.5x20,21.00,27.50,20.00,0.012,12,"2,857","4,990",,,,https://www.carebeau-enjoy.com/menu-items/carebeau-body-massage-oil-butter,https://lh3.googleusercontent.com/d/1TWoCE4kDoX5fSEpEgEIf7Nn9cPKT5a0y,46.46,46.94,47.42,55.00,52.00,44.93,55.00,,60.00,,55.00,,63.00,,50.00,55.00,,,55.00,50.00,55.00,1.60
Yes,,Carebeau Body Massage Oil (450ml) - Rosemary,Carebeau,Massage Oil,Carebeau Body Massage Oil (450ml),Rosemary,38,39,55.00,60.00,55.00,46.00,55.00,45.10,"1. ชื่อ 6 โหล ลด 8%
2.ซื้อ 12 โหล ลด 12%
3.ซื้อ 24 โหล ลด 18%",18.00,3304.99.30,น้ำมันนวดตัว,0.38,5.210,21x27.5x20,21.00,27.50,20.00,0.012,12,"2,857","4,990",,,,https://www.carebeau-enjoy.com/menu-items/carebeau-body-massage-oil-butter,https://lh3.googleusercontent.com/d/1TWoCE4kDoX5fSEpEgEIf7Nn9cPKT5a0y,46.46,46.94,47.42,55.00,52.00,44.93,55.00,,60.00,,55.00,,63.00,,50.00,55.00,,,55.00,50.00,55.00,1.60
Yes,,Carebeau Body Massage Oil (450ml) - Rose,Carebeau,Massage Oil,Carebeau Body Massage Oil (450ml),Rose,37,39,55.00,60.00,55.00,46.00,55.00,45.10,"1. ชื่อ 6 โหล ลด 8%
2.ซื้อ 12 โหล ลด 12%
3.ซื้อ 24 โหล ลด 18%",18.00,3304.99.30,น้ำมันนวดตัว,0.38,5.210,21x27.5x20,21.00,27.50,20.00,0.012,12,"2,857","4,990",,,,https://www.carebeau-enjoy.com/menu-items/carebeau-body-massage-oil-butter,https://lh3.googleusercontent.com/d/1TWoCE4kDoX5fSEpEgEIf7Nn9cPKT5a0y,46.46,46.94,47.42,55.00,52.00,44.93,55.00,,60.00,,55.00,,63.00,,50.00,55.00,,,55.00,50.00,55.00,1.60
Yes,,Carebeau Body Massage Oil (450ml) - Moke Flower,Carebeau,Massage Oil,Carebeau Body Massage Oil (450ml),Moke Flower,38,39,55.00,60.00,55.00,46.00,55.00,45.10,"1. ชื่อ 6 โหล ลด 8%
2.ซื้อ 12 โหล ลด 12%
3.ซื้อ 24 โหล ลด 18%",18.00,3304.99.30,น้ำมันนวดตัว,0.38,5.210,21x27.5x20,21.00,27.50,20.00,0.012,12,"2,857","4,990",,,,https://www.carebeau-enjoy.com/menu-items/carebeau-body-massage-oil-butter,https://lh3.googleusercontent.com/d/1TWoCE4kDoX5fSEpEgEIf7Nn9cPKT5a0y,46.46,46.94,47.42,55.00,52.00,44.93,55.00,,60.00,,55.00,,63.00,,50.00,55.00,,,55.00,50.00,55.00,1.60
Yes,,Carebeau Body Massage Oil (450ml) - Leelawadee,Carebeau,Massage Oil,Carebeau Body Massage Oil (450ml),Leelawadee,39,39,55.00,60.00,55.00,46.00,55.00,45.10,"1. ชื่อ 6 โหล ลด 8%
2.ซื้อ 12 โหล ลด 12%
3.ซื้อ 24 โหล ลด 18%",18.00,3304.99.30,น้ำมันนวดตัว,0.38,5.210,21x27.5x20,21.00,27.50,20.00,0.012,12,"2,857","4,990",,,,https://www.carebeau-enjoy.com/menu-items/carebeau-body-massage-oil-butter,https://lh3.googleusercontent.com/d/1TWoCE4kDoX5fSEpEgEIf7Nn9cPKT5a0y,46.46,46.94,47.42,55.00,52.00,44.93,55.00,,60.00,,55.00,,63.00,,50.00,55.00,,,55.00,50.00,55.00,1.60
Yes,BMCB-450-11,Carebeau Body Massage Oil (450ml) - Jasmine,Carebeau,Massage Oil,Carebeau Body Massage Oil (450ml),Jasmine,,,55.00,60.00,55.00,46.00,55.00,45.10,"1. ชื่อ 6 โหล ลด 8%
2.ซื้อ 12 โหล ลด 12%
3.ซื้อ 24 โหล ลด 18%",18.00,3304.99.30,น้ำมันนวดตัว,0.38,5.210,21x27.5x20,21.00,27.50,20.00,0.012,12,"2,857","4,990",,,,https://www.carebeau-enjoy.com/menu-items/carebeau-body-massage-oil-butter,https://lh3.googleusercontent.com/d/1TWoCE4kDoX5fSEpEgEIf7Nn9cPKT5a0y,46.46,46.94,47.42,55.00,52.00,44.93,55.00,,60.00,,55.00,,63.00,,50.00,55.00,,,55.00,50.00,55.00,1.60
Yes,,Carebeau Body Massage Oil (450ml) - Coconut,Carebeau,Massage Oil,Carebeau Body Massage Oil (450ml),Coconut,37,39,55.00,60.00,55.00,46.00,55.00,45.10,"1. ชื่อ 6 โหล ลด 8%
2.ซื้อ 12 โหล ลด 12%
3.ซื้อ 24 โหล ลด 18%",18.00,3304.99.30,น้ำมันนวดตัว,0.38,5.210,21x27.5x20,21.00,27.50,20.00,0.012,12,"2,857","4,990",,,,https://www.carebeau-enjoy.com/menu-items/carebeau-body-massage-oil-butter,https://lh3.googleusercontent.com/d/1TWoCE4kDoX5fSEpEgEIf7Nn9cPKT5a0y,46.46,46.94,47.42,55.00,52.00,44.93,55.00,,60.00,,55.00,,63.00,,50.00,55.00,,,55.00,50.00,55.00,1.60
Yes,,Carebeau Body Massage Oil (1000ml) - No scent,Carebeau,Massage Oil,Carebeau Body Massage Oil (1000ml),No scent,64,73,104.50,122.00,115.00,94.00,104.50,93.53,"1.ซือ 2 โหล ลด 5%
2.ซื้อ 4 โหล ลด 8%
3.ซื้อ 12 โหล ลด 10.50%",10.50,3304.99.30,น้ำมันนวดตัว,0.84,12.500,25x33x26.8,25.00,33.00,26.80,0.022,12,"1,492","2,080",,,,https://www.carebeau-enjoy.com/menu-items/carebeau-body-massage-oil-butter,https://lh3.googleusercontent.com/d/1S5syt9P7rsheMHJVJpMKKh_MEzAzY-Ly,94.95,95.92,96.91,115.00,90.50,88.58,115.00,,117.00,,115.00,,129.00,,115.00,115.00,,3.00,105.00,110.00,115.00,3.50
Yes,,Carebeau Body Massage Oil (1000ml) - Citronella,Carebeau,Massage Oil,Carebeau Body Massage Oil (1000ml),Citronella,71,73,104.50,122.00,115.00,94.00,104.50,93.53,"1.ซือ 2 โหล ลด 5%
2.ซื้อ 4 โหล ลด 8%
3.ซื้อ 12 โหล ลด 10.50%",10.50,3304.99.30,น้ำมันนวดตัว,0.84,12.500,25x33x26.8,25.00,33.00,26.80,0.022,12,"1,492","2,080",,,,https://www.carebeau-enjoy.com/menu-items/carebeau-body-massage-oil-butter,https://lh3.googleusercontent.com/d/1S5syt9P7rsheMHJVJpMKKh_MEzAzY-Ly,94.95,95.92,96.91,115.00,90.50,88.58,115.00,,117.00,,115.00,,129.00,,115.00,115.00,,3.00,105.00,110.00,115.00,3.50
Yes,,Carebeau Body Massage Oil (1000ml) - Rachawadee,Carebeau,Massage Oil,Carebeau Body Massage Oil (1000ml),Rachawadee,70,73,104.50,122.00,115.00,94.00,104.50,93.53,"1.ซือ 2 โหล ลด 5%
2.ซื้อ 4 โหล ลด 8%
3.ซื้อ 12 โหล ลด 10.50%",10.50,3304.99.30,น้ำมันนวดตัว,0.84,12.500,25x33x26.8,25.00,33.00,26.80,0.022,12,"1,492","2,080",,,,https://www.carebeau-enjoy.com/menu-items/carebeau-body-massage-oil-butter,https://lh3.googleusercontent.com/d/1S5syt9P7rsheMHJVJpMKKh_MEzAzY-Ly,94.95,95.92,96.91,115.00,90.50,88.58,115.00,,117.00,,115.00,,129.00,,115.00,115.00,,3.00,105.00,110.00,115.00,3.50
Yes,BMCB-1000-07,Carebeau Body Massage Oil (1000ml) - Peppermint,Carebeau,Massage Oil,Carebeau Body Massage Oil (1000ml),Peppermint,,,104.50,122.00,115.00,94.00,104.50,93.53,"1.ซือ 2 โหล ลด 5%
2.ซื้อ 4 โหล ลด 8%
3.ซื้อ 12 โหล ลด 10.50%",10.50,3304.99.30,น้ำมันนวดตัว,0.84,12.500,25x33x26.8,25.00,33.00,26.80,0.022,12,"1,492","2,080",,,,https://www.carebeau-enjoy.com/menu-items/carebeau-body-massage-oil-butter,https://lh3.googleusercontent.com/d/1S5syt9P7rsheMHJVJpMKKh_MEzAzY-Ly,94.95,95.92,96.91,115.00,90.50,88.58,115.00,,117.00,,115.00,,129.00,,115.00,115.00,,3.00,105.00,110.00,115.00,3.50
Yes,,Carebeau Body Massage Oil (1000ml) - Rice Milk,Carebeau,Massage Oil,Carebeau Body Massage Oil (1000ml),Rice Milk,68,73,104.50,122.00,115.00,94.00,104.50,93.53,"1.ซือ 2 โหล ลด 5%
2.ซื้อ 4 โหล ลด 8%
3.ซื้อ 12 โหล ลด 10.50%",10.50,3304.99.30,น้ำมันนวดตัว,0.84,12.500,25x33x26.8,25.00,33.00,26.80,0.022,12,"1,492","2,080",,,,https://www.carebeau-enjoy.com/menu-items/carebeau-body-massage-oil-butter,https://lh3.googleusercontent.com/d/1S5syt9P7rsheMHJVJpMKKh_MEzAzY-Ly,94.95,95.92,96.91,115.00,90.50,88.58,115.00,,117.00,,115.00,,129.00,,115.00,115.00,,3.00,105.00,110.00,115.00,3.50
Yes,,Carebeau Body Massage Oil (1000ml) - Lavender,Carebeau,Massage Oil,Carebeau Body Massage Oil (1000ml),Lavender,74,73,104.50,122.00,115.00,94.00,104.50,93.53,"1.ซือ 2 โหล ลด 5%
2.ซื้อ 4 โหล ลด 8%
3.ซื้อ 12 โหล ลด 10.50%",10.50,3304.99.30,น้ำมันนวดตัว,0.84,12.500,25x33x26.8,25.00,33.00,26.80,0.022,12,"1,492","2,080",,,,https://www.carebeau-enjoy.com/menu-items/carebeau-body-massage-oil-butter,https://lh3.googleusercontent.com/d/1S5syt9P7rsheMHJVJpMKKh_MEzAzY-Ly,94.95,95.92,96.91,115.00,90.50,88.58,115.00,,117.00,,115.00,,129.00,,115.00,115.00,,3.00,105.00,110.00,115.00,3.50
Yes,,Carebeau Body Massage Oil (1000ml) - Spa Refreshing,Carebeau,Massage Oil,Carebeau Body Massage Oil (1000ml),Spa Refreshing,71,73,104.50,122.00,115.00,94.00,104.50,93.53,"1.ซือ 2 โหล ลด 5%
2.ซื้อ 4 โหล ลด 8%
3.ซื้อ 12 โหล ลด 10.50%",10.50,3304.99.30,น้ำมันนวดตัว,0.84,12.500,25x33x26.8,25.00,33.00,26.80,0.022,12,"1,492","2,080",,,,https://www.carebeau-enjoy.com/menu-items/carebeau-body-massage-oil-butter,https://lh3.googleusercontent.com/d/1S5syt9P7rsheMHJVJpMKKh_MEzAzY-Ly,94.95,95.92,96.91,115.00,90.50,88.58,115.00,,117.00,,115.00,,129.00,,115.00,115.00,,3.00,105.00,110.00,115.00,3.50
Yes,,Carebeau Body Massage Oil (1000ml) - Rosemary,Carebeau,Massage Oil,Carebeau Body Massage Oil (1000ml),Rosemary,73,73,104.50,122.00,115.00,94.00,104.50,93.53,"1.ซือ 2 โหล ลด 5%
2.ซื้อ 4 โหล ลด 8%
3.ซื้อ 12 โหล ลด 10.50%",10.50,3304.99.30,น้ำมันนวดตัว,0.84,12.500,25x33x26.8,25.00,33.00,26.80,0.022,12,"1,492","2,080",,,,https://www.carebeau-enjoy.com/menu-items/carebeau-body-massage-oil-butter,https://lh3.googleusercontent.com/d/1S5syt9P7rsheMHJVJpMKKh_MEzAzY-Ly,94.95,95.92,96.91,115.00,90.50,88.58,115.00,,117.00,,115.00,,129.00,,115.00,115.00,,3.00,105.00,110.00,115.00,3.50
Yes,,Carebeau Body Massage Oil (1000ml) - Rose,Carebeau,Massage Oil,Carebeau Body Massage Oil (1000ml),Rose,70,73,104.50,122.00,115.00,94.00,104.50,93.53,"1.ซือ 2 โหล ลด 5%
2.ซื้อ 4 โหล ลด 8%
3.ซื้อ 12 โหล ลด 10.50%",10.50,3304.99.30,น้ำมันนวดตัว,0.84,12.500,25x33x26.8,25.00,33.00,26.80,0.022,12,"1,492","2,080",,,,https://www.carebeau-enjoy.com/menu-items/carebeau-body-massage-oil-butter,https://lh3.googleusercontent.com/d/1S5syt9P7rsheMHJVJpMKKh_MEzAzY-Ly,94.95,95.92,96.91,115.00,90.50,88.58,115.00,,117.00,,115.00,,129.00,,115.00,115.00,,3.00,105.00,110.00,115.00,3.50
Yes,,Carebeau Body Massage Oil (1000ml) - Moke Flower,Carebeau,Massage Oil,Carebeau Body Massage Oil (1000ml),Moke Flower,69,73,104.50,122.00,115.00,94.00,104.50,93.53,"1.ซือ 2 โหล ลด 5%
2.ซื้อ 4 โหล ลด 8%
3.ซื้อ 12 โหล ลด 10.50%",10.50,3304.99.30,น้ำมันนวดตัว,0.84,12.500,25x33x26.8,25.00,33.00,26.80,0.022,12,"1,492","2,080",,,,https://www.carebeau-enjoy.com/menu-items/carebeau-body-massage-oil-butter,https://lh3.googleusercontent.com/d/1S5syt9P7rsheMHJVJpMKKh_MEzAzY-Ly,94.95,95.92,96.91,115.00,90.50,88.58,115.00,,117.00,,115.00,,129.00,,115.00,115.00,,3.00,105.00,110.00,115.00,3.50
Yes,,Carebeau Body Massage Oil (1000ml) - Leelawadee,Carebeau,Massage Oil,Carebeau Body Massage Oil (1000ml),Leelawadee,73,73,104.50,122.00,115.00,94.00,104.50,93.53,"1.ซือ 2 โหล ลด 5%
2.ซื้อ 4 โหล ลด 8%
3.ซื้อ 12 โหล ลด 10.50%",10.50,3304.99.30,น้ำมันนวดตัว,0.84,12.500,25x33x26.8,25.00,33.00,26.80,0.022,12,"1,492","2,080",,,,https://www.carebeau-enjoy.com/menu-items/carebeau-body-massage-oil-butter,https://lh3.googleusercontent.com/d/1S5syt9P7rsheMHJVJpMKKh_MEzAzY-Ly,94.95,95.92,96.91,115.00,90.50,88.58,115.00,,117.00,,115.00,,129.00,,115.00,115.00,,3.00,105.00,110.00,115.00,3.50
Yes,,Carebeau Body Massage Oil (1000ml) - Jasmine,Carebeau,Massage Oil,Carebeau Body Massage Oil (1000ml),Jasmine,68,73,104.50,122.00,115.00,94.00,104.50,93.53,"1.ซือ 2 โหล ลด 5%
2.ซื้อ 4 โหล ลด 8%
3.ซื้อ 12 โหล ลด 10.50%",10.50,3304.99.30,น้ำมันนวดตัว,0.84,12.500,25x33x26.8,25.00,33.00,26.80,0.022,12,"1,492","2,080",,,,https://www.carebeau-enjoy.com/menu-items/carebeau-body-massage-oil-butter,https://lh3.googleusercontent.com/d/1S5syt9P7rsheMHJVJpMKKh_MEzAzY-Ly,94.95,95.92,96.91,115.00,90.50,88.58,115.00,,117.00,,115.00,,129.00,,115.00,115.00,,3.00,105.00,110.00,115.00,3.50
Yes,,Carebeau Body Massage Oil (1000ml) - Coconut,Carebeau,Massage Oil,Carebeau Body Massage Oil (1000ml),Coconut,69,73,104.50,122.00,115.00,94.00,104.50,93.53,"1.ซือ 2 โหล ลด 5%
2.ซื้อ 4 โหล ลด 8%
3.ซื้อ 12 โหล ลด 10.50%",10.50,3304.99.30,น้ำมันนวดตัว,0.84,12.500,25x33x26.8,25.00,33.00,26.80,0.022,12,"1,492","2,080",,,,https://www.carebeau-enjoy.com/menu-items/carebeau-body-massage-oil-butter,https://lh3.googleusercontent.com/d/1S5syt9P7rsheMHJVJpMKKh_MEzAzY-Ly,94.95,95.92,96.91,115.00,90.50,88.58,115.00,,117.00,,115.00,,129.00,,115.00,115.00,,3.00,105.00,110.00,115.00,3.50
Yes,,Carebeau Body Massage Oil (3000ml) - No scent,Carebeau,Massage Oil,Carebeau Body Massage Oil (3000ml),No scent,170,198,330.00,349.00,330.00,251.00,330.00,250.80,"1.ชื่อ 6 แกลลอน ลด 17%
2.ซื้อ 12 แกลลอน ลด 24%",24.00,3304.99.30,น้ำมันนวดตัว,2.52,16.740,30x43x33,30.00,43.00,33.00,0.043,6,775,"1,409",,,,https://www.carebeau-enjoy.com/menu-items/carebeau-body-massage-oil-butter,https://lh3.googleusercontent.com/d/1WM6G7uOq5OEcSIw_uuz4EgBqalZ7gNnd,253.54,256.12,258.76,330.00,280.00,253.17,330.00,,349.00,,330.00,,367.00,,330.00,330.00,,7.76,300.00,280.00,280.00,9.70
Yes,,Carebeau Body Massage Oil (3000ml) - Citronella,Carebeau,Massage Oil,Carebeau Body Massage Oil (3000ml),Citronella,191,198,330.00,349.00,330.00,251.00,330.00,250.80,"1.ชื่อ 6 แกลลอน ลด 17%
2.ซื้อ 12 แกลลอน ลด 24%",24.00,3304.99.30,น้ำมันนวดตัว,2.52,16.740,30x43x33,30.00,43.00,33.00,0.043,6,775,"1,409",,,,https://www.carebeau-enjoy.com/menu-items/carebeau-body-massage-oil-butter,https://lh3.googleusercontent.com/d/1WM6G7uOq5OEcSIw_uuz4EgBqalZ7gNnd,253.54,256.12,258.76,330.00,280.00,253.17,330.00,,349.00,,330.00,,367.00,,330.00,330.00,,7.76,300.00,280.00,280.00,9.70
Yes,,Carebeau Body Massage Oil (3000ml) - Rachawadee,Carebeau,Massage Oil,Carebeau Body Massage Oil (3000ml),Rachawadee,186,198,330.00,349.00,330.00,251.00,330.00,250.80,"1.ชื่อ 6 แกลลอน ลด 17%
2.ซื้อ 12 แกลลอน ลด 24%",24.00,3304.99.30,น้ำมันนวดตัว,2.52,16.740,30x43x33,30.00,43.00,33.00,0.043,6,775,"1,409",,,,https://www.carebeau-enjoy.com/menu-items/carebeau-body-massage-oil-butter,https://lh3.googleusercontent.com/d/1WM6G7uOq5OEcSIw_uuz4EgBqalZ7gNnd,253.54,256.12,258.76,330.00,280.00,253.17,330.00,,349.00,,330.00,,367.00,,330.00,330.00,,7.76,300.00,280.00,280.00,9.70
Yes,BMCB-3000-08,Carebeau Body Massage Oil (3000ml) - Peppermint,Carebeau,Massage Oil,Carebeau Body Massage Oil (3000ml),Peppermint,,,330.00,349.00,330.00,251.00,330.00,250.80,"1.ชื่อ 6 แกลลอน ลด 17%
2.ซื้อ 12 แกลลอน ลด 24%",24.00,3304.99.30,น้ำมันนวดตัว,2.52,16.740,30x43x33,30.00,43.00,33.00,0.043,6,775,"1,409",,,,https://www.carebeau-enjoy.com/menu-items/carebeau-body-massage-oil-butter,https://lh3.googleusercontent.com/d/1WM6G7uOq5OEcSIw_uuz4EgBqalZ7gNnd,253.54,256.12,258.76,330.00,280.00,253.17,330.00,,349.00,,330.00,,367.00,,330.00,330.00,,7.76,300.00,280.00,280.00,9.70
Yes,BMCB-3000-20,Carebeau Body Massage Oil (3000ml) - Rice Milk,Carebeau,Massage Oil,Carebeau Body Massage Oil (3000ml),Rice Milk,,,330.00,349.00,330.00,251.00,330.00,250.80,"1.ชื่อ 6 แกลลอน ลด 17%
2.ซื้อ 12 แกลลอน ลด 24%",24.00,3304.99.30,น้ำมันนวดตัว,2.52,16.740,30x43x33,30.00,43.00,33.00,0.043,6,775,"1,409",,,,https://www.carebeau-enjoy.com/menu-items/carebeau-body-massage-oil-butter,https://lh3.googleusercontent.com/d/1WM6G7uOq5OEcSIw_uuz4EgBqalZ7gNnd,253.54,256.12,258.76,330.00,280.00,253.17,330.00,,349.00,,330.00,,367.00,,330.00,330.00,,7.76,300.00,280.00,280.00,9.70
Yes,,Carebeau Body Massage Oil (3000ml) - Lavender,Carebeau,Massage Oil,Carebeau Body Massage Oil (3000ml),Lavender,198,198,330.00,349.00,330.00,251.00,330.00,250.80,"1.ชื่อ 6 แกลลอน ลด 17%
2.ซื้อ 12 แกลลอน ลด 24%",24.00,3304.99.30,น้ำมันนวดตัว,2.52,16.740,30x43x33,30.00,43.00,33.00,0.043,6,775,"1,409",,,,https://www.carebeau-enjoy.com/menu-items/carebeau-body-massage-oil-butter,https://lh3.googleusercontent.com/d/1WM6G7uOq5OEcSIw_uuz4EgBqalZ7gNnd,253.54,256.12,258.76,330.00,280.00,253.17,330.00,,349.00,,330.00,,367.00,,330.00,330.00,,7.76,300.00,280.00,280.00,9.70
Yes,,Carebeau Body Massage Oil (3000ml) - Spa Refreshing,Carebeau,Massage Oil,Carebeau Body Massage Oil (3000ml),Spa Refreshing,190,198,330.00,349.00,330.00,251.00,330.00,250.80,"1.ชื่อ 6 แกลลอน ลด 17%
2.ซื้อ 12 แกลลอน ลด 24%",24.00,3304.99.30,น้ำมันนวดตัว,2.52,16.740,30x43x33,30.00,43.00,33.00,0.043,6,775,"1,409",,,,https://www.carebeau-enjoy.com/menu-items/carebeau-body-massage-oil-butter,https://lh3.googleusercontent.com/d/1WM6G7uOq5OEcSIw_uuz4EgBqalZ7gNnd,253.54,256.12,258.76,330.00,280.00,253.17,330.00,,349.00,,330.00,,367.00,,330.00,330.00,,7.76,300.00,280.00,280.00,9.70
Yes,,Carebeau Body Massage Oil (3000ml) - Rosemary,Carebeau,Massage Oil,Carebeau Body Massage Oil (3000ml),Rosemary,195,198,330.00,349.00,330.00,251.00,330.00,250.80,"1.ชื่อ 6 แกลลอน ลด 17%
2.ซื้อ 12 แกลลอน ลด 24%",24.00,3304.99.30,น้ำมันนวดตัว,2.52,16.740,30x43x33,30.00,43.00,33.00,0.043,6,775,"1,409",,,,https://www.carebeau-enjoy.com/menu-items/carebeau-body-massage-oil-butter,https://lh3.googleusercontent.com/d/1WM6G7uOq5OEcSIw_uuz4EgBqalZ7gNnd,253.54,256.12,258.76,330.00,280.00,253.17,330.00,,349.00,,330.00,,367.00,,330.00,330.00,,7.76,300.00,280.00,280.00,9.70
Yes,,Carebeau Body Massage Oil (3000ml) - Rose,Carebeau,Massage Oil,Carebeau Body Massage Oil (3000ml),Rose,186,198,330.00,349.00,330.00,251.00,330.00,250.80,"1.ชื่อ 6 แกลลอน ลด 17%
2.ซื้อ 12 แกลลอน ลด 24%",24.00,3304.99.30,น้ำมันนวดตัว,2.52,16.740,30x43x33,30.00,43.00,33.00,0.043,6,775,"1,409",,,,https://www.carebeau-enjoy.com/menu-items/carebeau-body-massage-oil-butter,https://lh3.googleusercontent.com/d/1WM6G7uOq5OEcSIw_uuz4EgBqalZ7gNnd,253.54,256.12,258.76,330.00,280.00,253.17,330.00,,349.00,,330.00,,367.00,,330.00,330.00,,7.76,300.00,280.00,280.00,9.70
Yes,,Carebeau Body Massage Oil (3000ml) - Moke Flower,Carebeau,Massage Oil,Carebeau Body Massage Oil (3000ml),Moke Flower,184,198,330.00,349.00,330.00,251.00,330.00,250.80,"1.ชื่อ 6 แกลลอน ลด 17%
2.ซื้อ 12 แกลลอน ลด 24%",24.00,3304.99.30,น้ำมันนวดตัว,2.52,16.740,30x43x33,30.00,43.00,33.00,0.043,6,775,"1,409",,,,https://www.carebeau-enjoy.com/menu-items/carebeau-body-massage-oil-butter,https://lh3.googleusercontent.com/d/1WM6G7uOq5OEcSIw_uuz4EgBqalZ7gNnd,253.54,256.12,258.76,330.00,280.00,253.17,330.00,,349.00,,330.00,,367.00,,330.00,330.00,,7.76,300.00,280.00,280.00,9.70
Yes,,Carebeau Body Massage Oil (3000ml) - Leelawadee,Carebeau,Massage Oil,Carebeau Body Massage Oil (3000ml),Leelawadee,198,198,330.00,349.00,330.00,251.00,330.00,250.80,"1.ชื่อ 6 แกลลอน ลด 17%
2.ซื้อ 12 แกลลอน ลด 24%",24.00,3304.99.30,น้ำมันนวดตัว,2.52,16.740,30x43x33,30.00,43.00,33.00,0.043,6,775,"1,409",,,,https://www.carebeau-enjoy.com/menu-items/carebeau-body-massage-oil-butter,https://lh3.googleusercontent.com/d/1WM6G7uOq5OEcSIw_uuz4EgBqalZ7gNnd,253.54,256.12,258.76,330.00,280.00,253.17,330.00,,349.00,,330.00,,367.00,,330.00,330.00,,7.76,300.00,280.00,280.00,9.70
Yes,,Carebeau Body Massage Oil (3000ml) - Jasmine,Carebeau,Massage Oil,Carebeau Body Massage Oil (3000ml),Jasmine,181,198,330.00,349.00,330.00,251.00,330.00,250.80,"1.ชื่อ 6 แกลลอน ลด 17%
2.ซื้อ 12 แกลลอน ลด 24%",24.00,3304.99.30,น้ำมันนวดตัว,2.52,16.740,30x43x33,30.00,43.00,33.00,0.043,6,775,"1,409",,,,https://www.carebeau-enjoy.com/menu-items/carebeau-body-massage-oil-butter,https://lh3.googleusercontent.com/d/1WM6G7uOq5OEcSIw_uuz4EgBqalZ7gNnd,253.54,256.12,258.76,330.00,280.00,253.17,330.00,,349.00,,330.00,,367.00,,330.00,330.00,,7.76,300.00,280.00,280.00,9.70
Yes,,Carebeau Body Massage Oil (3000ml) - Coconut,Carebeau,Massage Oil,Carebeau Body Massage Oil (3000ml),Coconut,185,198,330.00,349.00,330.00,251.00,330.00,250.80,"1.ชื่อ 6 แกลลอน ลด 17%
2.ซื้อ 12 แกลลอน ลด 24%",24.00,3304.99.30,น้ำมันนวดตัว,2.52,16.740,30x43x33,30.00,43.00,33.00,0.043,6,775,"1,409",,,,https://www.carebeau-enjoy.com/menu-items/carebeau-body-massage-oil-butter,https://lh3.googleusercontent.com/d/1WM6G7uOq5OEcSIw_uuz4EgBqalZ7gNnd,253.54,256.12,258.76,330.00,280.00,253.17,330.00,,349.00,,330.00,,367.00,,330.00,330.00,,7.76,300.00,280.00,280.00,9.70
Yes,,Carebeau Milky Massage Butter (450ml) - Moke Flower,Carebeau,Massage Oil,Carebeau Milky Massage Butter (450ml),Moke Flower,32,32,66.00,70.00,65.00,58.00,66.00,58.00,"1.ซื้อ 6 โหล ลด 6%
2.ซื้อ 12 โหล ลด 12%",12.00,3304.99.00,น้ำมันนวดตัว,0.45,5.860,20.9x27.1x21.5,20.90,27.10,21.50,0.012,12,"2,709","4,436",,,,https://www.carebeau-enjoy.com/menu-items/carebeau-body-massage-oil-butter,https://lh3.googleusercontent.com/d/1hP0_1QtQ4Xlj6PIC1OCE5jjrvfRN74j6,58.59,59.18,59.79,65.00,53.60,49.68,65.00,,70.00,,65.00,,74.00,,65.00,65.00,,2.17,65.00,,65.00,1.70
Yes,,Carebeau Milky Massage Butter (450ml) - Coconut,Carebeau,Massage Oil,Carebeau Milky Massage Butter (450ml),Coconut,31,32,66.00,70.00,65.00,58.00,66.00,58.00,"1.ซื้อ 6 โหล ลด 6%
2.ซื้อ 12 โหล ลด 12%",12.00,3304.99.00,น้ำมันนวดตัว,0.45,5.860,20.9x27.1x21.5,20.90,27.10,21.50,0.012,12,"2,709","4,436",,,,https://www.carebeau-enjoy.com/menu-items/carebeau-body-massage-oil-butter,https://lh3.googleusercontent.com/d/1hP0_1QtQ4Xlj6PIC1OCE5jjrvfRN74j6,58.59,59.18,59.79,65.00,53.60,49.68,65.00,,70.00,,65.00,,74.00,,65.00,65.00,,2.17,65.00,,65.00,1.70
Yes,,Carebeau Milky Massage Butter (3000ml) - Moke Flower,Carebeau,Massage Oil,Carebeau Milky Massage Butter (3000ml),Moke Flower,117,117,330.00,427.00,420.00,370.00,330.00,250.80,"1.ชื่อ 6 แกลลอน ลด 17%
2.ซื้อ 12 แกลลอน ลด 24%",24.00,3304.99.00,น้ำมันนวดตัว,3.00,16.740,30x43x33,30.00,43.00,33.00,0.043,6,775,"1,409",,,,https://www.carebeau-enjoy.com/menu-items/carebeau-body-massage-oil-butter,https://lh3.googleusercontent.com/d/1pfpOWCOuRJKRb519gJ2_HnviUT1L33sF,373.74,377.55,381.44,330.00,280.00,,330.00,,427.00,,330.00,,449.00,,330.00,330.00,,,,,420.00,12.30
No,,Thai Herb Ball (200g),Carebeau,Massage Oil,Thai Herb Ball (200g),,,,,65.00,,60.00,,,,,3304.99.90,ลูกประคบสมุนไพร,0.20,11.560,30x43x33,30.00,43.00,33.00,0.043,50,775,"1,409",,,,,https://lh3.googleusercontent.com/d/1Av_cSsDg0C-DK-a5U4RWaKpNHAx1GNZC,60.61,61.22,61.86,65.00,65.00,,65.00,,65.00,,65.00,,69.00,,65.00,65.00,,,,45.00,,
Yes,,Carebeau Tanaka Bleaching Cream (100g),Carebeau,Skin Hair Bleaching,Carebeau Tanaka Bleaching Cream (100g),,18,18,40.00,35.00,35.00,32.00,40.00,36.00,"1.ซอรวม ҟื 4 โหล ลด8%
2.ซอรวม ҟื 8 โหล ลด10%",10.00,3305.90.00,ฟอกสีขน,0.10,2.420,17.8x19x18.8,17.80,19.00,18.80,0.006,12,"5,190","9,436",,,,https://www.carebeau-enjoy.com/menu-items/carebeau-bleaching-cream,https://lh3.googleusercontent.com/d/1YDPzAfJOxqOWy9EJjSvy306KkYs9tYQT,32.32,32.65,32.99,35.00,35.00,,35.00,,35.00,,35.00,,37.00,,31.00,35.00,,1.06,,,,
Yes,BSCB-100-03,Carebeau Collagen Bleaching Cream (100g),Carebeau,Skin Hair Bleaching,Carebeau Collagen Bleaching Cream (100g),,,,45.00,38.00,38.00,34.00,45.00,40.50,"1.ซอรวม ҟื 4 โหล ลด8%
2.ซอรวม ҟื 8 โหล ลด10%",10.00,3305.90.00,ฟอกสีขน,0.10,2.420,17.8x19x18.8,17.80,19.00,18.80,0.006,12,"5,190","9,436",,,,https://www.carebeau-enjoy.com/menu-items/carebeau-bleaching-cream,https://lh3.googleusercontent.com/d/1MAxM-baOe9Wp2mq7rkS6HuLCFirlIy1l,34.34,34.69,35.05,38.00,35.78,,38.00,,38.00,,38.00,,40.00,,38.00,38.00,,1.15,,,,
Yes,,Carebeau Hair Treatment Keratin (500ml),Carebeau,Hair Treatment,Carebeau Hair Treatment Keratin (500ml),,39,39,85.00,80.00,80.00,75.00,85.00,76.50,"ซื้อในบิลเดียว
1.ซื้อ 4 โหล ลดท้ายบิล 5%
2.ซื้อ 6 โหล ลดท้ายบิล 7%
3.ซื้อ 12 โหล ลดท้ายบิล 10%
สั่งซื้อรวมสินค้าทรีทเม้นท์และเซรั่มได้
(สินค้า 1 สูตร จะต้องสั่งให้ครบ 1 โหล)
หมายเหตุ สามารถซื้อรวมได้ ทั้งปริมาณ 500 มล.
และ 1000 มล. ในบิลเดียว",10.00,3305.90.00,ครีมนวดผม,0.50,6.650,19.2x27.6x22.2,19.20,27.60,22.20,0.012,12,"2,805","3,909",,,,https://www.carebeau-enjoy.com/menu-items/carebeau-hair-keratin-series,https://lh3.googleusercontent.com/d/13-OMCavxmHhm2HjuFSH-iwEeIyU2zP7z,75.76,76.53,77.32,75.00,75.00,70.58,75.00,,80.00,,75.00,,84.00,,75.00,80.00,79.00,2.60,,,,
Yes,TMCB-1000-09,Carebeau Hair Treatment Keratin (1000ml),Carebeau,Hair Treatment,Carebeau Hair Treatment Keratin (1000ml),,,,160.00,155.00,155.00,145.00,160.00,144.00,"ซื้อในบิลเดียว
1.ซื้อ 4 โหล ลดท้ายบิล 5%
2.ซื้อ 6 โหล ลดท้ายบิล 7%
3.ซื้อ 12 โหล ลดท้ายบิล 10%
สั่งซื้อรวมสินค้าทรีทเม้นท์และเซรั่มได้
(สินค้า 1 สูตร จะต้องสั่งให้ครบ 1 โหล)
หมายเหตุ สามารถซื้อรวมได้ ทั้งปริมาณ 500 มล.
และ 1000 มล. ในบิลเดียว",10.00,3305.10.90,ครีมนวดผม,1.00,13.300,34.6x44x16.4,34.60,44.00,16.40,0.025,12,"1,321","1,954",,,,https://www.carebeau-enjoy.com/menu-items/carebeau-hair-keratin-series,https://lh3.googleusercontent.com/d/1rlLRHFDY8TqCpIGe6ZmL5Z9l9jSFU78v,146.46,147.96,149.48,150.00,135.00,141.83,150.00,,155.00,,150.00,,163.00,,150.00,155.00,152.00,,,,,
Yes,,Carebeau Hair Serum Keratin (280ml),Carebeau,Hair Serum,Carebeau Hair Serum Keratin (280ml),,42,42,85.00,80.00,80.00,75.00,85.00,76.50,"ซื้อในบิลเดียว
1.ซื้อ 4 โหล ลดท้ายบิล 5%
2.ซื้อ 6 โหล ลดท้ายบิล 7%
3.ซื้อ 12 โหล ลดท้ายบิล 10%
สั่งซื้อรวมสินค้าทรีทเม้นท์และเซรั่มได้
(สินค้า 1 สูตร จะต้องสั่งให้ครบ 1 โหล)
หมายเหตุ สามารถซื้อรวมได้ ทั้งปริมาณ 500 มล.
และ 1000 มล. ในบิลเดียว",10.00,3305.10.90,เซรั่มผม,0.28,4.050,18.5x24.5x18,18.50,24.50,18.00,0.008,12,"4,044","6,419",,,,https://www.carebeau-enjoy.com/menu-items/carebeau-hair-keratin-series,https://lh3.googleusercontent.com/d/194xlfpiHKQxkrOGeLLSucp9ASi0ews1w,75.76,76.53,77.32,75.00,75.00,70.58,75.00,,80.00,,75.00,,84.00,,75.00,80.00,79.00,2.60,,,,
Yes,SPCB-400-01,Carebeau Hair Shampoo Keratin (400g),Carebeau,Hair Shampoo,Carebeau Hair Shampoo Keratin (400g),,35,35,85.00,80.00,80.00,75.00,85.00,76.50,"ซื้อในบิลเดียว
1.ซื้อ 4 โหล ลดท้ายบิล 5%
2.ซื้อ 6 โหล ลดท้ายบิล 7%
3.ซื้อ 12 โหล ลดท้ายบิล 10%
สั่งซื้อรวมสินค้าทรีทเม้นท์และเซรั่มได้
(สินค้า 1 สูตร จะต้องสั่งให้ครบ 1 โหล)
หมายเหตุ สามารถซื้อรวมได้ ทั้งปริมาณ 500 มล.
และ 1000 มล. ในบิลเดียว",10.00,3305.90.00,แชมพู,0.40,5.700,21x27.5x23,21.00,27.50,23.00,0.013,12,"2,484","4,517",,,,https://www.carebeau-enjoy.com/menu-items/carebeau-hair-keratin-series,https://lh3.googleusercontent.com/d/1gOQYMLkuyaonlr_i6Gz4OFiVAEN-R87G,75.76,76.53,77.32,75.00,75.00,70.58,75.00,,80.00,,75.00,,84.00,,75.00,80.00,79.00,2.60,,,,
Yes,SPCB-1000-20,Carebeau Hair Shampoo Keratin (1000g),Carebeau,Hair Shampoo,Carebeau Hair Shampoo Keratin (1000g),,,,160.00,155.00,155.00,145.00,160.00,144.00,"ซื้อในบิลเดียว
1.ซื้อ 4 โหล ลดท้ายบิล 5%
2.ซื้อ 6 โหล ลดท้ายบิล 7%
3.ซื้อ 12 โหล ลดท้ายบิล 10%
สั่งซื้อรวมสินค้าทรีทเม้นท์และเซรั่มได้
(สินค้า 1 สูตร จะต้องสั่งให้ครบ 1 โหล)
หมายเหตุ สามารถซื้อรวมได้ ทั้งปริมาณ 500 มล.
และ 1000 มล. ในบิลเดียว",10.00,3305.90.00,แชมพู,1.00,13.770,26.2x34.5x28,26.20,34.50,28.00,0.025,12,"1,303","1,888",,,,https://www.carebeau-enjoy.com/menu-items/carebeau-hair-keratin-series,https://lh3.googleusercontent.com/d/1X--oYhJgIXzU2kIhgLcmpAqAP1mtd551,146.46,147.96,149.48,150.00,135.00,141.83,150.00,,155.00,,150.00,,163.00,,150.00,155.00,152.00,,,,,
Yes,,Carebeau Hair Shampoo Keratin (50g),Carebeau,Hair Shampoo,Carebeau Hair Shampoo Keratin (50g),,#N/A,#N/A,19.00,18.00,18.00,15.00,19.00,17.10,"1.สั่งซื้อ 12 โหล ได้รับส่วนลดท้ายบิล 3%
2.สั่งซื้อ 24 โหล ได้รับส่วนลดท้ายบิล 5%
3.สั่งซื้อ 36 โหล ได้รับส่วนลดท้ายบิล 10%",10.00,3305.90.00,แชมพู,0.05,8.900,24x35.5x34,24.00,35.50,34.00,0.029,144,"1,139","2,071",,,,https://www.carebeau-enjoy.com/menu-items/carebeau-hair-keratin-series,https://lh3.googleusercontent.com/d/1Cj3KXmJSlWDLvaEnb30IRmuwVZMSGg_P,15.15,15.31,15.46,16.00,16.00,15.14,16.00,,18.00,,16.00,,19.00,,16.00,18.00,,,,,,
Yes,,Carebeau Hair Treatment Keratin (50ml),Carebeau,Hair Treatment,Carebeau Hair Treatment Keratin (50ml),,10,10,19.00,18.00,18.00,15.00,19.00,17.10,"1.สั่งซื้อ 12 โหล ได้รับส่วนลดท้ายบิล 3%
2.สั่งซื้อ 24 โหล ได้รับส่วนลดท้ายบิล 5%
3.สั่งซื้อ 36 โหล ได้รับส่วนลดท้ายบิล 10%",10.00,3305.90.00,ครีมนวดผม,0.05,8.900,24x35.5x34,24.00,35.50,34.00,0.029,144,"1,139","2,071",,,,https://www.carebeau-enjoy.com/menu-items/carebeau-hair-keratin-series,https://lh3.googleusercontent.com/d/1j-8Cjxaw1D3350SrJQG-NIx9AnJD3p5B,15.15,15.31,15.46,16.00,16.00,15.14,16.00,,18.00,,16.00,,19.00,,16.00,18.00,,,,,,
Yes,,Carebeau Leave On Hair Keratin Spray (220ml),Carebeau,Hair Leave-On Spray,Carebeau Leave On Hair Keratin Spray (220ml),,24,24,85.00,80.00,80.00,75.00,85.00,76.50,"ซื้อในบิลเดียว
1.ซื้อ 4 โหล ลดท้ายบิล 5%
2.ซื้อ 6 โหล ลดท้ายบิล 7%
3.ซื้อ 12 โหล ลดท้ายบิล 10%
สั่งซื้อรวมสินค้าทรีทเม้นท์และเซรั่มได้
(สินค้า 1 สูตร จะต้องสั่งให้ครบ 1 โหล)
หมายเหตุ สามารถซื้อรวมได้ ทั้งปริมาณ 500 มล.
และ 1000 มล. ในบิลเดียว",10.00,3305.90.00,เซรั่มผม,0.22,3.250,14.5x19x18.6,14.50,19.00,18.60,0.005,12,"6,439","8,000",,,,https://www.carebeau-enjoy.com/menu-items/carebeau-hair-keratin-series,https://lh3.googleusercontent.com/d/1xBGd5b0_bIqBWi45r9fCLfKYp7bAgbXG,75.76,76.53,77.32,75.00,75.00,70.58,75.00,,80.00,,75.00,,84.00,,75.00,80.00,79.00,2.60,,,,
Yes,,Carebeau Leave On Hair Keratin Spray (50ml),Fantasy,Hair Leave-On Spray,Carebeau Leave On Hair Keratin Spray (50ml),,#N/A,#N/A,19.00,18.00,18.00,15.00,19.00,17.10,"1.สั่งซื้อ 12 โหล ได้รับส่วนลดท้ายบิล 3%
2.สั่งซื้อ 24 โหล ได้รับส่วนลดท้ายบิล 5%
3.สั่งซื้อ 36 โหล ได้รับส่วนลดท้ายบิล 10%",10.00,3305.90.00,ครีมนวดผม,0.05,4.910,20.04x24.2x25,20.04,24.20,25.00,0.012,72,"2,721","4,948",,,,https://www.carebeau-enjoy.com/menu-items/carebeau-fantasy-biotin-almond-series,https://lh3.googleusercontent.com/d/1vHTnEMD8iY42g4bq8UMsCV4QppAwqErc,15.15,15.31,15.46,16.00,16.00,16.00,16.00,,18.00,,16.00,,19.00,,16.00,18.00,,,,,,
Yes,,Carebeau Silky Hair Oil Keratin 58ml,Carebeau,Hair Oil,Carebeau Silky Hair Oil Keratin 58ml,,32,32,,80.00,80.00,,,,,,3305.90.00,น้ำมันใส่ผม,0.06,1.110,12x16.1x18,12.00,16.10,18.00,0.003,12,"9,489","17,253",,,,https://www.carebeau-enjoy.com/menu-items/carebeau-hair-keratin-series,https://lh3.googleusercontent.com/d/1Lodn798mYQwSqE-NbWmCyw3exZRJ8TqI,,,,,,,,,80.00,,,,,,,,,,,,,
Yes,SPCB-250-05,Carebeau Long Hair & Anti Hair Loss Shampoo (250ml),Carebeau,Hair Shampoo,Carebeau Long Hair & Anti Hair Loss Shampoo (250ml),,,,105.00,95.00,95.00,90.00,105.00,94.50,"ซื้อในบิลเดียว
1.ซื้อ 2 โหล ลดท้ายบิล 5%
2.ซื้อ 4 โหล ลดท้ายบิล 7%
3.ซื้อ 8 โหล ลดท้ายบิล 10%
สั่งซื้อรวมสินค้าทรีทเม้นท์และเซรั่มได้
(สินค้า 1 สูตร จะต้องสั่งให้ครบ 1 โหล)",10.00,3401.11.50,แชมพู,0.25,4.220,20x26x18,20.00,26.00,18.00,0.009,12,"3,525","6,161",,,,https://www.carebeau-enjoy.com/menu-items/carebeau-long-hair-anti-hair-loss-shampoo-serum,https://lh3.googleusercontent.com/d/1mnobJmvC_u_EFekuHkjgm5k9UdBForiD,90.91,91.84,92.78,92.00,92.00,86.73,92.00,,95.00,,92.00,,100.00,,92.00,95.00,,,,,,
Yes,SRCB-50-05,Carebeau Long Hair & Anti Hair Loss Serum (50ml),Carebeau,Hair Serum,Carebeau Long Hair & Anti Hair Loss Serum (50ml),,,,105.00,95.00,95.00,90.00,105.00,94.50,"ซื้อในบิลเดียว
1.ซื้อ 2 โหล ลดท้ายบิล 5%
2.ซื้อ 4 โหล ลดท้ายบิล 7%
3.ซื้อ 8 โหล ลดท้ายบิล 10%
สั่งซื้อรวมสินค้าทรีทเม้นท์และเซรั่มได้
(สินค้า 1 สูตร จะต้องสั่งให้ครบ 1 โหล)",10.00,3401.11.50,เซรั่มผม,0.05,1.160,14x18x15,14.00,18.00,15.00,0.004,12,"8,730","15,873",,,,https://www.carebeau-enjoy.com/menu-items/carebeau-long-hair-anti-hair-loss-shampoo-serum,https://lh3.googleusercontent.com/d/1rRdQ4fOMUJKovA9T7dYaQHulpVij8oam,90.91,91.84,92.78,92.00,92.00,86.73,92.00,,95.00,,92.00,,100.00,,92.00,95.00,,,,,,
Yes,SWCB-450-01,Carebeau Head & Body Bath (450g) - Aloe Vera,Carebeau,Shower Gel,Carebeau Head & Body Bath (450g),Aloe Vera,,,50.00,44.00,44.00,40.00,50.00,,,,3401.11.50,ครีมอาบน้ำ,0.45,6.300,20.5x28x21,20.50,28.00,21.00,0.012,12,"2,737","4,126",,,,https://www.carebeau-enjoy.com/menu-items/carebeau-vitamin-e-milky-head-body-bath,https://lh3.googleusercontent.com/d/1Zg3jzIRutOYEfMIuj9pwPtpCAEBCYwdN,40.40,40.82,41.24,43.00,43.00,40.18,43.00,,44.00,,43.00,,47.00,,43.00,44.00,,,,,,
Yes,SWCB-450-02,Carebeau Head & Body Bath (450g) - Strawberry,Carebeau,Shower Gel,Carebeau Head & Body Bath (450g),Strawberry,,,50.00,44.00,44.00,40.00,50.00,,,,3401.11.50,ครีมอาบน้ำ,0.45,6.300,20.5x28x21,20.50,28.00,21.00,0.012,12,"2,737","4,126",,,,https://www.carebeau-enjoy.com/menu-items/carebeau-vitamin-e-milky-head-body-bath,https://lh3.googleusercontent.com/d/1BugIjXdYaEvcMwMFwRbbv9XY9O_YqkM8,40.40,40.82,41.24,43.00,43.00,40.18,43.00,,44.00,,43.00,,47.00,,43.00,44.00,,,,,,
No,,Carebeau Body Lotion Whitening (150ml),Carebeau,Body Lotion,Carebeau Body Lotion Whitening (150ml),,15,15,22.00,22.00,22.00,20.00,22.00,19.80,"1.สั่งซื้อ 12 โหล ลดท้ายบิล 3%
2.สั่งซื้อ 24 โหล ลดท้ายบิล 5%
3.สั่งซื้อ 36 โหล ลดท้ายบิล 8%
3.สั่งซื้อ 100 โหล ลดท้ายบิล 10%",10.00,3304.99.90,โลชั่นทาผิว,0.15,14.010,33.4x53.5x19,33.40,53.50,19.00,0.034,72,971,"1,767",,,,https://www.carebeau-enjoy.com/menu-items/carebeau-body-whitening-white-spa,https://lh3.googleusercontent.com/d/19mAEpsHOpXfIgdwYK5csnAS6ng2DR1QA,20.20,20.41,20.62,22.00,21.00,19.67,21.00,,22.00,,21.00,,24.00,,22.00,22.00,,,,,,
Yes,,Carebeau Herbal Toothpaste (80g) - Original,Carebeau,Toothpaste,Carebeau Herbal Toothpaste (80g),Original,24,24,63.75,58.00,58.00,55.00,63.75,,,,330610,ยาสีฟัน,0.08,1.252,12x15.4x17,12.00,15.40,17.00,0.003,12,"10,504","19,098",,,,https://www.carebeau-enjoy.com/menu-items/carebeau-herbal-toothpaste,https://lh3.googleusercontent.com/d/1Yi1YOapNNvTNX82RQOZ7X_yMrLMpyr0E,55.56,56.12,56.70,58.00,57.38,53.84,57.38,,58.00,,57.38,,61.00,,58.00,22.00,,,,,,
Yes,,Carebeau Herbal Toothpaste (80g) - Salt,Carebeau,Toothpaste,Carebeau Herbal Toothpaste (80g),Salt,22,24,63.75,58.00,58.00,55.00,63.75,,,,330610,ยาสีฟัน,0.08,1.252,12x15.4x17,12.00,15.40,17.00,0.003,12,"10,504","19,098",,,,https://www.carebeau-enjoy.com/menu-items/carebeau-herbal-toothpaste,https://lh3.googleusercontent.com/d/1I_JXDt5SDC4XPYZC61Pd2pCPvQLPzToL,55.56,56.12,56.70,58.00,57.38,53.84,57.38,,58.00,,57.38,,61.00,,58.00,58.00,,,,,,
Yes,,Carebeau Herbal Toothpaste (80g) - Super Cool and Fresh,Carebeau,Toothpaste,Carebeau Herbal Toothpaste (80g),Super Cool and Fresh,22,24,63.75,58.00,58.00,55.00,63.75,,,,330610,ยาสีฟัน,0.08,1.252,12x15.4x17,12.00,15.40,17.00,0.003,12,"10,504","19,098",,,,https://www.carebeau-enjoy.com/menu-items/carebeau-herbal-toothpaste,https://lh3.googleusercontent.com/d/1oojtJQm5Nnu4zTP9QxCZ-ATxuYIYJIoc,55.56,56.12,56.70,58.00,57.38,53.84,57.38,,58.00,,57.38,,61.00,,558.00,58.00,,,,,,
Yes,SRCB-27-01,Carebeau Intensive Brightening Essense Serum Alpha White 30ml,Carebeau,Facial Serum,Carebeau Intensive Brightening Essense Serum Alpha White 30ml,,,,,112.00,112.00,105.00,,,,,3304.99.90,เซรั่มทาผิว,0.03,6.050,29x37x13,29.00,37.00,13.00,0.014,63,"2,365","4,297",,,,https://www.carebeau-enjoy.com/menu-items/carebeau-intensive-brightening-essense-serum-alpha-white,https://lh3.googleusercontent.com/d/1m57MywpyFwkIcKzCTkgNiRHUCD-GV18F,106.06,107.14,108.25,112.00,112.00,106.27,112.00,,112.00,,112.00,,118.00,,112.00,112.00,,,,,,
No,,Carebeau Botanical Shower Cream (300g),Carebeau,Shower Gel,Carebeau Botanical Shower Cream (300g),,32,,59.00,60.00,60.00,54.00,59.00,53.10,"สั่งซื้อสินค้าในบิลเดียว
1.ซื้อ 6 โหล ได้รับส่วนลด 5%
2.ซื้อ 8 โหล ได้รับส่วนลด 8%
4.ซื้อ 14 โหล ได้รับส่วนลด 10%
(ซื้อรวมกันได่ในบิลเดียว)",10.00,3401.11.50,ครีมอาบน้ำ,0.30,4.700,22x28x20.5,22.00,28.00,20.50,0.013,12,"2,613","4,751",,,,https://www.carebeau-enjoy.com/menu-items/carebeau-botanical-series,https://lh3.googleusercontent.com/d/1FxDwbV5Ex4ynY8GmPFHg-9OsAm_2Uq4L,54.55,55.10,55.67,60.00,60.00,,60.00,,60.00,,60.00,,63.00,,60.00,60.00,,,,,,
No,,Carebeau Botanical Scrub (300g),Carebeau,Body Scrub,Carebeau Botanical Scrub (300g),,,,59.00,60.00,,54.00,59.00,53.10,"สั่งซื้อสินค้าในบิลเดียว
1.ซื้อ 6 โหล ได้รับส่วนลด 5%
2.ซื้อ 8 โหล ได้รับส่วนลด 8%
4.ซื้อ 14 โหล ได้รับส่วนลด 10%
(ซื้อรวมกันได่ในบิลเดียว)",,3304.99.90,เกลือขัดผิว,0.30,4.300,18x26.6x14.6,18.00,26.60,14.60,0.007,12,"4,720","6,046",,,,https://www.carebeau-enjoy.com/menu-items/carebeau-botanical-series,https://lh3.googleusercontent.com/d/1AK-0xeN2R1KsDloBNSIY7d5yOKdTfR2m,54.55,55.10,55.67,60.00,60.00,,60.00,,60.00,,60.00,,63.00,,60.00,60.00,,,,,,
No,,Carebeau Tsubaki Micellar Shampoo (280ml),Carebeau,Hair Shampoo,Carebeau Tsubaki Micellar Shampoo (280ml),,,,,60.00,,60.00,,,,,3305.90.00,แชมพู,0.28,9.400,28x36x17.5,28.00,36.00,17.50,0.018,12,"1,870","2,765",,,,,https://lh3.googleusercontent.com/d/,x,x,x,60.00,,,60.00,,60.00,,60.00,,63.00,,,60.00,,,,,,
No,,Carebeau Tsubaki Micellar Treatment (280ml),Carebeau,Hair Treatment,Carebeau Tsubaki Micellar Treatment (280ml),,,,,60.00,,60.00,,,,,3305.90.00,ครีมนวดผม,0.28,14.800,29.5x42.5x24,29.50,42.50,24.00,0.030,12,"1,096","1,756",,,,,https://lh3.googleusercontent.com/d/,x,x,x,60.00,,,60.00,,60.00,,60.00,,63.00,,,60.00,,,,,,
No,SPCB-30-11,Carebeau Herbal Color Shampoo (30ml) - B1,Carebeau,Hair Dye,Carebeau Herbal Color Shampoo (30ml),B1,,,34.00,35.00,35.00,33.00,34.00,30.60,"แบบชองกับแบบขวดซื้อรวม
รายการกันได้",,3305.90.00,แชมพูปิดผมขาว,0.03,1.060,15x26x16.5,15.00,26.00,16.50,0.006,12,"5,128","9,324",,,,https://www.carebeau-enjoy.com/menu-items/carebeau-herbal-color-shampoo,https://lh3.googleusercontent.com/d/1L2ZwLbimMt7yosRggflbqAB1GUHjJORO,33.33,33.67,34.02,35.00,35.00,35.00,38.00,,35.00,,35.00,,37.00,,35.00,35.00,,,,,,
No,SPCB-30-12,Carebeau Herbal Color Shampoo (30ml) - B2,Carebeau,Hair Dye,Carebeau Herbal Color Shampoo (30ml),B2,,,34.00,35.00,35.00,33.00,34.00,30.60,"แบบชองกับแบบขวดซื้อรวม
รายการกันได้",,3305.90.00,แชมพูปิดผมขาว,0.03,1.060,15x26x16.5,15.00,26.00,16.50,0.006,12,"5,128","9,324",,,,https://www.carebeau-enjoy.com/menu-items/carebeau-herbal-color-shampoo,https://lh3.googleusercontent.com/d/1K5jX0-btktXau58V8HC7TfAXkkoEsgNE,33.33,33.67,34.02,35.00,35.00,35.00,38.00,,35.00,,35.00,,37.00,,35.00,35.00,,,,,,
Yes,SPCB-250-08,Carebeau Rebirth And Anti Hair Loss Complex (250g+70ml),Carebeau,Hair Shampoo,Carebeau Rebirth And Anti Hair Loss Complex (250g+70ml),,,,275.70,240.00,240.00,230.00,275.70,,,,3305.90.00,แชมพู,0.32,6.200,28x36x17.5,28.00,36.00,17.50,0.018,14,"1,870","3,401",,,,https://www.carebeau-enjoy.com/menu-items/carebeau-rebirth-and-anti-hair-loss-complex,https://lh3.googleusercontent.com/d/1C9KyTjEg5qnDumdcoCg2mkC54PSmJ1Ve,232.32,234.69,237.11,240.00,240.00,240.00,240.00,,240.00,,240.00,,252.00,,240.00,240.00,,,,,,
Yes,,Beauty Nature By Carebeau Body Salt Scrub (700g) - Coconut,Beauty Nature,Body Scrub,Beauty Nature By Carebeau Body Salt Scrub (700g),Coconut,31,33,38.00,41.00,38.00,33.00,38.00,36.10,"ซื้อรวม 1-3 โหล ราดา NET.
ซื้อรวม 4 โหล ลด 3%
ซื้อรวม 50 โหล ลด 5%
เกลือบิวดี้เนเจอร์
สั่งรวมกับเกลือดีย่าแดนดี้
ให้ครบจำนวนโหลได้",5.00,3304.99.90,เกลือขัดผิว,0.70,9.560,19.5x27.5x21,19.50,27.50,21.00,0.011,12,"2,719","2,719",,,,https://www.carebeau-enjoy.com/menu-items/beauty-nature-spa-salt-scrub,https://lh3.googleusercontent.com/d/1pVSWyIwcLf5ejKkyv3X9b0whWSKukLWQ,33.33,33.67,34.02,38.00,38.00,38.00,38.00,,41.00,,38.00,,44.00,40.00,37.00,38.00,,,,,,
Yes,,Beauty Nature By Carebeau Body Salt Scrub (700g) - Char Coal,Beauty Nature,Body Scrub,Beauty Nature By Carebeau Body Salt Scrub (700g),Char Coal,33,33,38.00,41.00,38.00,33.00,38.00,36.10,"ซื้อรวม 1-3 โหล ราดา NET.
ซื้อรวม 4 โหล ลด 3%
ซื้อรวม 50 โหล ลด 5%
เกลือบิวดี้เนเจอร์
สั่งรวมกับเกลือดีย่าแดนดี้
ให้ครบจำนวนโหลได้",5.00,3304.99.90,เกลือขัดผิว,0.70,9.560,19.5x27.5x21,19.50,27.50,21.00,0.011,12,"2,719","2,719",,,,https://www.carebeau-enjoy.com/menu-items/beauty-nature-spa-salt-scrub,https://lh3.googleusercontent.com/d/1Pu5-rXfEXjJ6yc63vQnxkB-sfPPbASYv,33.33,33.67,34.02,38.00,38.00,38.00,38.00,,41.00,,38.00,,44.00,40.00,37.00,38.00,,,,,,
Yes,,Beauty Nature By Carebeau Body Salt Scrub (700g) - Coffee,Beauty Nature,Body Scrub,Beauty Nature By Carebeau Body Salt Scrub (700g),Coffee,32,33,38.00,41.00,38.00,33.00,38.00,36.10,"ซื้อรวม 1-3 โหล ราดา NET.
ซื้อรวม 4 โหล ลด 3%
ซื้อรวม 50 โหล ลด 5%
เกลือบิวดี้เนเจอร์
สั่งรวมกับเกลือดีย่าแดนดี้
ให้ครบจำนวนโหลได้",5.00,3304.99.90,เกลือขัดผิว,0.70,9.560,19.5x27.5x21,19.50,27.50,21.00,0.011,12,"2,719","2,719",,,,https://www.carebeau-enjoy.com/menu-items/beauty-nature-spa-salt-scrub,https://lh3.googleusercontent.com/d/1_YJwrh25vcX2FrGUbAxQDbgOLCvddSRP,33.33,33.67,34.02,38.00,38.00,38.00,38.00,,41.00,,38.00,,44.00,40.00,37.00,38.00,,,,,,
No,,Beauty Nature By Carebeau Body Salt Scrub (700g) - Bao Fu Ling,Beauty Nature,Body Scrub,Beauty Nature By Carebeau Body Salt Scrub (700g),Bao Fu Ling,,,,38.00,,33.00,,,,,3304.99.90,เกลือขัดผิว,0.70,9.560,19.5x27.5x21,19.50,27.50,21.00,0.011,12,"2,719","2,719",,,,https://www.carebeau-enjoy.com/menu-items/beauty-nature-spa-salt-scrub,https://lh3.googleusercontent.com/d/,33.33,33.67,34.02,38.00,,,,,38.00,,,,,,,38.00,,,,,,
No,,Beauty Nature By Carebeau Body Salt Scrub (700g) - Snail,Beauty Nature,Body Scrub,Beauty Nature By Carebeau Body Salt Scrub (700g),Snail,,,,38.00,,33.00,,,,,3304.99.90,เกลือขัดผิว,0.70,9.560,19.5x27.5x21,19.50,27.50,21.00,0.011,12,"2,719","2,719",,,,https://www.carebeau-enjoy.com/menu-items/beauty-nature-spa-salt-scrub,https://lh3.googleusercontent.com/d/,33.33,33.67,34.02,38.00,,,,,38.00,,,,,,,38.00,,,,,,
Yes,CRFS-100-01,Carebeau Fantasy Biotin Color Treatment (100g) - B01,Fantasy,Hair Dye,Carebeau Fantasy Biotin Color Treatment (100g),B01,,,63.00,55.00,55.00,52.00,63.00,56.70,"รายการสั่งซื้อในบิลเดียว
1.สั่งซื้อ 6 โหล ได้รับ ส่วนลดท้ายบิล 10%",10.00,3305.90.00,ยาย้อมผม,0.10,1.892,18.3x21.3x19.9,18.30,21.30,19.90,0.008,12,"4,254","7,735",,,,https://www.carebeau-enjoy.com/menu-items/carebeau-fantasy-biotin-color-treatment,https://lh3.googleusercontent.com/d/1bG20SgrUb4oZO-OwmInVEkZ6_Sc2EtPe,52.53,53.06,53.61,52.00,51.67,51.67,51.67,,55.00,,51.67,,58.00,,52.00,55.00,,,,,,
Yes,CRFS-100-02,Carebeau Fantasy Biotin Color Treatment (100g) - B02,Fantasy,Hair Dye,Carebeau Fantasy Biotin Color Treatment (100g),B02,,,63.00,55.00,55.00,52.00,63.00,56.70,"รายการสั่งซื้อในบิลเดียว
1.สั่งซื้อ 6 โหล ได้รับ ส่วนลดท้ายบิล 10%",10.00,3305.90.00,ยาย้อมผม,0.10,1.892,18.3x21.3x19.9,18.30,21.30,19.90,0.008,12,"4,254","7,735",,,,https://www.carebeau-enjoy.com/menu-items/carebeau-fantasy-biotin-color-treatment,https://lh3.googleusercontent.com/d/1VLOyTs8gqj7V7QQ8FzpVnyS-ZAEG4hx4,52.53,53.06,53.61,52.00,51.67,51.67,51.67,,55.00,,51.67,,58.00,,52.00,55.00,,,,,,
Yes,CRFS-100-03,Carebeau Fantasy Biotin Color Treatment (100g) - B03,Fantasy,Hair Dye,Carebeau Fantasy Biotin Color Treatment (100g),B03,,,63.00,55.00,55.00,52.00,63.00,56.70,"รายการสั่งซื้อในบิลเดียว
1.สั่งซื้อ 6 โหล ได้รับ ส่วนลดท้ายบิล 10%",10.00,3305.90.00,ยาย้อมผม,0.10,1.892,18.3x21.3x19.9,18.30,21.30,19.90,0.008,12,"4,254","7,735",,,,https://www.carebeau-enjoy.com/menu-items/carebeau-fantasy-biotin-color-treatment,https://lh3.googleusercontent.com/d/1CiWkNvTiE1LdxuXEt0KHAuWVqq_rvOKc,52.53,53.06,53.61,52.00,51.67,51.67,51.67,,55.00,,51.67,,58.00,,52.00,55.00,,,,,,
Yes,CRFS-100-04,Carebeau Fantasy Biotin Color Treatment (100g) - B04,Fantasy,Hair Dye,Carebeau Fantasy Biotin Color Treatment (100g),B04,,,63.00,55.00,55.00,52.00,63.00,56.70,"รายการสั่งซื้อในบิลเดียว
1.สั่งซื้อ 6 โหล ได้รับ ส่วนลดท้ายบิล 10%",10.00,3305.90.00,ยาย้อมผม,0.10,1.892,18.3x21.3x19.9,18.30,21.30,19.90,0.008,12,"4,254","7,735",,,,https://www.carebeau-enjoy.com/menu-items/carebeau-fantasy-biotin-color-treatment,https://lh3.googleusercontent.com/d/1kkI176_LTQwu6l_Vzsubn7_T83Ny8muX,52.53,53.06,53.61,52.00,51.67,51.67,51.67,,55.00,,51.67,,58.00,,52.00,55.00,,,,,,
Yes,CRFS-100-05,Carebeau Fantasy Biotin Color Treatment (100g) - B05,Fantasy,Hair Dye,Carebeau Fantasy Biotin Color Treatment (100g),B05,,,63.00,55.00,55.00,52.00,63.00,56.70,"รายการสั่งซื้อในบิลเดียว
1.สั่งซื้อ 6 โหล ได้รับ ส่วนลดท้ายบิล 10%",10.00,3305.90.00,ยาย้อมผม,0.10,1.892,18.3x21.3x19.9,18.30,21.30,19.90,0.008,12,"4,254","7,735",,,,https://www.carebeau-enjoy.com/menu-items/carebeau-fantasy-biotin-color-treatment,https://lh3.googleusercontent.com/d/13FzDYNkUDf4V2EWDoWVvmlp6DL7pO2xf,52.53,53.06,53.61,52.00,51.67,51.67,51.67,,55.00,,51.67,,58.00,,52.00,55.00,,,,,,
Yes,CRFS-100-06,Carebeau Fantasy Biotin Color Treatment (100g) - B06,Fantasy,Hair Dye,Carebeau Fantasy Biotin Color Treatment (100g),B06,,,63.00,55.00,55.00,52.00,63.00,56.70,"รายการสั่งซื้อในบิลเดียว
1.สั่งซื้อ 6 โหล ได้รับ ส่วนลดท้ายบิล 10%",10.00,3305.90.00,ยาย้อมผม,0.10,1.892,18.3x21.3x19.9,18.30,21.30,19.90,0.008,12,"4,254","7,735",,,,https://www.carebeau-enjoy.com/menu-items/carebeau-fantasy-biotin-color-treatment,https://lh3.googleusercontent.com/d/1TRZiq76iOu2U70IQSH2RpwrsaHJ4fUZN,52.53,53.06,53.61,52.00,51.67,51.67,51.67,,55.00,,51.67,,58.00,,52.00,55.00,,,,,,
Yes,BSFS-15-05,Carebeau Fantasy Freshlook Hair Bleacing Powder (15g) - Pearl White,Fantasy,Hair Bleaching,Carebeau Fantasy Freshlook Hair Bleacing Powder (15g),Pearl White,,,34.00,30.00,30.00,26.00,34.00,30.60,"รายการซื้อในบิลเดียว
ซื้อ 6 โหล ลดท้ายบิล 5%
ซื้อ 12 โหล ลดท้ายบิล 7%
ซื้อ 18 โหล ลดท้ายบิล 10%",10.00,3305.90.00,ฟอกสีผม,0.07,17.000,28x54.8x26,28.00,54.80,26.00,0.040,144,827,"1,503",,,,https://www.carebeau-enjoy.com/menu-items/carebeau-fantasy-pro-series-freshlook-hair-bleaching-powder-kit,https://lh3.googleusercontent.com/d/1NPpgvT-GkXrf1dMmuobme5MwhHG_i2hE,26.26,26.53,26.80,30.00,25.00,25.00,25.00,,30.00,,25.00,,32.00,,30.00,30.00,,,,,,
Yes,BSFS-15-06,Carebeau Fantasy Freshlook Hair Bleacing Powder (15g) - Twinkle Gold,Fantasy,Hair Bleaching,Carebeau Fantasy Freshlook Hair Bleacing Powder (15g),Twinkle Gold,,,34.00,30.00,30.00,26.00,34.00,30.60,"รายการซื้อในบิลเดียว
ซื้อ 6 โหล ลดท้ายบิล 5%
ซื้อ 12 โหล ลดท้ายบิล 7%
ซื้อ 18 โหล ลดท้ายบิล 10%",10.00,3305.90.00,ฟอกสีผม,0.07,17.000,28x54.8x26,28.00,54.80,26.00,0.040,144,827,"1,503",,,,https://www.carebeau-enjoy.com/menu-items/carebeau-fantasy-pro-series-freshlook-hair-bleaching-powder-kit,https://lh3.googleusercontent.com/d/1ITIteYruSN_l3-N0Ur9OqOyuWr3B9FQs,26.26,26.53,26.80,30.00,25.00,25.00,25.00,,30.00,,25.00,,32.00,,30.00,30.00,,,,,,
Yes,,Carebeau Fantasy Freshlook Hair Bleacing Powder (300g) - Pearl White,Fantasy,Hair Bleaching,Carebeau Fantasy Freshlook Hair Bleacing Powder (300g),Pearl White,,,229.00,229.00,229.00,225.00,229.00,217.55,"1.ซื้อ 1 โหล NET.
2.ซื้อ 3 โหล ลดท้ายบิล 3%
3.ซื้อ 3 โหล ลดท้ายบิล 5%",5.00,3305.90.00,ฟอกสีผม,0.30,5.036,30x39x17.2,30.00,39.00,17.20,0.020,12,"1,639","2,981",,,,https://www.carebeau-enjoy.com/menu-items/carebeau-fantasy-pro-series-freshlook-hair-bleaching-powder-kit,https://lh3.googleusercontent.com/d/1yw0rY5MHIQprCmrPZq4E0bjx7PlCi6IY,227.27,x,x,229.00,229.00,229.00,229.00,,229.00,,229.00,,241.00,,229.00,229.00,,,,,,
Yes,,Carebeau Fantasy Freshlook Hair Bleacing Powder (300g) - Twinkle Gold,Fantasy,Hair Bleaching,Carebeau Fantasy Freshlook Hair Bleacing Powder (300g),Twinkle Gold,,,229.00,229.00,229.00,225.00,229.00,217.55,"1.ซื้อ 1 โหล NET.
2.ซื้อ 3 โหล ลดท้ายบิล 3%
3.ซื้อ 3 โหล ลดท้ายบิล 5%",5.00,3305.90.00,ฟอกสีผม,0.30,5.036,30x39x17.2,30.00,39.00,17.20,0.020,12,"1,639","2,981",,,,https://www.carebeau-enjoy.com/menu-items/carebeau-fantasy-pro-series-freshlook-hair-bleaching-powder-kit,https://lh3.googleusercontent.com/d/1f6sldeOV5NfOdqF9TNVlewEwpcGkTfbp,227.27,x,x,229.00,229.00,229.00,229.00,,229.00,,229.00,,241.00,,229.00,229.00,,,,,,
Yes,,Carebeau Fantasy Avocado Hair Straightener Cream (120g) - Strong Hair,Fantasy,Hair Straightener,Carebeau Fantasy Avocado Hair Straightener Cream (120g),Strong Hair,,,85.00,70.00,70.00,65.00,85.00,76.50,"4 โหล ลด 6%
8 โหล ลด 10%",10.00,3305.90.00,ครีมยืดผม,0.12,4.910,23x31.5x21.5,23.00,31.50,21.50,0.016,12,"2,118","3,851",,,,https://www.carebeau-enjoy.com/menu-items/carebeau-fantasy-avocado-hair-straightener-cream,https://lh3.googleusercontent.com/d/1luTFWSUiPGNWWcfQVIM3mp8Fm-kYZhvd,65.66,66.33,67.01,70.00,70.00,70.00,70.00,,70.00,,70.00,,74.00,,70.00,70.00,,,,,,
Yes,,Carebeau Fantasy Avocado Hair Straightener Cream (120g) - Normal Hair,Fantasy,Hair Straightener,Carebeau Fantasy Avocado Hair Straightener Cream (120g),Normal Hair,,,85.00,70.00,70.00,65.00,85.00,76.50,"4 โหล ลด 6%
8 โหล ลด 10%",10.00,3305.90.00,ครีมยืดผม,0.12,4.910,23x31.5x21.5,23.00,31.50,21.50,0.016,12,"2,118","3,851",,,,https://www.carebeau-enjoy.com/menu-items/carebeau-fantasy-avocado-hair-straightener-cream,https://lh3.googleusercontent.com/d/1fu82PmSqAo5_vP__EKllURlOq2Q1Pd38,65.66,66.33,67.01,70.00,70.00,70.00,70.00,,70.00,,70.00,,74.00,,70.00,70.00,,,,,,
No,,Carebeau Fantasy Hair Treatment Wax (250ml) (2 pcs) - Coconut & Coffee,Fantasy,Hair Treatment,Carebeau Fantasy Hair Treatment Wax (250ml) (2 pcs),Coconut & Coffee,,,45.00,58.00,,41.00,45.00,40.50,"1. สั่งซื้อ 6 โหล ได้รับส่วนลด 3%
2. สั่งซื้อ 12 โหล ได้รับส่วนลด 10%",,3305.90.00,ครีมนวดผม,0.50,7.190,27.3x35.8x15,27.30,35.80,15.00,0.015,12,"2,251","3,616",,,,https://www.carebeau-enjoy.com/menu-items/carebeau-fantasy-hair-treatment,https://lh3.googleusercontent.com/d/14Edr9SB3EeVPzGeAnI-FYHTa7ZwfbDQo,41.41,41.84,42.27,58.00,50.00,50.00,50.00,,58.00,,50.00,,61.00,,58.00,58.00,,,,,,
No,,Carebeau Fantasy Hair Treatment Wax (250ml) (2 pcs) - Sakura,Fantasy,Hair Treatment,Carebeau Fantasy Hair Treatment Wax (250ml) (2 pcs),Sakura,,,45.00,58.00,,41.00,45.00,40.50,"1. สั่งซื้อ 6 โหล ได้รับส่วนลด 3%
2. สั่งซื้อ 12 โหล ได้รับส่วนลด 10%",,3305.90.00,ครีมนวดผม,0.50,7.190,27.3x35.8x15,27.30,35.80,15.00,0.015,12,"2,251","3,616",,,,https://www.carebeau-enjoy.com/menu-items/carebeau-fantasy-hair-treatment,https://lh3.googleusercontent.com/d/1vfHuBAWRtEWrNtmHMH3nddmwCDPT_YfD,41.41,41.84,42.27,58.00,50.00,50.00,50.00,,58.00,,50.00,,61.00,,58.00,58.00,,,,,,
No,,Carebeau Fantasy Hair Treatment Wax (250ml) (2 pcs) - Milky & Yoghurt,Fantasy,Hair Treatment,Carebeau Fantasy Hair Treatment Wax (250ml) (2 pcs),Milky & Yoghurt,,,45.00,58.00,,41.00,45.00,40.50,"1. สั่งซื้อ 6 โหล ได้รับส่วนลด 3%
2. สั่งซื้อ 12 โหล ได้รับส่วนลด 10%",,3305.90.00,ครีมนวดผม,0.50,7.190,27.3x35.8x15,27.30,35.80,15.00,0.015,12,"2,251","3,616",,,,https://www.carebeau-enjoy.com/menu-items/carebeau-fantasy-hair-treatment,https://lh3.googleusercontent.com/d/1cx0jrv8ftflBsydJAiuFy_n0VBwXK70e,41.41,41.84,42.27,58.00,50.00,50.00,50.00,,58.00,,50.00,,61.00,,58.00,58.00,,,,,,
No,,Carebeau Fantasy Hair Treatment Wax (250ml) (2 pcs) - Spa Leelawadee,Fantasy,Hair Treatment,Carebeau Fantasy Hair Treatment Wax (250ml) (2 pcs),Spa Leelawadee,,,45.00,58.00,,41.00,45.00,40.50,"1. สั่งซื้อ 6 โหล ได้รับส่วนลด 3%
2. สั่งซื้อ 12 โหล ได้รับส่วนลด 10%",,3305.90.00,ครีมนวดผม,0.50,7.190,27.3x35.8x15,27.30,35.80,15.00,0.015,12,"2,251","3,616",,,,https://www.carebeau-enjoy.com/menu-items/carebeau-fantasy-hair-treatment,https://lh3.googleusercontent.com/d/1dLxyVk17cHw9brYLlv_w7UXolAHVT51z,41.41,41.84,42.27,58.00,50.00,50.00,50.00,,58.00,,50.00,,61.00,,58.00,58.00,,,,,,
No,,Carebeau Fantasy Hair Treatment Wax (250ml) (2 pcs) - Avocado,Fantasy,Hair Treatment,Carebeau Fantasy Hair Treatment Wax (250ml) (2 pcs),Avocado,,,45.00,58.00,,41.00,45.00,40.50,"1. สั่งซื้อ 6 โหล ได้รับส่วนลด 3%
2. สั่งซื้อ 12 โหล ได้รับส่วนลด 10%",,3305.90.00,ครีมนวดผม,0.50,7.190,27.3x35.8x15,27.30,35.80,15.00,0.015,12,"2,251","3,616",,,,https://www.carebeau-enjoy.com/menu-items/carebeau-fantasy-hair-treatment,https://lh3.googleusercontent.com/d/1m_BgbGI_qps7qdll2E89dA368ZOWBlmd,41.41,41.84,42.27,58.00,50.00,50.00,50.00,,58.00,,50.00,,61.00,,58.00,58.00,,,,,,
Yes,TMFS-250X2-08,Carebeau Fantasy Hair Treatment Wax (250ml) (2 pcs) - Sakura Sweet,Fantasy,Hair Treatment,Carebeau Fantasy Hair Treatment Wax (250ml) (2 pcs),Sakura Sweet,,,,43.00,43.00,,,,,,3305.90.00,ครีมนวดผม,0.50,7.180,27x35.5x13.7,27.00,35.50,13.70,0.013,12,"2,513","3,621",,,,https://www.carebeau-enjoy.com/menu-items/carebeau-fantasy-hair-treatment,https://lh3.googleusercontent.com/d/1IAIYswk2v01lDTQp6BTvUip9G44Gkj3s,,,,,,,,,43.00,,,,,,,,,,,,,
Yes,TMFS-250X2-06,Carebeau Fantasy Hair Treatment Wax (250ml) (2 pcs) - Blue Pea & Collagen,Fantasy,Hair Treatment,Carebeau Fantasy Hair Treatment Wax (250ml) (2 pcs),Blue Pea & Collagen,#N/A,#N/A,,43.00,43.00,,,,,,3305.90.00,ครีมนวดผม,0.50,7.180,27x35.5x13.7,27.00,35.50,13.70,0.013,12,"2,513","3,621",,,,https://www.carebeau-enjoy.com/menu-items/carebeau-fantasy-hair-treatment,https://lh3.googleusercontent.com/d/1h2Yj82x_r14RsQJHTR5u94lsfHrbKRs3,,,,,,,,,43.00,,,,,,,,,,,,,
Yes,TMFS-250X2-09,Carebeau Fantasy Hair Treatment Wax (250ml) (2 pcs) - Yogurt Rice Milk Touch,Fantasy,Hair Treatment,Carebeau Fantasy Hair Treatment Wax (250ml) (2 pcs),Yogurt Rice Milk Touch,,,,43.00,43.00,,,,,,3305.90.00,ครีมนวดผม,0.50,7.180,27x35.5x13.7,27.00,35.50,13.70,0.013,12,"2,513","3,621",,,,https://www.carebeau-enjoy.com/menu-items/carebeau-fantasy-hair-treatment,https://lh3.googleusercontent.com/d//1icfqQbgDiyEkLmUHHzuu6yuyrLSClPM4,,,,,,,,,43.00,,,,,,,,,,,,,
Yes,TMFS-250X2-07,Carebeau Fantasy Hair Treatment Wax (250ml) (2 pcs) - Avocado Smooth,Fantasy,Hair Treatment,Carebeau Fantasy Hair Treatment Wax (250ml) (2 pcs),Avocado Smooth,,,,43.00,43.00,,,,,,3305.90.00,ครีมนวดผม,0.50,7.180,27x35.5x13.7,27.00,35.50,13.70,0.013,12,"2,513","3,621",,,,https://www.carebeau-enjoy.com/menu-items/carebeau-fantasy-hair-treatment,https://lh3.googleusercontent.com/d/1lrkJm4MlUQWNrjJTaxOIFkMDaqmfJfT4,,,,,,,,,43.00,,,,,,,,,,,,,
Yes,TMFS-250X2-10,Carebeau Fantasy Hair Treatment Wax (250ml) (2 pcs) - Mulberry & Vitamin E,Fantasy,Hair Treatment,Carebeau Fantasy Hair Treatment Wax (250ml) (2 pcs),Mulberry & Vitamin E,,,,43.00,43.00,,,,,,3305.90.00,ครีมนวดผม,0.50,7.180,27x35.5x13.7,27.00,35.50,13.70,0.013,12,"2,513","3,621",,,,https://www.carebeau-enjoy.com/menu-items/carebeau-fantasy-hair-treatment,https://lh3.googleusercontent.com/d/1BxdqINUh_8gGCg1O7ecMWE1jtrJO9Sxp,,,,,,,,,43.00,,,,,,,,,,,,,
Yes,TMFS-500X2-01,Carebeau Fantasy Hair Treatment Wax (500ml) (2 pcs) - Sakura Sweet,Fantasy,Hair Treatment,Carebeau Fantasy Hair Treatment Wax (500ml) (2 pcs),Sakura Sweet,,,,66.67,66.67,66.50,,,,,3305.90.00,ครีมนวดผม,1.00,13.558,29.5x39.4x20.4,29.50,39.40,20.40,0.024,12,"1,391","1,917",,,,https://www.carebeau-enjoy.com/menu-items/carebeau-fantasy-hair-treatment,https://lh3.googleusercontent.com/d/1615xNFr2eknRNlhj11jmHAUrUYhiUzx9,,,,,,,,,66.67,,,,,,,,,,,,,
Yes,TMFS-500X2-04,Carebeau Fantasy Hair Treatment Wax (500ml) (2 pcs) - Blue Pea & Collagen,Fantasy,Hair Treatment,Carebeau Fantasy Hair Treatment Wax (500ml) (2 pcs),Blue Pea & Collagen,#N/A,#N/A,,66.67,66.67,66.50,,,,,3305.90.00,ครีมนวดผม,1.00,13.558,29.5x39.4x20.4,29.50,39.40,20.40,0.024,12,"1,391","1,917",,,,https://www.carebeau-enjoy.com/menu-items/carebeau-fantasy-hair-treatment,https://lh3.googleusercontent.com/d/1yKAX2MLfLR2uxnZA_y5rwiHBGoifh01Y,,,,,,,,,66.67,,,,,,,,,,,,,
Yes,TMFS-500X2-02,Carebeau Fantasy Hair Treatment Wax (500ml) (2 pcs) - Yogurt Rice Milk Touch,Fantasy,Hair Treatment,Carebeau Fantasy Hair Treatment Wax (500ml) (2 pcs),Yogurt Rice Milk Touch,,,,66.67,66.67,66.50,,,,,3305.90.00,ครีมนวดผม,1.00,13.558,29.5x39.4x20.4,29.50,39.40,20.40,0.024,12,"1,391","1,917",,,,https://www.carebeau-enjoy.com/menu-items/carebeau-fantasy-hair-treatment,https://lh3.googleusercontent.com/d/1HGqllumw_ZwhRiIZlaRAfEVume8zoxc9,,,,,,,,,66.67,,,,,,,,,,,,,
Yes,TMFS-500X2-03,Carebeau Fantasy Hair Treatment Wax (500ml) (2 pcs) - Avocado Smooth,Fantasy,Hair Treatment,Carebeau Fantasy Hair Treatment Wax (500ml) (2 pcs),Avocado Smooth,,,,66.67,66.67,66.50,,,,,3305.90.00,ครีมนวดผม,1.00,13.558,29.5x39.4x20.4,29.50,39.40,20.40,0.024,12,"1,391","1,917",,,,https://www.carebeau-enjoy.com/menu-items/carebeau-fantasy-hair-treatment,https://lh3.googleusercontent.com/d/10KeS2qmFWMB__OCK03NJQBmeBQxcQhdx,,,,,,,,,66.67,,,,,,,,,,,,,
Yes,TMFS-500X2-05,Carebeau Fantasy Hair Treatment Wax (500ml) (2 pcs) - Mulberry & Vitamin E,Fantasy,Hair Treatment,Carebeau Fantasy Hair Treatment Wax (500ml) (2 pcs),Mulberry & Vitamin E,,,,66.67,66.67,66.50,,,,,3305.90.00,ครีมนวดผม,1.00,13.558,29.5x39.4x20.4,29.50,39.40,20.40,0.024,12,"1,391","1,917",,,,https://www.carebeau-enjoy.com/menu-items/carebeau-fantasy-hair-treatment,https://lh3.googleusercontent.com/d/1hONJ7xsXRt8rqts5i3SOg7JqrnsAa3_G,,,,,,,,,66.67,,,,,,,,,,,,,
Yes,,Carebeau Fantasy Curly Stabilizer Serum (240ml),Fantasy,Hair Serum,Carebeau Fantasy Curly Stabilizer Serum (240ml),,32,32,80.00,58.00,58.00,50.00,80.00,72.00,"3 โหล ลด 6%
6 โหล ลด 8%
12 โหล ลด 10%
",10.00,3305.90.00,เซรั่มผม,0.24,3.320,16.5x21.3x17.6,16.50,21.30,17.60,0.006,12,"5,335","7,831",,,,,https://lh3.googleusercontent.com/d/1dgH2xM0jZ16QS7w9vd0A-qz82Gp3xF-D,50.51,51.02,51.55,58.00,50.00,50.00,50.00,,58.00,,50.00,,61.00,,,58.00,,1.67,,,,
Yes,SPFS-1000-02,Carebeau Fantasy Beauty Shampoo (1000g) - Sakura,Fantasy,Hair Shampoo,Carebeau Fantasy Beauty Shampoo (1000g),Sakura,,,39.00,41.00,38.00,36.00,39.00,37.05,"รายการสั่งซื้อในบิลเดียว
(รวมแชมพูครีมนวดได่)
1.ซื้อ 6 โหล ลดท้ายบิล 3%
2.ซื้อ 12 โหล ลดท้ายบิล 5%
พิเศษ ลดเพิ่ม ซื้อในบิลเดียว
1.ซื้อ 18 โหลลด5% ลดท้ายเพิ่มอีก 3%
2.ซื้อ 24 โหลลด5% ลดท้ายเพิ่มอีก 5%",9.75,3305.90.00,แชมพู,1.00,13.770,31.5x40.3x23.8,31.50,40.30,23.80,0.030,12,"1,092","1,888",,,,https://www.carebeau-enjoy.com/menu-items/carebeau-fantasy-beauty-shampoo,https://lh3.googleusercontent.com/d/1e594sYPmKBNIAekGCNCg3j-DFxGpRJh2,36.36,36.73,37.11,38.00,37.50,37.50,38.00,,41.00,,37.50,,44.00,,38.00,38.00,,,,,,
Yes,,Carebeau Fantasy Beauty Shampoo (1000g) - Coconut,Fantasy,Hair Shampoo,Carebeau Fantasy Beauty Shampoo (1000g),Coconut,31,31,39.00,41.00,38.00,36.00,39.00,37.05,"รายการสั่งซื้อในบิลเดียว
(รวมแชมพูครีมนวดได่)
1.ซื้อ 6 โหล ลดท้ายบิล 3%
2.ซื้อ 12 โหล ลดท้ายบิล 5%
พิเศษ ลดเพิ่ม ซื้อในบิลเดียว
1.ซื้อ 18 โหลลด5% ลดท้ายเพิ่มอีก 3%
2.ซื้อ 24 โหลลด5% ลดท้ายเพิ่มอีก 5%",9.75,3305.90.00,แชมพู,1.00,13.770,31.5x40.3x23.8,31.50,40.30,23.80,0.030,12,"1,092","1,888",,,,https://www.carebeau-enjoy.com/menu-items/carebeau-fantasy-beauty-shampoo,https://lh3.googleusercontent.com/d/1e34ADC0CpIbqUUGMaetIBCLKs7a1q4Ox,36.36,36.73,37.11,38.00,37.50,37.50,38.00,,41.00,,37.50,,44.00,,38.00,38.00,,,,,,
Yes,SPFS-1000-01,Carebeau Fantasy Beauty Shampoo (1000g) - Lemon & Green Tea,Fantasy,Hair Shampoo,Carebeau Fantasy Beauty Shampoo (1000g),Lemon & Green Tea,,,39.00,41.00,38.00,36.00,39.00,37.05,"รายการสั่งซื้อในบิลเดียว
(รวมแชมพูครีมนวดได่)
1.ซื้อ 6 โหล ลดท้ายบิล 3%
2.ซื้อ 12 โหล ลดท้ายบิล 5%
พิเศษ ลดเพิ่ม ซื้อในบิลเดียว
1.ซื้อ 18 โหลลด5% ลดท้ายเพิ่มอีก 3%
2.ซื้อ 24 โหลลด5% ลดท้ายเพิ่มอีก 5%",9.75,3305.90.00,แชมพู,1.00,13.770,31.5x40.3x23.8,31.50,40.30,23.80,0.030,12,"1,092","1,888",,,,https://www.carebeau-enjoy.com/menu-items/carebeau-fantasy-beauty-shampoo,https://lh3.googleusercontent.com/d/1CZLNxmOSEFSMDlFYYyKCOfW6Q5FJBpPb,36.36,36.73,37.11,38.00,37.50,37.50,38.00,,41.00,,37.50,,44.00,,38.00,38.00,,,,,,
Yes,SPFS-1000-04,Carebeau Fantasy Beauty Shampoo (1000g) - Cooling,Fantasy,Hair Shampoo,Carebeau Fantasy Beauty Shampoo (1000g),Cooling,,,39.00,41.00,38.00,36.00,39.00,37.05,"รายการสั่งซื้อในบิลเดียว
(รวมแชมพูครีมนวดได่)
1.ซื้อ 6 โหล ลดท้ายบิล 3%
2.ซื้อ 12 โหล ลดท้ายบิล 5%
พิเศษ ลดเพิ่ม ซื้อในบิลเดียว
1.ซื้อ 18 โหลลด5% ลดท้ายเพิ่มอีก 3%
2.ซื้อ 24 โหลลด5% ลดท้ายเพิ่มอีก 5%",9.75,3305.90.00,แชมพู,1.00,13.770,31.5x40.3x23.8,31.50,40.30,23.80,0.030,12,"1,092","1,888",,,,https://www.carebeau-enjoy.com/menu-items/carebeau-fantasy-beauty-shampoo,https://lh3.googleusercontent.com/d/174_DA5KcLntmJiVHV2MXZzcLf9CeBfPo,36.36,36.73,37.11,38.00,37.50,37.50,38.00,,41.00,,37.50,,44.00,,38.00,38.00,,,,,,
Yes,CDFS-1000-04,Carebeau Fantasy Beauty Conditioner (1000ml) - Sakura,Fantasy,Hair Conditioner,Carebeau Fantasy Beauty Conditioner (1000ml),Sakura,,,44.00,47.00,44.00,42.00,44.00,41.80,"รายการสั่งซื้อในบิลเดียว
(รวมแชมพูครีมนวดได่)
1.ซื้อ 6 โหล ลดท้ายบิล 3%
2.ซื้อ 12 โหล ลดท้ายบิล 5%
พิเศษ ลดเพิ่ม ซื้อในบิลเดียว
1.ซื้อ 18 โหลลด5% ลดท้ายเพิ่มอีก 3%
2.ซื้อ 24 โหลลด5% ลดท้ายเพิ่มอีก 5%",9.75,3305.90.00,ครีมนวดผม,1.00,13.770,31.5x40.3x23.8,31.50,40.30,23.80,0.030,12,"1,092","1,888",,,,https://www.carebeau-enjoy.com/menu-items/carebeau-fantasy-beauty-conditioner,https://lh3.googleusercontent.com/d/1--AiN2RcgJ0MggPxdOBfraPHMcQ-ZSYB,42.42,42.86,43.30,44.00,43.50,43.50,44.00,,47.00,,43.50,,50.00,,44.00,44.00,,,,,,
Yes,CDFS-1000-02,Carebeau Fantasy Beauty Conditioner (1000ml) - Coconut,Fantasy,Hair Conditioner,Carebeau Fantasy Beauty Conditioner (1000ml),Coconut,,,44.00,47.00,44.00,42.00,44.00,41.80,"รายการสั่งซื้อในบิลเดียว
(รวมแชมพูครีมนวดได่)
1.ซื้อ 6 โหล ลดท้ายบิล 3%
2.ซื้อ 12 โหล ลดท้ายบิล 5%
พิเศษ ลดเพิ่ม ซื้อในบิลเดียว
1.ซื้อ 18 โหลลด5% ลดท้ายเพิ่มอีก 3%
2.ซื้อ 24 โหลลด5% ลดท้ายเพิ่มอีก 5%",9.75,3305.90.00,ครีมนวดผม,1.00,13.770,31.5x40.3x23.8,31.50,40.30,23.80,0.030,12,"1,092","1,888",,,,https://www.carebeau-enjoy.com/menu-items/carebeau-fantasy-beauty-conditioner,https://lh3.googleusercontent.com/d/1W40YGoPq1XByFFSEcRHzppD0QQdtccYm,42.42,42.86,43.30,44.00,43.50,43.50,44.00,,47.00,,43.50,,50.00,,44.00,44.00,,,,,,
Yes,CDFS-1000-01,Carebeau Fantasy Beauty Conditioner (1000ml) - Lemon & Green Tea,Fantasy,Hair Conditioner,Carebeau Fantasy Beauty Conditioner (1000ml),Lemon & Green Tea,,,44.00,47.00,44.00,42.00,44.00,41.80,"รายการสั่งซื้อในบิลเดียว
(รวมแชมพูครีมนวดได่)
1.ซื้อ 6 โหล ลดท้ายบิล 3%
2.ซื้อ 12 โหล ลดท้ายบิล 5%
พิเศษ ลดเพิ่ม ซื้อในบิลเดียว
1.ซื้อ 18 โหลลด5% ลดท้ายเพิ่มอีก 3%
2.ซื้อ 24 โหลลด5% ลดท้ายเพิ่มอีก 5%",9.75,3305.90.00,ครีมนวดผม,1.00,13.770,31.5x40.3x23.8,31.50,40.30,23.80,0.030,12,"1,092","1,888",,,,https://www.carebeau-enjoy.com/menu-items/carebeau-fantasy-beauty-conditioner,https://lh3.googleusercontent.com/d/1LacWpj575adagdJb2pCoZVNvVvkVU82k,42.42,42.86,43.30,44.00,43.50,43.50,44.00,,47.00,,43.50,,50.00,,44.00,44.00,,,,,,
Yes,CDFS-1000-03,Carebeau Fantasy Beauty Conditioner (1000ml) - Cooling,Fantasy,Hair Conditioner,Carebeau Fantasy Beauty Conditioner (1000ml),Cooling,,,44.00,47.00,44.00,42.00,44.00,41.80,"รายการสั่งซื้อในบิลเดียว
(รวมแชมพูครีมนวดได่)
1.ซื้อ 6 โหล ลดท้ายบิล 3%
2.ซื้อ 12 โหล ลดท้ายบิล 5%
พิเศษ ลดเพิ่ม ซื้อในบิลเดียว
1.ซื้อ 18 โหลลด5% ลดท้ายเพิ่มอีก 3%
2.ซื้อ 24 โหลลด5% ลดท้ายเพิ่มอีก 5%",9.75,3305.90.00,ครีมนวดผม,1.00,13.770,31.5x40.3x23.8,31.50,40.30,23.80,0.030,12,"1,092","1,888",,,,https://www.carebeau-enjoy.com/menu-items/carebeau-fantasy-beauty-conditioner,https://lh3.googleusercontent.com/d/14NnX5-7L9r88L_jqtFHon3Gx_Onogtit,42.42,42.86,43.30,44.00,43.50,43.50,44.00,,47.00,,43.50,,50.00,,44.00,44.00,,,,,,
Yes,SPFS-2400-01,Carebeau Fantasy Shampoo (2800g) - Sakura,Fantasy,Hair Shampoo,Carebeau Fantasy Shampoo (2800g),Sakura,,,145.00,137.00,137.00,130.00,145.00,130.50,"ซื้อในบิลเดียว
ซื้อ 20 ฤง ลดท้ายบิล 5%
ซื้อ 40 ถุง ลดท้ายบิล 7%
ซื้อ 60 ถุง ลดท้ายบิล 10%
รายการสะสม 3 เดือน
1.สะสม 25,000 บ.ไดรับ 1,000 บ.
2.สะสม 50,000 บ. ได้รับ 2,500 บ.",10.00,3305.90.00,แชมพู,2.80,12.190,30x43.5x30.3,30.00,43.50,30.30,0.038,4,834,"1,517",,,,https://www.carebeau-enjoy.com/menu-items/hair-care-carebeau-fantasy-shampoo,https://lh3.googleusercontent.com/d/10_rfQeKQ6Jo6Af3dKOm9za0Y53wGGDjm,131.31,132.65,134.02,137.00,,,,,137.00,,,,,,,137.00,,,,,,
Yes,SPFS-2400-03,Carebeau Fantasy Shampoo (2800g) - Butterfly Pea,Fantasy,Hair Shampoo,Carebeau Fantasy Shampoo (2800g),Butterfly Pea,,,145.00,137.00,137.00,130.00,145.00,130.50,"ซื้อในบิลเดียว
ซื้อ 20 ฤง ลดท้ายบิล 5%
ซื้อ 40 ถุง ลดท้ายบิล 7%
ซื้อ 60 ถุง ลดท้ายบิล 10%
รายการสะสม 3 เดือน
1.สะสม 25,000 บ.ไดรับ 1,000 บ.
2.สะสม 50,000 บ. ได้รับ 2,500 บ.",10.00,3305.90.00,แชมพู,2.80,12.190,30x43.5x30.3,30.00,43.50,30.30,0.038,4,834,"1,517",,,,https://www.carebeau-enjoy.com/menu-items/hair-care-carebeau-fantasy-shampoo,https://lh3.googleusercontent.com/d/10hkLAB77rjbpWCkHpwLE_OTu-51d4NA_,131.31,132.65,134.02,137.00,,,,,137.00,,,,,,,137.00,,,,,,
Yes,SPFS-2400-02,Carebeau Fantasy Shampoo (2800g) - Olive Oil,Fantasy,Hair Shampoo,Carebeau Fantasy Shampoo (2800g),Olive Oil,,,145.00,137.00,137.00,130.00,145.00,130.50,"ซื้อในบิลเดียว
ซื้อ 20 ฤง ลดท้ายบิล 5%
ซื้อ 40 ถุง ลดท้ายบิล 7%
ซื้อ 60 ถุง ลดท้ายบิล 10%
รายการสะสม 3 เดือน
1.สะสม 25,000 บ.ไดรับ 1,000 บ.
2.สะสม 50,000 บ. ได้รับ 2,500 บ.",10.00,3305.90.00,แชมพู,2.80,12.190,30x43.5x30.3,30.00,43.50,30.30,0.038,4,834,"1,517",,,,https://www.carebeau-enjoy.com/menu-items/hair-care-carebeau-fantasy-shampoo,https://lh3.googleusercontent.com/d/10iVn_3gNpIcw6T_VtMqQYjDuoUFpsbgO,131.31,132.65,134.02,137.00,,,,,137.00,,,,,,,137.00,,,,,,
Yes,SPFS-2400-04,Carebeau Fantasy Shampoo (2800g) - Provitamin B5,Fantasy,Hair Shampoo,Carebeau Fantasy Shampoo (2800g),Provitamin B5,,,145.00,137.00,137.00,130.00,145.00,130.50,"ซื้อในบิลเดียว
ซื้อ 20 ฤง ลดท้ายบิล 5%
ซื้อ 40 ถุง ลดท้ายบิล 7%
ซื้อ 60 ถุง ลดท้ายบิล 10%
รายการสะสม 3 เดือน
1.สะสม 25,000 บ.ไดรับ 1,000 บ.
2.สะสม 50,000 บ. ได้รับ 2,500 บ.",10.00,3305.90.00,แชมพู,2.80,12.190,30x43.5x30.3,30.00,43.50,30.30,0.038,4,834,"1,517",,,,https://www.carebeau-enjoy.com/menu-items/hair-care-carebeau-fantasy-shampoo,https://lh3.googleusercontent.com/d/10iX9mHiQxKqQrK7zh3dMoBiRguEPRi0R,131.31,132.65,134.02,137.00,,,,,137.00,,,,,,,137.00,,,,,,
Yes,SPFS-2800-01,Carebeau Fantasy Shampoo (2800g) - Cooling Fresh,Fantasy,Hair Shampoo,Carebeau Fantasy Shampoo (2800g),Cooling Fresh,,,145.00,137.00,137.00,130.00,145.00,130.50,"ซื้อในบิลเดียว
ซื้อ 20 ฤง ลดท้ายบิล 5%
ซื้อ 40 ถุง ลดท้ายบิล 7%
ซื้อ 60 ถุง ลดท้ายบิล 10%
รายการสะสม 3 เดือน
1.สะสม 25,000 บ.ไดรับ 1,000 บ.
2.สะสม 50,000 บ. ได้รับ 2,500 บ.",10.00,3305.90.00,แชมพู,2.80,12.190,30x43.5x30.3,30.00,43.50,30.30,0.038,4,834,"1,517",,,,https://www.carebeau-enjoy.com/menu-items/hair-care-carebeau-fantasy-shampoo,https://lh3.googleusercontent.com/d/11BaR28WYIfLMkPHLERbnlAJxd2iyWtvh,131.31,132.65,134.02,137.00,,,,,137.00,,,,,,,137.00,,,,,,
Yes,SPFS-3000-01,Carebeau Fantasy Beauty Shampoo (3000g) - Sakura,Fantasy,Hair Shampoo,Carebeau Fantasy Beauty Shampoo (3000g),Sakura,,,110.00,109.00,102.00,102.00,110.00,99.00,"1.ซื้อ 6 แกลอน ลดท้ายบิล 5%
2.ซื้อ 18 แกลอน ลดท้ายบิล 10%
(ซื้อรวมกันให้ครบตามจำนวนโหลได้)
ขั้นต่ำต่อสูตร 6 ชิ้นขึ้นไป",10.00,3305.90.00,แชมพู,3.00,19.220,30x33.4x33.5,30.00,33.40,33.50,0.034,6,983,"1,352",,,,https://www.carebeau-enjoy.com/menu-items/carebeau-fantasy-beauty-shampoo,https://lh3.googleusercontent.com/d/1-2EVKxLkWvc6IbhOLqYIUlbE4q1lxksp,103.03,104.08,105.15,103.00,102.50,102.50,102.50,,109.00,,102.50,,115.00,,103.00,102.00,,,,,,
Yes,SPFS-3000-02,Carebeau Fantasy Beauty Shampoo (3000g) - Cooling,Fantasy,Hair Shampoo,Carebeau Fantasy Beauty Shampoo (3000g),Cooling,,,110.00,109.00,102.00,102.00,110.00,99.00,"1.ซื้อ 6 แกลอน ลดท้ายบิล 5%
2.ซื้อ 18 แกลอน ลดท้ายบิล 10%
(ซื้อรวมกันให้ครบตามจำนวนโหลได้)
ขั้นต่ำต่อสูตร 6 ชิ้นขึ้นไป",10.00,3305.90.00,แชมพู,3.00,19.220,30x33.4x33.5,30.00,33.40,33.50,0.034,6,983,"1,352",,,,https://www.carebeau-enjoy.com/menu-items/carebeau-fantasy-beauty-shampoo,https://lh3.googleusercontent.com/d/1-BNmZP2qT5-AUeEg7mdiwbSap2-VoJob,103.03,104.08,105.15,103.00,102.50,102.50,102.50,,109.00,,102.50,,115.00,,103.00,102.00,,,,,,
Yes,SPFS-3000-04,Carebeau Fantasy Beauty Shampoo (3000g) - Coconut,Fantasy,Hair Shampoo,Carebeau Fantasy Beauty Shampoo (3000g),Coconut,,,110.00,109.00,102.00,102.00,110.00,99.00,"1.ซื้อ 6 แกลอน ลดท้ายบิล 5%
2.ซื้อ 18 แกลอน ลดท้ายบิล 10%
(ซื้อรวมกันให้ครบตามจำนวนโหลได้)
ขั้นต่ำต่อสูตร 6 ชิ้นขึ้นไป",10.00,3305.90.00,แชมพู,3.00,19.220,30x33.4x33.5,30.00,33.40,33.50,0.034,6,983,"1,352",,,,https://www.carebeau-enjoy.com/menu-items/carebeau-fantasy-beauty-shampoo,https://lh3.googleusercontent.com/d/1-5kLHPjs2T60FZAKLkq7sNrZ_fh0dZO2,103.03,104.08,105.15,103.00,102.50,102.50,102.50,,109.00,,102.50,,115.00,,103.00,102.00,,,,,,
Yes,CDFS-2800-02,Carebeau Fantasy Beauty Conditioner (2800ml) - Sakura,Fantasy,Hair Conditioner,Carebeau Fantasy Beauty Conditioner (2800ml),Sakura,,,156.00,140.50,140.50,,156.00,,,,3305.90.00,ครีมนวดผม,3.00,19.220,30x40x29.5,30.00,40.00,29.50,0.035,4,932,"1,352",,,,https://www.carebeau-enjoy.com/menu-items/hair-care-carebeau-fantasy-conditioner,https://lh3.googleusercontent.com/d/1FfinbxuaHKKtS7NtXkDNmqDFzkxlUQqb,0.00,0.00,0.00,,,,,,140.50,,,,,,,,,,,,,
Yes,CDFS-2800-01,Carebeau Fantasy Beauty Conditioner (2800ml) - Cooling,Fantasy,Hair Conditioner,Carebeau Fantasy Beauty Conditioner (2800ml),Cooling,,,156.00,140.50,140.50,,156.00,,,,3305.90.00,ครีมนวดผม,3.00,19.220,30x40x29.5,30.00,40.00,29.50,0.035,4,932,"1,352",,,,https://www.carebeau-enjoy.com/menu-items/hair-care-carebeau-fantasy-conditioner,https://lh3.googleusercontent.com/d/1KIOFwqx-hLuITmBmzgKqYPdEcnFLbmg7,0.00,0.00,0.00,,,,,,140.50,,,,,,,,,,,,,
Yes,CDFS-2800-03,Carebeau Fantasy Beauty Conditioner (2800ml) - Provitamin B5,Fantasy,Hair Conditioner,Carebeau Fantasy Beauty Conditioner (2800ml),Provitamin B5,,,156.00,140.50,140.50,,156.00,,,,3305.90.00,ครีมนวดผม,3.00,19.220,30x40x29.5,30.00,40.00,29.50,0.035,4,932,"1,352",,,,https://www.carebeau-enjoy.com/menu-items/hair-care-carebeau-fantasy-conditioner,https://lh3.googleusercontent.com/d/1EhofOTnzWm6xhjJv4_6VyJTITY9TM45a,0.00,0.00,0.00,,,,,,140.50,,,,,,,,,,,,,
Yes,CDFS-3000-01,Carebeau Fantasy Beauty Conditioner (3000ml) - Sakura,Fantasy,Hair Conditioner,Carebeau Fantasy Beauty Conditioner (3000ml),Sakura,,,136.00,126.00,119.00,119.00,136.00,122.40,"1.ซื้อ 6 แกลอน ลดท้ายบิล 5%
2.ซื้อ 18 แกลอน ลดท้ายบิล 10%
(ซื้อรวมกันให้ครบตามจำนวนโหลได้)
ขั้นต่ำต่อสูตร 6 ชิ้นขึ้นไป",10.00,3305.90.00,ครีมนวดผม,3.00,19.220,30x33.4x33.5,30.00,33.40,33.50,0.034,6,983,"1,352",,,,https://www.carebeau-enjoy.com/menu-items/carebeau-fantasy-beauty-conditioner,https://lh3.googleusercontent.com/d/1-Np4Vj8qZYve9n2XhDAWwN_FMKaDpfN3,120.20,121.43,122.68,120.00,119.50,119.50,119.50,,126.00,,119.50,,133.00,,120.00,119.00,,,,,,
Yes,CDFS-3000-02,Carebeau Fantasy Beauty Conditioner (3000ml) - Cooling,Fantasy,Hair Conditioner,Carebeau Fantasy Beauty Conditioner (3000ml),Cooling,,,136.00,126.00,119.00,119.00,136.00,122.40,"1.ซื้อ 6 แกลอน ลดท้ายบิล 5%
2.ซื้อ 18 แกลอน ลดท้ายบิล 10%
(ซื้อรวมกันให้ครบตามจำนวนโหลได้)
ขั้นต่ำต่อสูตร 6 ชิ้นขึ้นไป",10.00,3305.90.00,ครีมนวดผม,3.00,19.220,30x33.4x33.5,30.00,33.40,33.50,0.034,6,983,"1,352",,,,https://www.carebeau-enjoy.com/menu-items/carebeau-fantasy-beauty-conditioner,https://lh3.googleusercontent.com/d/1-In9pqf6e0I-DHEnZVBWk9RZyNZ8WKPF,120.20,121.43,122.68,120.00,119.50,119.50,119.50,,126.00,,119.50,,133.00,,120.00,119.00,,,,,,
Yes,CDFS-3000-03,Carebeau Fantasy Beauty Conditioner (3000ml) - Coconut,Fantasy,Hair Conditioner,Carebeau Fantasy Beauty Conditioner (3000ml),Coconut,,,136.00,126.00,119.00,119.00,136.00,122.40,"1.ซื้อ 6 แกลอน ลดท้ายบิล 5%
2.ซื้อ 18 แกลอน ลดท้ายบิล 10%
(ซื้อรวมกันให้ครบตามจำนวนโหลได้)
ขั้นต่ำต่อสูตร 6 ชิ้นขึ้นไป",10.00,3305.90.00,ครีมนวดผม,3.00,19.220,30x33.4x33.5,30.00,33.40,33.50,0.034,6,983,"1,352",,,,https://www.carebeau-enjoy.com/menu-items/carebeau-fantasy-beauty-conditioner,https://lh3.googleusercontent.com/d/1-K-Ne9SAYG6MtAh42r0lxNZ7XPxSkwXD,120.20,121.43,122.68,120.00,119.50,119.50,119.50,,126.00,,119.50,,133.00,,120.00,119.00,,,,,,
Yes,SCFS-500-01,Carebeau Fantasy Hair Straightener Cream (500g + 500g) - H1 Strong Hair,Fantasy,Hair Straightener,Carebeau Fantasy Hair Straightener Cream (500g + 500g),H1 Strong Hair,68,,230.00,210.00,210.00,210.00,230.00,207.00,"รายการซื้อในบิลเดียว
ซื้อ 2 โหล ลดท้ายบิล 6%
ซื้อ 4 โหล ลดท้ายบิล 8%
ซื้อ 6 โหล ลดท้ายบิล 10%
รายการสะสม 3 เดือน เริ่ม 1/10/67 - 31/12/67
1.ซื้อ 25,000 บ.ได้รับดูปองส่วนลด 1,500 บ.
2.ซื้อ 35,000 บ.ได้รับดูปองส่วนลด 3,000 บ.
3.ซื้อ 50,000 บ.ได้รับดูปองส่วนลด 5,000 บ.",10.00,3305.90.00,ครีมยืดผม,1.00,13.870,26x52x25.3,26.00,52.00,25.30,0.034,12,964,"1,754",,,,https://www.carebeau-enjoy.com/menu-items/carebeau-fantasy-hair-straightener-cream,https://lh3.googleusercontent.com/d/1CjGYNT5wG3VBk7E_46jKM-3cGGX0LdEX,x,x,x,220.00,215.00,215.00,215.00,,210.00,,215.00,,221.00,,220.00,220.00,,,,,,
Yes,SCFS-500-02,Carebeau Fantasy Hair Straightener Cream (500g + 500g) - H2 Weak Hair,Fantasy,Hair Straightener,Carebeau Fantasy Hair Straightener Cream (500g + 500g),H2 Weak Hair,,,230.00,210.00,210.00,210.00,230.00,207.00,"รายการซื้อในบิลเดียว
ซื้อ 2 โหล ลดท้ายบิล 6%
ซื้อ 4 โหล ลดท้ายบิล 8%
ซื้อ 6 โหล ลดท้ายบิล 10%
รายการสะสม 3 เดือน เริ่ม 1/10/67 - 31/12/67
1.ซื้อ 25,000 บ.ได้รับดูปองส่วนลด 1,500 บ.
2.ซื้อ 35,000 บ.ได้รับดูปองส่วนลด 3,000 บ.
3.ซื้อ 50,000 บ.ได้รับดูปองส่วนลด 5,000 บ.",10.00,3305.90.00,ครีมยืดผม,1.00,13.870,26x52x25.3,26.00,52.00,25.30,0.034,12,964,"1,754",,,,https://www.carebeau-enjoy.com/menu-items/carebeau-fantasy-hair-straightener-cream,https://lh3.googleusercontent.com/d/1v24oyz9D86EYDifmJ6PcFv8hoSOhgIeO,x,x,x,220.00,215.00,215.00,215.00,,210.00,,215.00,,221.00,,220.00,220.00,,,,,,
Yes,SCFS-250-01,Carebeau Fantasy Hair Straightener Cream (250g + 250g) - H1 Strong Hair,Fantasy,Hair Straightener,Carebeau Fantasy Hair Straightener Cream (250g + 250g),H1 Strong Hair,,,119.00,119.00,119.00,108.00,119.00,107.40,"รายการซื้อในบิลเดียว
ซื้อ 2 โหล ลดท้ายบิล 6%
ซื้อ 4 โหล ลดท้ายบิล 8%
ซื้อ 6 โหล ลดท้ายบิล 10%
รายการสะสม 3 เดือน เริ่ม 1/10/67 - 31/12/67
1.ซื้อ 25,000 บ.ได้รับดูปองส่วนลด 1,500 บ.
2.ซื้อ 35,000 บ.ได้รับดูปองส่วนลด 3,000 บ.
3.ซื้อ 50,000 บ.ได้รับดูปองส่วนลด 5,000 บ.",10.00,3305.90.00,ครีมยืดผม,0.50,7.604,26.3x48.8x22.4,26.30,48.80,22.40,0.029,12,"1,147","2,087",,,,https://www.carebeau-enjoy.com/menu-items/carebeau-fantasy-hair-straightener-cream,https://lh3.googleusercontent.com/d/19bQvZWZtEnE0kqOVRqfp1llxV6h7MM6O,109.09,110.20,111.34,108.00,107.10,107.10,107.10,,119.00,,107.10,,125.00,,108.00,108.00,,,,,,
Yes,SCFS-250-02,Carebeau Fantasy Hair Straightener Cream (250g + 250g) - H2 Weak Hair,Fantasy,Hair Straightener,Carebeau Fantasy Hair Straightener Cream (250g + 250g),H2 Weak Hair,,,119.00,119.00,119.00,108.00,119.00,107.10,"รายการซื้อในบิลเดียว
ซื้อ 2 โหล ลดท้ายบิล 6%
ซื้อ 4 โหล ลดท้ายบิล 8%
ซื้อ 6 โหล ลดท้ายบิล 10%
รายการสะสม 3 เดือน เริ่ม 1/10/67 - 31/12/67
1.ซื้อ 25,000 บ.ได้รับดูปองส่วนลด 1,500 บ.
2.ซื้อ 35,000 บ.ได้รับดูปองส่วนลด 3,000 บ.
3.ซื้อ 50,000 บ.ได้รับดูปองส่วนลด 5,000 บ.",10.00,3305.90.00,ครีมยืดผม,0.50,7.604,26.3x48.8x22.4,26.30,48.80,22.40,0.029,12,"1,147","2,087",,,,https://www.carebeau-enjoy.com/menu-items/carebeau-fantasy-hair-straightener-cream,https://lh3.googleusercontent.com/d/1CjGYNT5wG3VBk7E_46jKM-3cGGX0LdEX,109.09,110.20,111.34,108.00,107.10,107.10,107.10,,119.00,,107.10,,125.00,,108.00,108.00,,,,,,
Yes,SCCB-170-01,Carebeau Hair Straightener Cream (170g + 170g) - C1 Strong Hair,Carebeau,Hair Straightener,Carebeau Hair Straightener Cream (170g + 170g),C1 Strong Hair,,,,90.00,90.00,90.00,,,,,3305.90.00,ครีมยืดผม,0.34,5.108,22x31.5x24,22.00,31.50,24.00,0.017,12,"1,984","3,607",,,,,,,,,,,,,,90.00,,,,,,,,,,,,,
Yes,SCCB-170-02,Carebeau Hair Straightener Cream (170g + 170g) - C2 Damage Hair,Carebeau,Hair Straightener,Carebeau Hair Straightener Cream (170g + 170g),C2 Damage Hair,,,,90.00,90.00,90.00,,,,,3305.90.00,ครีมยืดผม,0.34,5.108,22x31.5x24,22.00,31.50,24.00,0.017,12,"1,984","3,607",,,,,,,,,,,,,,90.00,,,,,,,,,,,,,
No,,Carebeau Fantasy Anti-Bac Shampoo (1000g),Fantasy,Hair Shampoo,Carebeau Fantasy Anti-Bac Shampoo (1000g),,,,44.00,38.00,,36.00,44.00,44.00,"รายการสั่งซื้อในบิลเดียว
(รวมแชมพูครีมนวดได่)
1.ซื้อ 6 โหล ลดท้ายบิล 3%
2.ซื้อ 12 โหล ลดท้ายบิล 5%
พิเศษ ลดเพิ่ม ซื้อในบิลเดียว
1.ซื้อ 18 โหลลด5% ลดท้ายเพิ่มอีก 3%
2.ซื้อ 24 โหลลด5% ลดท้ายเพิ่มอีก 5%",,3305.90.00,ครีมยืดผม,1.00,13.770,31.5x40.3x23.8,31.50,40.30,23.80,0.030,12,"1,092","1,888",,,,,https://lh3.googleusercontent.com/d/,36.36,36.73,37.11,38.00,37.50,37.50,37.50,,38.00,,37.50,,40.00,,38.00,38.00,,,,,,
Yes,SPFS-3000-03,Carebeau Fantasy Anti-Bac Shampoo (3000g),Fantasy,Hair Shampoo,Carebeau Fantasy Anti-Bac Shampoo (3000g),,,,120.00,103.00,103.00,102.00,120.00,120.00,"1.ซื้อ 6 แกลอน ลดท้ายบิล 5%
2.ซื้อ 18 แกลอน ลดท้ายบิล 10%
(ซื้อรวมกันให้ครบตามจำนวนโหลได้)
ขั้นต่ำต่อสูตร 6 ชิ้นขึ้นไป",10.00,3305.90.00,ครีมยืดผม,3.00,19.220,30x42.5x32,30.00,42.50,32.00,0.041,6,808,"1,352",,,,,https://lh3.googleusercontent.com/d/,x,x,x,103.00,102.50,102.50,102.50,,103.00,,102.50,,109.00,,103.00,103.00,,,,,,
Yes,SWCB-600-18,Carebeau Anti-Bacteria Shower Cream (600g),Carebeau,Shower Gel,Carebeau Anti-Bacteria Shower Cream (600g),,42,42,,99.00,99.00,99.00,,,,,3305.90.00,แชมพู,0.60,8.800,22x40.3x26.1,22.00,40.30,26.10,0.023,12,"1,426","2,592",,,,,https://lh3.googleusercontent.com/d/1MS3VkTfZCFH8Y16V7hiXLW8HWoVBelai,x,x,x,99.00,,,99.00,,99.00,,99.00,,104.00,,99.00,99.00,,,,,,
No,,Carebeau Anti-Bacteria Liquid Hand Soap (300g),Carebeau,Shower Gel,Carebeau Anti-Bacteria Liquid Hand Soap (300g),,29,29,,55.00,,55.00,,,,,3305.90.00,แชมพู,0.30,4.400,20.5x27x20,20.50,27.00,20.00,0.011,12,"2,981","5,420",,,,,https://lh3.googleusercontent.com/d/,x,x,x,55.00,,,55.00,,55.00,,55.00,,58.00,,,55.00,,,,,,
Yes,SPFS-400-03,Carebeau Fantasy Shampoo Biotin & Almond (400g),Fantasy,Hair Shampoo,Carebeau Fantasy Shampoo Biotin & Almond (400g),,39,39,85.00,80.00,80.00,75.00,85.00,76.50,"สั่งซื้อสินค้ารวมกันให้ครบโหลได้รับส่วนลด
1.ซื้อ 4 โหล ลดท้ายบิล 5%
2.ซื้อ 6 โหล ลดท้ายบิล 7%
3.ซื้อ 12 โหล ลดท้ายบิล 10%",10.00,3305.90.00,แชมพู,0.40,5.700,21x27.5x23,21.00,27.50,23.00,0.013,12,"2,484","4,517",,,,https://www.carebeau-enjoy.com/menu-items/carebeau-fantasy-biotin-almond-series,https://lh3.googleusercontent.com/d/1Ch-R16qyb4VBG1iNckxFyiWCdzueV_mT,75.76,76.53,77.32,75.00,75.00,75.00,75.00,,80.00,,75.00,,84.00,,75.00,80.00,,,,,,
Yes,,Carebeau Fantasy Shampoo Biotin & Almond (50g),Fantasy,Hair Treatment,Carebeau Fantasy Shampoo Biotin & Almond (50g),,#N/A,#N/A,19.00,18.00,18.00,15.00,19.00,17.10,"1.สั่งซื้อ 12 โหล ได้รับส่วนลดท้ายบิล 3%
2.สั่งซื้อ 24 โหล ได้รับส่วนลดท้ายบิล 5%
3.สั่งซื้อ 36 โหล ได้รับส่วนลดท้ายบิล 10%",10.00,3305.90.00,แชมพู,0.05,8.900,24x35.5x34,24.00,35.50,34.00,0.029,144,"1,139","2,071",,,,https://www.carebeau-enjoy.com/menu-items/carebeau-fantasy-biotin-almond-series,https://lh3.googleusercontent.com/d/1wfqJtuNHBPuDM5KKnZQCFCYAO-wu4wLJ,15.15,15.31,15.46,16.00,16.00,16.00,16.00,,18.00,,16.00,,19.00,,16.00,18.00,,,,,,
Yes,,Carebeau Fantasy Treatment Biotin & Almond (500ml),Fantasy,Hair Treatment,Carebeau Fantasy Treatment Biotin & Almond (500ml),,47,47,85.00,80.00,80.00,75.00,85.00,76.50,"สั่งซื้อสินค้ารวมกันให้ครบโหลได้รับส่วนลด
1.ซื้อ 4 โหล ลดท้ายบิล 5%
2.ซื้อ 6 โหล ลดท้ายบิล 7%
3.ซื้อ 12 โหล ลดท้ายบิล 10%",10.00,3305.90.00,ครีมนวดผม,0.50,6.650,19.2x27.6x22.2,19.20,27.60,22.20,0.012,12,"2,805","3,909",,,,https://www.carebeau-enjoy.com/menu-items/carebeau-fantasy-biotin-almond-series,https://lh3.googleusercontent.com/d/1kU8htm4mAaFyVFnmorV5bBBdiyGFHr5T,75.76,76.53,77.32,75.00,75.00,75.00,75.00,,80.00,,75.00,,84.00,,75.00,80.00,,,,,,
Yes,TMFS-50-07,Carebeau Fantasy Treatment Biotin & Almond (50ml),Fantasy,Hair Treatment,Carebeau Fantasy Treatment Biotin & Almond (50ml),,,,19.00,18.00,18.00,15.00,19.00,17.10,"1.สั่งซื้อ 12 โหล ได้รับส่วนลดท้ายบิล 3%
2.สั่งซื้อ 24 โหล ได้รับส่วนลดท้ายบิล 5%
3.สั่งซื้อ 36 โหล ได้รับส่วนลดท้ายบิล 10%",10.00,3305.90.00,ครีมนวดผม,0.05,8.900,24x35.5x34,24.00,35.50,34.00,0.029,144,"1,139","2,071",,,,https://www.carebeau-enjoy.com/menu-items/carebeau-fantasy-biotin-almond-series,https://lh3.googleusercontent.com/d/1x_YeoY4w1-GnOH6DV-9u9RdNagkLC-4n,15.15,15.31,15.46,16.00,16.00,16.00,16.00,,18.00,,16.00,,19.00,,16.00,18.00,,,,,,
Yes,,Carebeau Fantasy Leave On Biotin & Almond (220ml),Fantasy,Hair Leave-On Spray,Carebeau Fantasy Leave On Biotin & Almond (220ml),,28,28,85.00,80.00,80.00,75.00,85.00,76.50,"สั่งซื้อสินค้ารวมกันให้ครบโหลได้รับส่วนลด
1.ซื้อ 4 โหล ลดท้ายบิล 5%
2.ซื้อ 6 โหล ลดท้ายบิล 7%
3.ซื้อ 12 โหล ลดท้ายบิล 10%",10.00,3305.90.00,เซรั่มผม,0.22,3.250,14.5x19x18.6,14.50,19.00,18.60,0.005,12,"6,439","8,000",,,,https://www.carebeau-enjoy.com/menu-items/carebeau-fantasy-biotin-almond-series,https://lh3.googleusercontent.com/d/1W0Aqz5t43XLo-DZO0OHj7HaT8PySSjhk,75.76,76.53,77.32,75.00,75.00,75.00,75.00,,80.00,,75.00,,84.00,,75.00,80.00,,,,,,
Yes,,Carebeau Fantasy Leave On Biotin & Almond (50ml),Fantasy,Hair Leave-On Spray,Carebeau Fantasy Leave On Biotin & Almond (50ml),,#N/A,#N/A,19.00,18.00,18.00,15.00,19.00,17.10,"1.สั่งซื้อ 12 โหล ได้รับส่วนลดท้ายบิล 3%
2.สั่งซื้อ 24 โหล ได้รับส่วนลดท้ายบิล 5%
3.สั่งซื้อ 36 โหล ได้รับส่วนลดท้ายบิล 10%",10.00,3305.90.00,ครีมนวดผม,0.05,4.910,20.04x24.2x25,20.04,24.20,25.00,0.012,72,"2,721","4,948",,,,https://www.carebeau-enjoy.com/menu-items/carebeau-fantasy-biotin-almond-series,https://lh3.googleusercontent.com/d/1fnJS2xsvX6buKAxfY1qP63rsWTCkp_ZO,15.15,15.31,15.46,16.00,16.00,16.00,16.00,,18.00,,16.00,,19.00,,16.00,18.00,,,,,,
Yes,,Carebeau Fantasy Serum Biotin & Almond (280ml),Fantasy,Hair Serum,Carebeau Fantasy Serum Biotin & Almond (280ml),,33,33,85.00,80.00,80.00,75.00,85.00,76.50,"สั่งซื้อสินค้ารวมกันให้ครบโหลได้รับส่วนลด
1.ซื้อ 4 โหล ลดท้ายบิล 5%
2.ซื้อ 6 โหล ลดท้ายบิล 7%
3.ซื้อ 12 โหล ลดท้ายบิล 10%",10.00,3305.90.00,เซรั่มผม,0.28,4.050,18.5x24.5x18,18.50,24.50,18.00,0.008,12,"4,044","6,419",,,,https://www.carebeau-enjoy.com/menu-items/carebeau-fantasy-biotin-almond-series,https://lh3.googleusercontent.com/d/1acEaBN3JxQPOse_rCh4mrzOGm86WuSDo,75.76,76.53,77.32,75.00,75.00,75.00,75.00,,80.00,,75.00,,84.00,,75.00,80.00,,,,,,
Yes,,Carebeau Fantasy Silky Hair Oil Biotin Almond 58ml,Fantasy,Hair Oil,Carebeau Fantasy Silky Hair Oil Biotin Almond 58ml,,32,32,,80.00,80.00,,,,,,3305.90.00,น้ำมันใส่ผม,0.06,1.120,12x16x18,12.00,16.00,18.00,0.003,12,"9,548","17,361",,,,https://www.carebeau-enjoy.com/menu-items/carebeau-fantasy-biotin-almond-series,https://lh3.googleusercontent.com/d/1HgTyZMBV3qUx1uMHVJDrISimRF-ARnL4,,,,,,,,,80.00,,,,,,,,,,,,,
Yes,BSSL-100-02,Carebeau Skinlove Bleaching Cream (100g) - Cooling & Collagen,Carebeau,Skin Hair Bleaching,Carebeau Skinlove Bleaching Cream (100g) - Cooling & Collagen,,,,56.00,44.00,44.00,41.00,56.00,40.11,"4 โหล ลด 10%
8 โหล ลด 15%
16 โหล ลด 20%
24 โหล ลด 20% ลดท้ายบิลเพิ่ม 8%
32 โหล ลด 20% ลดท้ายบิลเพิ่ม 10%",28.00,3304.99.90,ฟอกสีขน,0.10,3.570,27x31.5x18.5,27.00,31.50,18.50,0.016,12,"2,097","3,813",,,,https://www.carebeau-enjoy.com/menu-items/carebeau-skinlove-bleaching-cream,https://lh3.googleusercontent.com/d/1-kP75vrU5LZjolXXF-mKQifvGHF-ii4W,41.41,41.84,42.27,44.00,44.00,44.00,44.00,,44.00,,44.00,,47.00,,44.00,44.00,,,,,,
Yes,SPKJ-30X2-01,Kimjoo Color Shampoo (30g) (2 pcs) - No.1 Black,Kimjoo,Hair Dye,Kimjoo Color Shampoo (30g) (2 pcs),No.1 Black,,,30.00,30.00,30.00,28.00,30.00,28.50,"รายการสั่งซื้อสินค้าในบิลเดียว
1.ซื้อ 1-15 โหล ราคา NET
2.ซื้อ 16 โหลลดท้ายบิล 3%
3.ซื้อ 32 โหลลดท้ายบิล 5%
รายการสะสม 3 เดือน
1.สะสมดรบ 3 หมื่น ได้รับเช็ดเงินสด 1,000 บาท
2.สะสมครบ 5 หมื่น ได้รับเช็ดเงินสด 2,500 บาท
(ระยะเวลาเริ่ม 1/9/67 - 30/11/67)",5.00,3305.90.00,แชมพูปิดผมขาว,0.06,19.300,39.2x49.3x28.8,39.20,49.30,28.80,0.056,144,592,"1,078",,,,https://www.carebeau-enjoy.com/menu-items/kimjoo-color-shampoo,https://lh3.googleusercontent.com/d/19WBRFLiTTRTzErzsnInuiAd2I67RRLFe,28.28,28.57,28.87,30.00,30.00,30.00,30.00,,30.00,,30.00,,32.00,,30.00,30.00,,,,,,
Yes,SPKJ-30X2-02,Kimjoo Color Shampoo (30g) (2 pcs) - No.2 Dark Brown,Kimjoo,Hair Dye,Kimjoo Color Shampoo (30g) (2 pcs),No.2 Dark Brown,,,30.00,30.00,30.00,28.00,30.00,28.50,"รายการสั่งซื้อสินค้าในบิลเดียว
1.ซื้อ 1-15 โหล ราคา NET
2.ซื้อ 16 โหลลดท้ายบิล 3%
3.ซื้อ 32 โหลลดท้ายบิล 5%
รายการสะสม 3 เดือน
1.สะสมดรบ 3 หมื่น ได้รับเช็ดเงินสด 1,000 บาท
2.สะสมครบ 5 หมื่น ได้รับเช็ดเงินสด 2,500 บาท
(ระยะเวลาเริ่ม 1/9/67 - 30/11/67)",5.00,3305.90.00,แชมพูปิดผมขาว,0.06,19.300,39.2x49.3x28.8,39.20,49.30,28.80,0.056,144,592,"1,078",,,,https://www.carebeau-enjoy.com/menu-items/kimjoo-color-shampoo,https://lh3.googleusercontent.com/d/1o0d0Abvia4Lt9AMXhpiWA_xhW62uQxD1,28.28,28.57,28.87,30.00,30.00,30.00,30.00,,30.00,,30.00,,32.00,,30.00,30.00,,,,,,
Yes,SPKJ-30X2-03,Kimjoo Color Shampoo (30g) (2 pcs) - No.3 Coke Brown,Kimjoo,Hair Dye,Kimjoo Color Shampoo (30g) (2 pcs),No.3 Coke Brown,,,30.00,30.00,30.00,28.00,30.00,28.50,"รายการสั่งซื้อสินค้าในบิลเดียว
1.ซื้อ 1-15 โหล ราคา NET
2.ซื้อ 16 โหลลดท้ายบิล 3%
3.ซื้อ 32 โหลลดท้ายบิล 5%
รายการสะสม 3 เดือน
1.สะสมดรบ 3 หมื่น ได้รับเช็ดเงินสด 1,000 บาท
2.สะสมครบ 5 หมื่น ได้รับเช็ดเงินสด 2,500 บาท
(ระยะเวลาเริ่ม 1/9/67 - 30/11/67)",5.00,3305.90.00,แชมพูปิดผมขาว,0.06,19.300,39.2x49.3x28.8,39.20,49.30,28.80,0.056,144,592,"1,078",,,,https://www.carebeau-enjoy.com/menu-items/kimjoo-color-shampoo,https://lh3.googleusercontent.com/d/1QtfFAbX9-7eGiNtag54yInVkIW8Pkxce,28.28,28.57,28.87,30.00,30.00,30.00,30.00,,30.00,,30.00,,32.00,,30.00,30.00,,,,,,
No,SPKJ-30X2-04,Kimjoo Color Shampoo (30g) (2 pcs) - No.4 Red Brown,Kimjoo,Hair Dye,Kimjoo Color Shampoo (30g) (2 pcs),No.4 Red Brown,,,30.00,30.00,30.00,28.00,30.00,28.50,"รายการสั่งซื้อสินค้าในบิลเดียว
1.ซื้อ 1-15 โหล ราคา NET
2.ซื้อ 16 โหลลดท้ายบิล 3%
3.ซื้อ 32 โหลลดท้ายบิล 5%
รายการสะสม 3 เดือน
1.สะสมดรบ 3 หมื่น ได้รับเช็ดเงินสด 1,000 บาท
2.สะสมครบ 5 หมื่น ได้รับเช็ดเงินสด 2,500 บาท
(ระยะเวลาเริ่ม 1/9/67 - 30/11/67)",5.00,3305.90.00,แชมพูปิดผมขาว,0.06,19.300,39.2x49.3x28.8,39.20,49.30,28.80,0.056,144,592,"1,078",,,,https://www.carebeau-enjoy.com/menu-items/kimjoo-color-shampoo,https://lh3.googleusercontent.com/d/1zET7vL6sCcKgWqD8446V91SjNl3EVwQs,28.28,28.57,28.87,30.00,30.00,30.00,30.00,,30.00,,30.00,,32.00,,30.00,30.00,,,,,,
No,SPKJ-30X2-05,Kimjoo Color Shampoo (30g) (2 pcs) - No.5 Mahogany,Kimjoo,Hair Dye,Kimjoo Color Shampoo (30g) (2 pcs),No.5 Mahogany,,,30.00,30.00,30.00,28.00,30.00,28.50,"รายการสั่งซื้อสินค้าในบิลเดียว
1.ซื้อ 1-15 โหล ราคา NET
2.ซื้อ 16 โหลลดท้ายบิล 3%
3.ซื้อ 32 โหลลดท้ายบิล 5%
รายการสะสม 3 เดือน
1.สะสมดรบ 3 หมื่น ได้รับเช็ดเงินสด 1,000 บาท
2.สะสมครบ 5 หมื่น ได้รับเช็ดเงินสด 2,500 บาท
(ระยะเวลาเริ่ม 1/9/67 - 30/11/67)",5.00,3305.90.00,แชมพูปิดผมขาว,0.06,19.300,39.2x49.3x28.8,39.20,49.30,28.80,0.056,144,592,"1,078",,,,https://www.carebeau-enjoy.com/menu-items/kimjoo-color-shampoo,https://lh3.googleusercontent.com/d/1BI-93CY2jhm0XGOShFIY6Pj7fAQmaqRO,28.28,28.57,28.87,30.00,30.00,30.00,30.00,,30.00,,30.00,,32.00,,30.00,30.00,,,,,,
Yes,,Deya Shower Gel (1000g) - Glutathione,Deya,Shower Gel,Deya Shower Gel (1000g),Glutathione,52,,100.00,88.00,88.00,71.00,100.00,71.00,"ซื้อสินค้ารวมในบิลเดียว (ต่อสูตรต้องครบโหล)
1.ซื้อ 4 โหล รับส่วนลด 25%
2.ซื้อ 8 โหล รับส่วนลด 27%",27.00,3401.11.50,ครีมอาบน้ำ,1.00,13.680,21.5x39.8x30,21.50,39.80,30.00,0.026,12,"1,285","1,900",,,,https://www.carebeau-enjoy.com/menu-items/deya-shower-gel,https://lh3.googleusercontent.com/d/1JFj-h47tJw4kD00U0rjTGPKgKDSX5uSM,71.72,72.45,73.20,87.00,87.00,87.00,72.00,,88.00,,87.00,,93.00,,87.00,88.00,,,,,,
Yes,,Deya Shower Gel (1000g) - Q10,Deya,Shower Gel,Deya Shower Gel (1000g),Q10,51,,100.00,88.00,88.00,71.00,100.00,71.00,"ซื้อสินค้ารวมในบิลเดียว (ต่อสูตรต้องครบโหล)
1.ซื้อ 4 โหล รับส่วนลด 25%
2.ซื้อ 8 โหล รับส่วนลด 27%",27.00,3401.11.50,ครีมอาบน้ำ,1.00,13.680,21.5x39.8x30,21.50,39.80,30.00,0.026,12,"1,285","1,900",,,,https://www.carebeau-enjoy.com/menu-items/deya-shower-gel,https://lh3.googleusercontent.com/d/1E6wvXgG0zyVQF-eizO5Lt8AfnXfFBXFS,71.72,72.45,73.20,87.00,87.00,87.00,72.00,,88.00,,87.00,,93.00,,87.00,88.00,,,,,,
Yes,,Deya Shower Gel (1000g) - Collagen,Deya,Shower Gel,Deya Shower Gel (1000g),Collagen,51,,100.00,88.00,88.00,71.00,100.00,71.00,"ซื้อสินค้ารวมในบิลเดียว (ต่อสูตรต้องครบโหล)
1.ซื้อ 4 โหล รับส่วนลด 25%
2.ซื้อ 8 โหล รับส่วนลด 27%",27.00,3401.11.50,ครีมอาบน้ำ,1.00,13.680,21.5x39.8x30,21.50,39.80,30.00,0.026,12,"1,285","1,900",,,,https://www.carebeau-enjoy.com/menu-items/deya-shower-gel,https://lh3.googleusercontent.com/d/1g3ak3FYRmyurZSD1WuPEiuARoWKIUaNK,71.72,72.45,73.20,87.00,87.00,87.00,72.00,,88.00,,87.00,,93.00,,87.00,88.00,,,,,,
Yes,,Deya Shower Gel (500g) - Glutathione,Deya,Shower Gel,Deya Shower Gel (500g),Glutathione,30,,50.00,45.00,45.00,37.00,50.00,36.50,"ซื้อสินค้ารวมในบัลเดียว (ต่อสูตรต้องดรบโหล)
1.ซื้อ 4 โหล รับส่วนลด 25%
2.ซื้อ 8 โหล รับส่วนลด 27%",27.00,3401.11.50,ครีมอาบน้ำ,0.50,7.040,21.2x23.5x25.3,21.20,23.50,25.30,0.013,12,"2,618","3,693",,,,https://www.carebeau-enjoy.com/menu-items/deya-shower-gel,https://lh3.googleusercontent.com/d/1FPhITx9Jq6Cvi4hafu4bL8Yu94W0sp26,37.37,37.76,38.14,44.00,35.00,43.50,44.00,,45.00,,43.50,,48.00,,44.00,45.00,,,,,,
Yes,,Deya Shower Gel (500g) - Q10,Deya,Shower Gel,Deya Shower Gel (500g),Q10,29,,50.00,45.00,45.00,37.00,50.00,36.50,"ซื้อสินค้ารวมในบัลเดียว (ต่อสูตรต้องดรบโหล)
1.ซื้อ 4 โหล รับส่วนลด 25%
2.ซื้อ 8 โหล รับส่วนลด 27%",27.00,3401.11.50,ครีมอาบน้ำ,0.50,7.040,21.2x23.5x25.3,21.20,23.50,25.30,0.013,12,"2,618","3,693",,,,https://www.carebeau-enjoy.com/menu-items/deya-shower-gel,https://lh3.googleusercontent.com/d/1NsYqDKBFh4UHflGTZwlM8QEfhshaYGVL,37.37,37.76,38.14,44.00,35.00,43.50,44.00,,45.00,,43.50,,48.00,,44.00,45.00,,,,,,
Yes,,Deya Shower Gel (500g) - Collagen,Deya,Shower Gel,Deya Shower Gel (500g),Collagen,30,,50.00,45.00,45.00,37.00,50.00,36.50,"ซื้อสินค้ารวมในบัลเดียว (ต่อสูตรต้องดรบโหล)
1.ซื้อ 4 โหล รับส่วนลด 25%
2.ซื้อ 8 โหล รับส่วนลด 27%",27.00,3401.11.50,ครีมอาบน้ำ,0.50,7.040,21.2x23.5x25.3,21.20,23.50,25.30,0.013,12,"2,618","3,693",,,,https://www.carebeau-enjoy.com/menu-items/deya-shower-gel,https://lh3.googleusercontent.com/d/1fZ9nIl_bi7B4yas7ArUK3DNaMO1DZnEK,37.37,37.76,38.14,44.00,35.00,43.50,44.00,,45.00,,43.50,,48.00,,44.00,45.00,,,,,,
Yes,,Deya Body Lotion (1000ml) - Glutathione,Deya,Body Lotion,Deya Body Lotion (1000ml),Glutathione,44,,100.00,87.00,87.00,71.00,100.00,71.00,"ซื้อสินค้ารวมในบิลเดียว (ต่อสูตรต้องครบโหล)
1.ซื้อ 4 โหล รับส่วนลด 25%
2.ซื้อ 8 โหล รับส่วนลด 27%",27.00,3304.99.90,โลชั่นทาผิว,1.00,13.260,21.5x39.8x30,21.50,39.80,30.00,0.026,12,"1,285","1,960",,,,,https://lh3.googleusercontent.com/d/11_jfl-ZpvFAIwk9ptVXrIEfphLop80yS,71.72,72.45,73.20,87.00,,72.00,,,87.00,,,,,,,87.00,,,,,,
Yes,,Deya Body Lotion (1000ml) - Q10,Deya,Body Lotion,Deya Body Lotion (1000ml),Q10,42,,100.00,87.00,87.00,71.00,100.00,71.00,"ซื้อสินค้ารวมในบิลเดียว (ต่อสูตรต้องครบโหล)
1.ซื้อ 4 โหล รับส่วนลด 25%
2.ซื้อ 8 โหล รับส่วนลด 27%",27.00,3304.99.90,โลชั่นทาผิว,1.00,13.260,21.5x39.8x30,21.50,39.80,30.00,0.026,12,"1,285","1,960",,,,,https://lh3.googleusercontent.com/d/11zmv6ufK2ns1neR84p3sfDszY0Z3CpaH,71.72,72.45,73.20,87.00,,72.00,,,87.00,,,,,,,87.00,,,,,,
Yes,,Deya Body Lotion (1000ml) - Collagen,Deya,Body Lotion,Deya Body Lotion (1000ml),Collagen,49,,100.00,87.00,87.00,71.00,100.00,71.00,"ซื้อสินค้ารวมในบิลเดียว (ต่อสูตรต้องครบโหล)
1.ซื้อ 4 โหล รับส่วนลด 25%
2.ซื้อ 8 โหล รับส่วนลด 27%",27.00,3304.99.90,โลชั่นทาผิว,1.00,13.260,21.5x39.8x30,21.50,39.80,30.00,0.026,12,"1,285","1,960",,,,,https://lh3.googleusercontent.com/d/11poAdohLE1yOC84P5rG93K4_KjXABZ7Q,71.72,72.45,73.20,87.00,,72.00,,,87.00,,,,,,,87.00,,,,,,
Yes,,Deya Body Lotion (500ml) - Glutathione,Deya,Body Lotion,Deya Body Lotion (500ml),Glutathione,31,,,43.50,43.50,43.50,,,,,3304.99.90,โลชั่นทาผิว,0.50,7.050,21.2x23.5x25.3,21.20,23.50,25.30,0.013,12,"2,618","3,687",,,,,https://lh3.googleusercontent.com/d/11YX_mWGAtDW295lPY8r72aoQxZu9EfaE,x,x,x,43.50,,38.00,,,43.50,,,,,,,43.50,,,,,,
No,,Deya Body Lotion (500ml) - Q10,Deya,Body Lotion,Deya Body Lotion (500ml),Q10,,,,43.50,,43.50,,,,,3304.99.90,โลชั่นทาผิว,0.50,7.050,21.2x23.5x25.3,21.20,23.50,25.30,0.013,12,"2,618","3,687",,,,,https://lh3.googleusercontent.com/d/11qJbiYgQZWnJq6-S3fWhb01YnniGcNAO,x,x,x,43.50,,38.00,,,43.50,,,,,,,43.50,,,,,,
Yes,,Deya Body Lotion (500ml) - Collagen,Deya,Body Lotion,Deya Body Lotion (500ml),Collagen,27,,,43.50,43.50,43.50,,,,,3304.99.90,โลชั่นทาผิว,0.50,7.050,21.2x23.5x25.3,21.20,23.50,25.30,0.013,12,"2,618","3,687",,,,,https://lh3.googleusercontent.com/d/11poAdohLE1yOC84P5rG93K4_KjXABZ7Q,x,x,x,43.50,,38.00,,,43.50,,,,,,,43.50,,,,,,
Yes,,Deya Goat Milk Shower Cream (765g) - Collagen,Deya,Shower Gel,Deya Goat Milk Shower Cream (765g),Collagen,52,52,65.00,70.00,70.00,62.00,65.00,61.75,"รายการซื้อในบิลเดียว
1.ซื้อ 4 โหลลดท้าย 3%
2. ซื้อ 8 โหลลดท้าย 5%",5.00,3401.11.50,ครีมอาบน้ำ,0.77,10.984,21.5x41x25,21.50,41.00,25.00,0.022,12,"1,497","2,367",,,,https://www.carebeau-enjoy.com/menu-items/deya-goat-milk-shower-cream,https://lh3.googleusercontent.com/d/1pBFwbprcwGE-Mj6w_ByKbhVugAy5YPPj,62.63,63.27,63.92,65.00,65.00,65.00,60.00,,70.00,,65.00,,74.00,,65.00,70.00,,,,,,
Yes,,Deya Goat Milk Shower Cream (765g) - Avocado,Deya,Shower Gel,Deya Goat Milk Shower Cream (765g),Avocado,52,52,65.00,70.00,70.00,62.00,65.00,61.75,"รายการซื้อในบิลเดียว
1.ซื้อ 4 โหลลดท้าย 3%
2. ซื้อ 8 โหลลดท้าย 5%",5.00,3401.11.50,ครีมอาบน้ำ,0.77,10.984,21.5x41x25,21.50,41.00,25.00,0.022,12,"1,497","2,367",,,,https://www.carebeau-enjoy.com/menu-items/deya-goat-milk-shower-cream,https://lh3.googleusercontent.com/d/19fouV5_Aw93U-dzQ7yqu-9cbUQ_pqoav,62.63,63.27,63.92,65.00,65.00,65.00,60.00,,70.00,,65.00,,74.00,,65.00,70.00,,,,,,
Yes,,Deya Goat Milk Shower Cream (765g) - Sakura,Deya,Shower Gel,Deya Goat Milk Shower Cream (765g),Sakura,51,52,65.00,70.00,70.00,62.00,65.00,61.75,"รายการซื้อในบิลเดียว
1.ซื้อ 4 โหลลดท้าย 3%
2. ซื้อ 8 โหลลดท้าย 5%",5.00,3401.11.50,ครีมอาบน้ำ,0.77,10.984,21.5x41x25,21.50,41.00,25.00,0.022,12,"1,497","2,367",,,,https://www.carebeau-enjoy.com/menu-items/deya-goat-milk-shower-cream,https://lh3.googleusercontent.com/d/1Zfi64eS64tjDZVsvZfO1uSTTiu2Bh-mV,62.63,63.27,63.92,65.00,65.00,65.00,60.00,,70.00,,65.00,,74.00,,65.00,70.00,,,,,,
No,,Deya Body Cream Vitamin (250ml) - Vitamin E,Deya,Body Lotion,Deya Body Cream Vitamin (250ml),Vitamin E,,,,27.00,,25.00,,,,,3304.99.90,ครีมทาผิว,0.25,3.540,17.5x25.5x15.5,17.50,25.50,15.50,0.007,12,"4,770","7,344",,,,,https://lh3.googleusercontent.com/d/,25.25,25.51,25.77,27.00,27.00,27.00,30.00,,27.00,,27.00,,29.00,,,27.00,,,,,,
No,,Deya Body Cream Vitamin (250ml) - Vitamin C&E,Deya,Body Lotion,Deya Body Cream Vitamin (250ml),Vitamin C&E,,,,27.00,,25.00,,,,,3304.99.90,ครีมทาผิว,0.25,3.540,17.5x25.5x15.5,17.50,25.50,15.50,0.007,12,"4,770","7,344",,,,,https://lh3.googleusercontent.com/d/,25.25,25.51,25.77,27.00,27.00,27.00,30.00,,27.00,,27.00,,29.00,,,27.00,,,,,,
Yes,SRDY-8-01,Deya Serum (8ml) (1x6) - HYA,Deya,Facial Serum,Deya Serum (8ml) (1x6),HYA,,,174.00,155.00,155.00,140.00,174.00,,,,3304.99.90,เซรั่มทาผิว,0.05,6.300,23x53.5x26.5,23.00,53.50,26.50,0.033,72,"1,012","1,840",,,,https://www.carebeau-enjoy.com/menu-items/deya-serum,https://lh3.googleusercontent.com/d/1nJ5MIpGCgvXz7eEmiXJudO9vPXcq4N8q,141.41,142.86,144.33,155.00,155.00,155.00,155.00,,155.00,,155.00,,163.00,,155.00,155.00,,,,,,
Yes,SRDY-8-04X06,Deya Serum (8ml) (1x6) - Longan,Deya,Facial Serum,Deya Serum (8ml) (1x6),Longan,,,174.00,155.00,155.00,140.00,174.00,,,,3304.99.90,เซรั่มทาผิว,0.05,6.300,23x53.5x26.5,23.00,53.50,26.50,0.033,72,"1,012","1,840",,,,https://www.carebeau-enjoy.com/menu-items/deya-serum,https://lh3.googleusercontent.com/d/1dePuMZ8TPEIEuao3_Q3pMDbYfOtsw6dy,141.41,142.86,144.33,155.00,155.00,155.00,155.00,,155.00,,155.00,,163.00,,155.00,155.00,,,,,,
Yes,SWDY-520-02,Deya Candy Shower Serum (520g) - Lemon,Deya,Shower Gel,Deya Candy Shower Serum (520g),Lemon,,,50.00,45.00,45.00,40.00,50.00,45.00,"สั่งซื้อสินค้าในบิลเดียว !
- 1.ซื้อ 4 โหล ได้รับส่วนลด 5%
2.ชื้อ 6 โหล ได้รับส่วนลด 10%",10.00,3401.11.50,ครีมอาบน้ำ,0.52,7.400,21x26x24.5,21.00,26.00,24.50,0.013,12,"2,466","3,513",,,,https://www.carebeau-enjoy.com/menu-items/deya-candy-whitening-series,https://lh3.googleusercontent.com/d/14BGtoIUrClY7hE9hY5ohHOCR0vRa0k_S,40.40,40.82,41.24,44.00,43.50,43.50,43.50,,45.00,,43.50,,48.00,,44.00,45.00,,,,,,
Yes,SWDY-520-01,Deya Candy Shower Serum (520g) - Peach,Deya,Shower Gel,Deya Candy Shower Serum (520g),Peach,,,50.00,45.00,45.00,40.00,50.00,45.00,"สั่งซื้อสินค้าในบิลเดียว !
- 1.ซื้อ 4 โหล ได้รับส่วนลด 5%
2.ชื้อ 6 โหล ได้รับส่วนลด 10%",10.00,3401.11.50,ครีมอาบน้ำ,0.52,7.400,21x26x24.5,21.00,26.00,24.50,0.013,12,"2,466","3,513",,,,https://www.carebeau-enjoy.com/menu-items/deya-candy-whitening-series,https://lh3.googleusercontent.com/d/1RDOpc7d7rtORFI_oYqKptaOOhO0-GCgY,40.40,40.82,41.24,44.00,43.50,43.50,43.50,,45.00,,43.50,,48.00,,44.00,45.00,,,,,,
Yes,,Deya Candy Whitening Body Salt Scrub (700g) - Lemon,Deya,Body Scrub,Deya Candy Whitening Body Salt Scrub (700g),Lemon,32,32,38.00,41.00,38.00,35.00,38.00,36.10,"ซื้อรวม 1-3 โหล ราคา NET.
ซื้อรวม 4 โหล ลด 3%
ซื้อรวม 50 โหล ลด 5%
เกลือบิวตี้เนเจอร์
สั่งรวมกับเกลือดีย่าแคนดี้
ให้ครบจำนวนโหลได้",5.00,3304.99.90,เกลือขัดผิว,0.70,9.560,29x38x11,29.00,38.00,11.00,0.012,12,"2,719","2,719",,,,https://www.carebeau-enjoy.com/menu-items/deya-candy-whitening-series,https://lh3.googleusercontent.com/d/1LGC_Ed5KE3es_sDAuZLvw4FYZC7BI5Tm,35.35,35.71,36.08,38.00,38.00,38.00,38.00,,41.00,,38.00,,44.00,,37.00,38.00,,,,,,
Yes,,Deya Candy Whitening Body Salt Scrub (700g) - Peach,Deya,Body Scrub,Deya Candy Whitening Body Salt Scrub (700g),Peach,32,32,38.00,41.00,38.00,35.00,38.00,36.10,"ซื้อรวม 1-3 โหล ราคา NET.
ซื้อรวม 4 โหล ลด 3%
ซื้อรวม 50 โหล ลด 5%
เกลือบิวตี้เนเจอร์
สั่งรวมกับเกลือดีย่าแคนดี้
ให้ครบจำนวนโหลได้",5.00,3304.99.90,เกลือขัดผิว,0.70,9.560,29x38x11,29.00,38.00,11.00,0.012,12,"2,719","2,719",,,,https://www.carebeau-enjoy.com/menu-items/deya-candy-whitening-series,https://lh3.googleusercontent.com/d/1PISWHSi_ICX4XvzT3LYjFK4FZ6PUiFXU,35.35,35.71,36.08,38.00,38.00,38.00,38.00,,41.00,,38.00,,44.00,,37.00,38.00,,,,,,
Yes,,Deya Grape Alpha Arbutin White Body Lotion (150ml),Deya,Body Lotion,Deya Grape Alpha Arbutin White Body Lotion (150ml),,#N/A,#N/A,27.00,22.00,22.00,20.00,27.00,24.30,"รายการสั่งซื้อในบิลเดียว
1.ซื้อ 4 โหล ได้รับส่วนลด 5%
2.ชื้อ 8 โหล ได้รับส่วนลด 7%
3.ซื้อ 12 โหล ได้รับส่วนลด 10%",10.00,3304.99.90,โลชั่นทาผิว,0.15,2.250,15.7x20.7x18.6,15.70,20.70,18.60,0.006,12,"5,459","9,925",,,,https://www.carebeau-enjoy.com/menu-items/deya-body-white-lotion,https://lh3.googleusercontent.com/d/1qAvqnU7WS_Af54kbS6n09X1vsp_2da3N,20.20,20.41,20.62,22.00,22.00,22.00,22.00,,22.00,,22.00,,24.00,,22.00,22.00,,,,,,
Yes,,Deya Sakura White Body Lotion (150ml),Deya,Body Lotion,Deya Sakura White Body Lotion (150ml),,#N/A,#N/A,27.00,22.00,22.00,20.00,27.00,24.30,"รายการสั่งซื้อในบิลเดียว
1.ซื้อ 4 โหล ได้รับส่วนลด 5%
2.ชื้อ 8 โหล ได้รับส่วนลด 7%
3.ซื้อ 12 โหล ได้รับส่วนลด 10%",10.00,3304.99.90,โลชั่นทาผิว,0.15,2.250,15.7x20.7x18.6,15.70,20.70,18.60,0.006,12,"5,459","9,925",,,,https://www.carebeau-enjoy.com/menu-items/deya-body-white-lotion,https://lh3.googleusercontent.com/d/1Lr6uC0IbdYrkcNOja8rQa61u3pbi_hqN,20.20,20.41,20.62,22.00,22.00,22.00,22.00,,22.00,,22.00,,24.00,,22.00,22.00,,,,,,
Yes,,Homm Goat Milk Body Shower Cream (900g) - Strawberry,Homm,Shower Gel,Homm Goat Milk Body Shower Cream (900g),Strawberry,61,63,79.00,72.00,72.00,68.00,79.00,71.10,"1.สั่งซื้อ 2 โหล ได้รับส่วนลดท้ายบิล 6%
2.สั่งซื้อ 8 โหล ได้รับส่วนลดท้ายบิล 8%
3.สั่งซื้อ 24 โหล ได้รับส่วนลดท้ายบิล 10%",10.00,3401.11.50,ครีมอาบน้ำ,0.90,13.260,20.4x42x30,20.40,42.00,30.00,0.026,12,"1,283","1,960",,,,https://www.carebeau-enjoy.com/menu-items/homm-goat-milk-body-shower-cream,https://lh3.googleusercontent.com/d/1eqRCIzb8X7s1gae83-Y0tClpWvXVTwy2,68.69,69.39,70.10,70.00,70.00,70.00,70.00,,72.00,,70.00,,74.00,,70.00,72.00,,,,,,
Yes,,Homm Goat Milk Body Shower Cream (900g) - Sakura,Homm,Shower Gel,Homm Goat Milk Body Shower Cream (900g),Sakura,64,63,79.00,72.00,72.00,68.00,79.00,71.10,"1.สั่งซื้อ 2 โหล ได้รับส่วนลดท้ายบิล 6%
2.สั่งซื้อ 8 โหล ได้รับส่วนลดท้ายบิล 8%
3.สั่งซื้อ 24 โหล ได้รับส่วนลดท้ายบิล 10%",10.00,3401.11.50,ครีมอาบน้ำ,0.90,13.260,20.4x42x30,20.40,42.00,30.00,0.026,12,"1,283","1,960",,,,https://www.carebeau-enjoy.com/menu-items/homm-goat-milk-body-shower-cream,https://lh3.googleusercontent.com/d/1xR9UsJ8D9juDfTC0qltkVObFMfI_1ow5,68.69,69.39,70.10,70.00,70.00,70.00,70.00,,72.00,,70.00,,74.00,,70.00,72.00,,,,,,
Yes,,Homm Goat Milk Body Shower Cream (900g) - Mix Fruit,Homm,Shower Gel,Homm Goat Milk Body Shower Cream (900g),Mix Fruit,63,63,79.00,72.00,72.00,68.00,79.00,71.10,"1.สั่งซื้อ 2 โหล ได้รับส่วนลดท้ายบิล 6%
2.สั่งซื้อ 8 โหล ได้รับส่วนลดท้ายบิล 8%
3.สั่งซื้อ 24 โหล ได้รับส่วนลดท้ายบิล 10%",10.00,3401.11.50,ครีมอาบน้ำ,0.90,13.260,20.4x42x30,20.40,42.00,30.00,0.026,12,"1,283","1,960",,,,https://www.carebeau-enjoy.com/menu-items/homm-goat-milk-body-shower-cream,https://lh3.googleusercontent.com/d/12F_0UOTwUqUh71IIgqf3f9XCg80l0vAX,68.69,69.39,70.10,70.00,70.00,70.00,70.00,,72.00,,70.00,,74.00,,70.00,72.00,,,,,,
Yes,"SWHG-900-06",Homm Goat Milk Body Shower Cream (900g) - Pomegranate,Homm,Shower Gel,Homm Goat Milk Body Shower Cream (900g),Pomegranate,,63,79.00,72.00,72.00,68.00,79.00,71.10,"1.สั่งซื้อ 2 โหล ได้รับส่วนลดท้ายบิล 6%
2.สั่งซื้อ 8 โหล ได้รับส่วนลดท้ายบิล 8%
3.สั่งซื้อ 24 โหล ได้รับส่วนลดท้ายบิล 10%",10.00,3401.11.50,ครีมอาบน้ำ,0.90,13.260,20.4x42x30,20.40,42.00,30.00,0.026,12,"1,283","1,960",,,,https://www.carebeau-enjoy.com/menu-items/homm-goat-milk-body-shower-cream,https://lh3.googleusercontent.com/d/1idsT1976Jfy3Mk-98yo2UC_WBq-lT7Jp,68.69,69.39,70.10,70.00,70.00,70.00,70.00,,72.00,,70.00,,74.00,,70.00,72.00,,,,,,
Yes,FHHG-100-01,Homm Feminine Cleanser (100g),Homm,Feminine Cleanser,Homm Feminine Cleanser (100g),,,,43.00,40.00,40.00,35.00,43.00,38.70,"1.ซื้อ 4 โหล ลดท้ายบิล 5%
2.ซื้อ 6 โหล ลดท้ายบิล 7%
3.ซื้อ 12 โหล ลดท้ายบิล 10%
สะสม 3 เดือน ได้รับคูปองส่วนลด (เริ่ม 1/11/67 - 31/1/68)
1.สะสมครบ 15,000 บ.ได้รับดูปอง 1,000 บ.
2.สะสมครบ 25,000 บ.ได้รับดูปอง 2,500 บ.",10.00,3401.30.00,ทำความสะอาดจุดซ่อนเร้น,0.10,1.930,15.2x19x18.4,15.20,19.00,18.40,0.005,12,"6,210","11,291",,,,https://www.carebeau-enjoy.com/menu-items/homm-feminine-cleanser,https://lh3.googleusercontent.com/d/1BB_fnNW7t1AtizNxu5TMtuVjTUVPdRhL,35.35,35.71,36.08,39.00,39.00,39.00,39.00,,40.00,,39.00,,42.00,,39.00,40.00,,,,,,
Yes,,Thongsuk Thai Herbal Shampoo (250g) - Butterfly Pea Litsea Glutinosa,Thongsuk,Hair Shampoo,Thongsuk Thai Herbal Shampoo (250g),Butterfly Pea Litsea Glutinosa,24,25,43.00,40.00,40.00,35.00,43.00,38.70,"1.ซื้อ 4 โหล ลดท้ายบิล 5%
2.ซื้อ 6 โหล ลดท้ายบิล 7%
3.ซื้อ 12 โหล ลดท้ายบิล 10%
สะสม 3 เดือน ได้รับคูปองส่วนลด (เริ่ม 1/11/67 - 31/1/68)
1.สะสมครบ 15,000 บ.ได้รับดูปอง 1,000 บ.
2.สะสมครบ 25,000 บ.ได้รับดูปอง 2,500 บ.",10.00,3305.10.90,แชมพู,0.25,3.600,18x26.8x13.8,18.00,26.80,13.80,0.007,12,"4,957","7,222",,,,https://www.carebeau-enjoy.com/menu-items/thongsuk-thai-herbal-series,https://lh3.googleusercontent.com/d/16AP9YZFmoIIthRGH4hYX2-FLofLGWEaj,35.35,35.71,36.08,37.00,37.00,37.00,37.00,,40.00,,37.00,,42.00,,36.00,40.00,,,,,,
Yes,,Thongsuk Thai Herbal Shampoo (250g) - Coconut Oil Vitamin E,Thongsuk,Hair Shampoo,Thongsuk Thai Herbal Shampoo (250g),Coconut Oil Vitamin E,24,25,43.00,40.00,40.00,35.00,43.00,38.70,"1.ซื้อ 4 โหล ลดท้ายบิล 5%
2.ซื้อ 6 โหล ลดท้ายบิล 7%
3.ซื้อ 12 โหล ลดท้ายบิล 10%
สะสม 3 เดือน ได้รับคูปองส่วนลด (เริ่ม 1/11/67 - 31/1/68)
1.สะสมครบ 15,000 บ.ได้รับดูปอง 1,000 บ.
2.สะสมครบ 25,000 บ.ได้รับดูปอง 2,500 บ.",10.00,3305.10.90,แชมพู,0.25,3.600,18x26.8x13.8,18.00,26.80,13.80,0.007,12,"4,957","7,222",,,,https://www.carebeau-enjoy.com/menu-items/thongsuk-thai-herbal-series,https://lh3.googleusercontent.com/d/16rrXXb6gbCC4r-ZHOMv2xlN2a5rLHvF1,35.35,35.71,36.08,37.00,37.00,37.00,37.00,,40.00,,37.00,,42.00,,36.00,40.00,,,,,,
Yes,,Thongsuk Thai Herbal Shampoo (250g) - Bergamot Aloe Vera,Thongsuk,Hair Shampoo,Thongsuk Thai Herbal Shampoo (250g),Bergamot Aloe Vera,24,25,43.00,40.00,40.00,35.00,43.00,38.70,"1.ซื้อ 4 โหล ลดท้ายบิล 5%
2.ซื้อ 6 โหล ลดท้ายบิล 7%
3.ซื้อ 12 โหล ลดท้ายบิล 10%
สะสม 3 เดือน ได้รับคูปองส่วนลด (เริ่ม 1/11/67 - 31/1/68)
1.สะสมครบ 15,000 บ.ได้รับดูปอง 1,000 บ.
2.สะสมครบ 25,000 บ.ได้รับดูปอง 2,500 บ.",10.00,3305.10.90,แชมพู,0.25,3.600,18x26.8x13.8,18.00,26.80,13.80,0.007,12,"4,957","7,222",,,,https://www.carebeau-enjoy.com/menu-items/thongsuk-thai-herbal-series,https://lh3.googleusercontent.com/d/16FaM20PbMy318yvAjTnTUmq_YU_5AM4h,35.35,35.71,36.08,37.00,37.00,37.00,37.00,,40.00,,37.00,,42.00,,36.00,40.00,,,,,,
Yes,,Thongsuk Thai Herbal Shampoo (250g) - Sunflower Amla Seed Oil,Thongsuk,Hair Shampoo,Thongsuk Thai Herbal Shampoo (250g),Sunflower Amla Seed Oil,25,25,43.00,40.00,40.00,35.00,43.00,38.70,"1.ซื้อ 4 โหล ลดท้ายบิล 5%
2.ซื้อ 6 โหล ลดท้ายบิล 7%
3.ซื้อ 12 โหล ลดท้ายบิล 10%
สะสม 3 เดือน ได้รับคูปองส่วนลด (เริ่ม 1/11/67 - 31/1/68)
1.สะสมครบ 15,000 บ.ได้รับดูปอง 1,000 บ.
2.สะสมครบ 25,000 บ.ได้รับดูปอง 2,500 บ.",10.00,3305.10.90,แชมพู,0.25,3.600,18x26.8x13.8,18.00,26.80,13.80,0.007,12,"4,957","7,222",,,,https://www.carebeau-enjoy.com/menu-items/thongsuk-thai-herbal-series,https://lh3.googleusercontent.com/d/16qaPDyytmNz6-r5BWNFjE2oT_gE7RtTV,35.35,35.71,36.08,37.00,37.00,37.00,37.00,,40.00,,37.00,,42.00,,36.00,40.00,,,,,,
Yes,,Thongsuk Thai Herbal Shampoo (250g) - Nelumbo Nucifera flower & Moringa,Thongsuk,Hair Shampoo,Thongsuk Thai Herbal Shampoo (250g),Nelumbo Nucifera flower & Moringa,24,25,43.00,40.00,40.00,35.00,43.00,38.70,"1.ซื้อ 4 โหล ลดท้ายบิล 5%
2.ซื้อ 6 โหล ลดท้ายบิล 7%
3.ซื้อ 12 โหล ลดท้ายบิล 10%
สะสม 3 เดือน ได้รับคูปองส่วนลด (เริ่ม 1/11/67 - 31/1/68)
1.สะสมครบ 15,000 บ.ได้รับดูปอง 1,000 บ.
2.สะสมครบ 25,000 บ.ได้รับดูปอง 2,500 บ.",10.00,3305.10.90,แชมพู,0.25,3.600,18x26.8x13.8,18.00,26.80,13.80,0.007,12,"4,957","7,222",,,,https://www.carebeau-enjoy.com/menu-items/thongsuk-thai-herbal-series,https://lh3.googleusercontent.com/d/1kFqZiNfp63XXTSQm4OyjNZVY8ZUgxJqa,35.35,35.71,36.08,37.00,37.00,37.00,37.00,,40.00,,37.00,,42.00,,36.00,40.00,,,,,,
Yes,,Thongsuk Thai Herbal Treatment (250ml) - Butterfly Pea Litsea Glutinosa,Thongsuk,Hair Treatment,Thongsuk Thai Herbal Treatment (250ml),Butterfly Pea Litsea Glutinosa,21,22,43.00,40.00,40.00,35.00,43.00,38.70,"1.ซื้อ 4 โหล ลดท้ายบิล 5%
2.ซื้อ 6 โหล ลดท้ายบิล 7%
3.ซื้อ 12 โหล ลดท้ายบิล 10%
สะสม 3 เดือน ได้รับคูปองส่วนลด (เริ่ม 1/11/67 - 31/1/68)
1.สะสมครบ 15,000 บ.ได้รับดูปอง 1,000 บ.
2.สะสมครบ 25,000 บ.ได้รับดูปอง 2,500 บ.",10.00,3305.90.00,ครีมนวดผม,0.25,3.600,17.5x18.3x20.7,17.50,18.30,20.70,0.007,12,"4,977","7,222",,,,https://www.carebeau-enjoy.com/menu-items/thongsuk-thai-herbal-series,https://lh3.googleusercontent.com/d/1bQhTsYn9TBB7n1k4A_H9fkTVFWHwiCst,35.35,35.71,36.08,37.00,37.00,37.00,37.00,,40.00,,37.00,,42.00,,36.00,40.00,,,,,,
Yes,,Thongsuk Thai Herbal Treatment (250ml) - Coconut Oil Vitamin E,Thongsuk,Hair Treatment,Thongsuk Thai Herbal Treatment (250ml),Coconut Oil Vitamin E,21,22,43.00,40.00,40.00,35.00,43.00,38.70,"1.ซื้อ 4 โหล ลดท้ายบิล 5%
2.ซื้อ 6 โหล ลดท้ายบิล 7%
3.ซื้อ 12 โหล ลดท้ายบิล 10%
สะสม 3 เดือน ได้รับคูปองส่วนลด (เริ่ม 1/11/67 - 31/1/68)
1.สะสมครบ 15,000 บ.ได้รับดูปอง 1,000 บ.
2.สะสมครบ 25,000 บ.ได้รับดูปอง 2,500 บ.",10.00,3305.90.00,ครีมนวดผม,0.25,3.600,17.5x18.3x20.7,17.50,18.30,20.70,0.007,12,"4,977","7,222",,,,https://www.carebeau-enjoy.com/menu-items/thongsuk-thai-herbal-series,https://lh3.googleusercontent.com/d/1rgTcVEEHtfmjKo_1-pv2BYiPRdgtyHfC,35.35,35.71,36.08,37.00,37.00,37.00,37.00,,40.00,,37.00,,42.00,,36.00,40.00,,,,,,
Yes,,Thongsuk Thai Herbal Treatment (250ml) - Bergamot Aloe Vera,Thongsuk,Hair Treatment,Thongsuk Thai Herbal Treatment (250ml),Bergamot Aloe Vera,22,22,43.00,40.00,40.00,35.00,43.00,38.70,"1.ซื้อ 4 โหล ลดท้ายบิล 5%
2.ซื้อ 6 โหล ลดท้ายบิล 7%
3.ซื้อ 12 โหล ลดท้ายบิล 10%
สะสม 3 เดือน ได้รับคูปองส่วนลด (เริ่ม 1/11/67 - 31/1/68)
1.สะสมครบ 15,000 บ.ได้รับดูปอง 1,000 บ.
2.สะสมครบ 25,000 บ.ได้รับดูปอง 2,500 บ.",10.00,3305.90.00,ครีมนวดผม,0.25,3.600,17.5x18.3x20.7,17.50,18.30,20.70,0.007,12,"4,977","7,222",,,,https://www.carebeau-enjoy.com/menu-items/thongsuk-thai-herbal-series,https://lh3.googleusercontent.com/d/1eQNHqLPGlCeHpf_8bwDt5mGajag8R90T,35.35,35.71,36.08,37.00,37.00,37.00,37.00,,40.00,,37.00,,42.00,,36.00,40.00,,,,,,
Yes,,Thongsuk Thai Herbal Treatment (250ml) - Sunflower Amla Seed Oil,Thongsuk,Hair Treatment,Thongsuk Thai Herbal Treatment (250ml),Sunflower Amla Seed Oil,22,22,43.00,40.00,40.00,35.00,43.00,38.70,"1.ซื้อ 4 โหล ลดท้ายบิล 5%
2.ซื้อ 6 โหล ลดท้ายบิล 7%
3.ซื้อ 12 โหล ลดท้ายบิล 10%
สะสม 3 เดือน ได้รับคูปองส่วนลด (เริ่ม 1/11/67 - 31/1/68)
1.สะสมครบ 15,000 บ.ได้รับดูปอง 1,000 บ.
2.สะสมครบ 25,000 บ.ได้รับดูปอง 2,500 บ.",10.00,3305.90.00,ครีมนวดผม,0.25,3.600,17.5x18.3x20.7,17.50,18.30,20.70,0.007,12,"4,977","7,222",,,,https://www.carebeau-enjoy.com/menu-items/thongsuk-thai-herbal-series,https://lh3.googleusercontent.com/d/1B8b8R1mRWmgBRIRk8d60GfoK-L1YgPWW,35.35,35.71,36.08,37.00,37.00,37.00,37.00,,40.00,,37.00,,42.00,,36.00,40.00,,,,,,
Yes,,Thongsuk Thai Herbal Treatment (250ml) - Nelumbo Nucifera flower & Moringa,Thongsuk,Hair Treatment,Thongsuk Thai Herbal Treatment (250ml),Nelumbo Nucifera flower & Moringa,22,22,43.00,40.00,40.00,35.00,43.00,38.70,"1.ซื้อ 4 โหล ลดท้ายบิล 5%
2.ซื้อ 6 โหล ลดท้ายบิล 7%
3.ซื้อ 12 โหล ลดท้ายบิล 10%
สะสม 3 เดือน ได้รับคูปองส่วนลด (เริ่ม 1/11/67 - 31/1/68)
1.สะสมครบ 15,000 บ.ได้รับดูปอง 1,000 บ.
2.สะสมครบ 25,000 บ.ได้รับดูปอง 2,500 บ.",10.00,3305.90.00,ครีมนวดผม,0.25,3.600,17.5x18.3x20.7,17.50,18.30,20.70,0.007,12,"4,977","7,222",,,,https://www.carebeau-enjoy.com/menu-items/thongsuk-thai-herbal-series,https://lh3.googleusercontent.com/d/1YPSXTCzbdhJR9uE3BuLj0lEX7AhCNsNx,35.35,35.71,36.08,37.00,37.00,37.00,37.00,,40.00,,37.00,,42.00,,36.00,40.00,,,,,,
Yes,SRTS-40-01,Thongsuk Thai Herbal Intense Hair Tonic (40ml) - Butterfly Pea Litsea Glutinosa,Thongsuk,Hair Serum,Thongsuk Thai Herbal Intense Hair Tonic (40ml),Butterfly Pea Litsea Glutinosa,,,43.00,40.00,40.00,35.00,43.00,38.70,"1.ซื้อ 4 โหล ลดท้ายบิล 5%
2.ซื้อ 6 โหล ลดท้ายบิล 7%
3.ซื้อ 12 โหล ลดท้ายบิล 10%
สะสม 3 เดือน ได้รับคูปองส่วนลด (เริ่ม 1/11/67 - 31/1/68)
1.สะสมครบ 15,000 บ.ได้รับดูปอง 1,000 บ.
2.สะสมครบ 25,000 บ.ได้รับดูปอง 2,500 บ.",10.00,3305.90.00,เซรั่มผม,0.04,1.569,14.4x18.9x13.3,14.40,18.90,13.30,0.004,12,"9,116","16,571",,,,https://www.carebeau-enjoy.com/menu-items/thongsuk-thai-herbal-series,https://lh3.googleusercontent.com/d/1Nb7bt6RD2-L9uZ9B_io9SpdWveVolxh0,35.35,35.71,36.08,37.00,37.00,37.00,37.00,,40.00,,37.00,,42.00,,36.00,40.00,,,,,,
Yes,SRTS-40-03,Thongsuk Thai Herbal Intense Hair Tonic (40ml) - Coconut Oil Vitamin E,Thongsuk,Hair Serum,Thongsuk Thai Herbal Intense Hair Tonic (40ml),Coconut Oil Vitamin E,,,43.00,40.00,40.00,35.00,43.00,38.70,"1.ซื้อ 4 โหล ลดท้ายบิล 5%
2.ซื้อ 6 โหล ลดท้ายบิล 7%
3.ซื้อ 12 โหล ลดท้ายบิล 10%
สะสม 3 เดือน ได้รับคูปองส่วนลด (เริ่ม 1/11/67 - 31/1/68)
1.สะสมครบ 15,000 บ.ได้รับดูปอง 1,000 บ.
2.สะสมครบ 25,000 บ.ได้รับดูปอง 2,500 บ.",10.00,3305.90.00,เซรั่มผม,0.04,1.569,14.4x18.9x13.3,14.40,18.90,13.30,0.004,12,"9,116","16,571",,,,https://www.carebeau-enjoy.com/menu-items/thongsuk-thai-herbal-series,https://lh3.googleusercontent.com/d/1cYmwZjiFysjL0q0TpcQgR8aq6mSpS1av,35.35,35.71,36.08,37.00,37.00,37.00,37.00,,40.00,,37.00,,42.00,,36.00,40.00,,,,,,
Yes,SRTS-40-02,Thongsuk Thai Herbal Intense Hair Tonic (40ml) - Bergamot Aloe Vera,Thongsuk,Hair Serum,Thongsuk Thai Herbal Intense Hair Tonic (40ml),Bergamot Aloe Vera,,,43.00,40.00,40.00,35.00,43.00,38.70,"1.ซื้อ 4 โหล ลดท้ายบิล 5%
2.ซื้อ 6 โหล ลดท้ายบิล 7%
3.ซื้อ 12 โหล ลดท้ายบิล 10%
สะสม 3 เดือน ได้รับคูปองส่วนลด (เริ่ม 1/11/67 - 31/1/68)
1.สะสมครบ 15,000 บ.ได้รับดูปอง 1,000 บ.
2.สะสมครบ 25,000 บ.ได้รับดูปอง 2,500 บ.",10.00,3305.90.00,,0.04,1.569,14.4x18.9x13.3,14.40,18.90,13.30,0.004,12,"9,116","16,571",,,,https://www.carebeau-enjoy.com/menu-items/thongsuk-thai-herbal-series,https://lh3.googleusercontent.com/d/195_RTfgCleYq8MdN6McaR2Qaql79FdRj,35.35,35.71,36.08,37.00,37.00,37.00,37.00,,40.00,,37.00,,42.00,,36.00,40.00,,,,,,
Yes,SRTS-40-07,Thongsuk Thai Herbal Intense Hair Tonic (40ml) - Sunflower Amla Seed Oil,Thongsuk,Hair Serum,Thongsuk Thai Herbal Intense Hair Tonic (40ml),Sunflower Amla Seed Oil,,,43.00,40.00,40.00,35.00,43.00,38.70,"1.ซื้อ 4 โหล ลดท้ายบิล 5%
2.ซื้อ 6 โหล ลดท้ายบิล 7%
3.ซื้อ 12 โหล ลดท้ายบิล 10%
สะสม 3 เดือน ได้รับคูปองส่วนลด (เริ่ม 1/11/67 - 31/1/68)
1.สะสมครบ 15,000 บ.ได้รับดูปอง 1,000 บ.
2.สะสมครบ 25,000 บ.ได้รับดูปอง 2,500 บ.",10.00,3305.90.00,เซรั่มผม,0.04,1.569,14.4x18.9x13.3,14.40,18.90,13.30,0.004,12,"9,116","16,571",,,,https://www.carebeau-enjoy.com/menu-items/thongsuk-thai-herbal-series,https://lh3.googleusercontent.com/d/1GDT53mw3b9wr1Csq0uBtr-7II5Bb-eLr,35.35,35.71,36.08,37.00,37.00,37.00,37.00,,40.00,,37.00,,42.00,,36.00,40.00,,,,,,
Yes,SRTS-40-08,Thongsuk Thai Herbal Intense Hair Tonic (40ml) - Nelumbo Nucifera flower & Moringa,Thongsuk,Hair Serum,Thongsuk Thai Herbal Intense Hair Tonic (40ml),Nelumbo Nucifera flower & Moringa,,,43.00,40.00,40.00,35.00,43.00,38.70,"1.ซื้อ 4 โหล ลดท้ายบิล 5%
2.ซื้อ 6 โหล ลดท้ายบิล 7%
3.ซื้อ 12 โหล ลดท้ายบิล 10%
สะสม 3 เดือน ได้รับคูปองส่วนลด (เริ่ม 1/11/67 - 31/1/68)
1.สะสมครบ 15,000 บ.ได้รับดูปอง 1,000 บ.
2.สะสมครบ 25,000 บ.ได้รับดูปอง 2,500 บ.",10.00,3305.90.00,เซรั่มผม,0.04,1.569,14.4x18.9x13.3,14.40,18.90,13.30,0.004,12,"9,116","16,571",,,,https://www.carebeau-enjoy.com/menu-items/thongsuk-thai-herbal-series,https://lh3.googleusercontent.com/d/1ljQZ7NxlbTyOVyQ5mHuoOvj4uJl24Usa,35.35,35.71,36.08,37.00,37.00,37.00,37.00,,40.00,,37.00,,42.00,,36.00,40.00,,,,,,
Yes,FFCB-100-08,Carebeau Milk Facial Foam 100g - Oil Control,Carebeau,Facial Cleanser,Carebeau Milk Facial Foam 100g,Oil Control,,,35.00,32.00,32.00,29.00,35.00,31.50,"1.ซื้อ 4 โหลลดท้ายบิล 3%
2.ซื้อ 6 โหลลดท้ายบิล 5%
3.ซื้อ 12 โหลลดท้ายบิล 10%
รายการสะสม 3 เดือน
1.สะสมครบ 36 โหล ได้ดูปอง1,000 บ.
2.สะสมครบ 48 โหล ได้รับคูปอง 1,800 บ.
(เริ่ม 1/9/67 - 30/11/67)",10.00,3401.11.10,โฟมล้างหน้า,0.10,10.600,40x50x17,40.00,50.00,17.00,0.034,72,970,"1,764",,,,https://www.carebeau-enjoy.com/menu-items/carebeau-milk-facial-foam,https://lh3.googleusercontent.com/d/1vH9APwFWElpqu-52URTlFJCWKxHyIlRc,29.29,29.59,29.90,29.00,32.00,32.00,32.00,,32.00,,32.00,,34.00,,30.00,32.00,,,,,,
Yes,FFCB-100-07,Carebeau Milk Facial Foam 100g - Whitening,Carebeau,Facial Cleanser,Carebeau Milk Facial Foam 100g,Whitening,,,35.00,32.00,32.00,29.00,35.00,31.50,"1.ซื้อ 4 โหลลดท้ายบิล 3%
2.ซื้อ 6 โหลลดท้ายบิล 5%
3.ซื้อ 12 โหลลดท้ายบิล 10%
รายการสะสม 3 เดือน
1.สะสมครบ 36 โหล ได้ดูปอง1,000 บ.
2.สะสมครบ 48 โหล ได้รับคูปอง 1,800 บ.
(เริ่ม 1/9/67 - 30/11/67)",10.00,3401.11.10,โฟมล้างหน้า,0.10,10.600,40x50x17,40.00,50.00,17.00,0.034,72,970,"1,764",,,,https://www.carebeau-enjoy.com/menu-items/carebeau-milk-facial-foam,https://lh3.googleusercontent.com/d/1n2Sp7wzUz23U4VejYXjTZzie599ebBob,29.29,29.59,29.90,29.00,32.00,32.00,32.00,,32.00,,32.00,,34.00,,30.00,32.00,,,,,,
No,,Beauty Nature by Carebeau Soap (130g) - Vegetable,Beauty Nature,Soap,Beauty Nature by Carebeau Soap (130g),Vegetable,,,,26.00,,24.00,,,,,3401.11.50,สบู่,0.13,11.600,24x38.4x23,24.00,38.40,23.00,0.021,72,"1,556","2,241",,,,,https://lh3.googleusercontent.com/d/,24.24,24.49,24.74,26.00,26.00,26.00,26.00,,26.00,,26.00,,28.00,,,26.00,,,,,,
No,,Beauty Nature by Carebeau Soap (130g) - Fruit,Beauty Nature,Soap,Beauty Nature by Carebeau Soap (130g),Fruit,,,,26.00,,24.00,,,,,3401.11.50,สบู่,0.13,11.600,24x38.4x23,24.00,38.40,23.00,0.021,72,"1,556","2,241",,,,,https://lh3.googleusercontent.com/d/,24.24,24.49,24.74,26.00,26.00,26.00,26.00,,26.00,,26.00,,28.00,,,26.00,,,,,,
Yes,SPFS-250-01,Carebeau Fantasy Freshlook Anti-Yellow Shampoo (250ml),Fantasy,Hair Shampoo,Carebeau Fantasy Freshlook Anti-Yellow Shampoo (250ml),,,,85.00,75.00,75.00,70.00,85.00,76.50,"รายการสะสมสั่งซื้อบิลเดียว
1.ซื้อ 4 โหลลด 5%
2.ซื้อ 6 โหลลด 7%
3.ซื้อ 8 โหลลด 10%",10.00,3305.10.90,แชมพู,0.25,3.852,18.6x24.1x18,18.60,24.10,18.00,0.008,12,"4,089","6,749",,,,https://www.carebeau-enjoy.com/menu-items/carebeau-fantasy-freshlook-anti-yellow-shampoo,https://lh3.googleusercontent.com/d/1BBaKCnKC8Nj94oSw2ejZclWFRbIVA30T,70.71,71.43,72.16,75.00,75.00,75.00,75.00,,75.00,,75.00,,79.00,,75.00,75.00,,,,,,
Yes,CRFS-55-01,Carebeau Fantasy Brown Lover Hair Color (55g) - L01 Warm Brown,Fantasy,Hair Dye,Carebeau Fantasy Brown Lover Hair Color (55g),L01 Warm Brown,,,38.00,32.00,32.00,30.00,38.00,36.10,"1.ซื้อ 6 โหลลดท้ายบิล 3%
2.ซื้อ 12 โหลลดท้ายบิล 5%",5.00,3305.90.00,ยาย้อมผม,0.06,1.964,17.6x24.5x18.9,17.60,24.50,18.90,0.008,12,"4,049","7,362",,,,https://www.carebeau-enjoy.com/menu-items/carebeau-fantasy-brown-lover-hair-color-cream,https://lh3.googleusercontent.com/d/1D9q0L4oX5cyQecwh_u6Vt1bccwCloKJR,30.30,30.61,30.93,32.00,35.00,35.00,35.00,,32.00,,35.00,,34.00,,32.00,32.00,,,,,,
Yes,CRFS-55-06,Carebeau Fantasy Brown Lover Hair Color (55g) - L02 Cofee Latte brown,Fantasy,Hair Dye,Carebeau Fantasy Brown Lover Hair Color (55g),L02 Cofee Latte brown,,,38.00,32.00,32.00,30.00,38.00,36.10,"1.ซื้อ 6 โหลลดท้ายบิล 3%
2.ซื้อ 12 โหลลดท้ายบิล 5%",5.00,3305.90.00,ยาย้อมผม,0.06,1.964,17.6x24.5x18.9,17.60,24.50,18.90,0.008,12,"4,049","7,362",,,,https://www.carebeau-enjoy.com/menu-items/carebeau-fantasy-brown-lover-hair-color-cream,https://lh3.googleusercontent.com/d/17f6C6ZAFv9o2BnKngV4dt7O8s6___D50,30.30,30.61,30.93,32.00,35.00,35.00,35.00,,32.00,,35.00,,34.00,,32.00,32.00,,,,,,
Yes,CRFS-55-05,Carebeau Fantasy Brown Lover Hair Color (55g) - L03 Deep Brown Mahogany,Fantasy,Hair Dye,Carebeau Fantasy Brown Lover Hair Color (55g),L03 Deep Brown Mahogany,,,38.00,32.00,32.00,30.00,38.00,36.10,"1.ซื้อ 6 โหลลดท้ายบิล 3%
2.ซื้อ 12 โหลลดท้ายบิล 5%",5.00,3305.90.00,ยาย้อมผม,0.06,1.964,17.6x24.5x18.9,17.60,24.50,18.90,0.008,12,"4,049","7,362",,,,https://www.carebeau-enjoy.com/menu-items/carebeau-fantasy-brown-lover-hair-color-cream,https://lh3.googleusercontent.com/d/1NB-hnd1DgERFPSIgJKWvTF9L_GbsjRlI,30.30,30.61,30.93,32.00,35.00,35.00,35.00,,32.00,,35.00,,34.00,,32.00,32.00,,,,,,
Yes,CRFS-55-02,Carebeau Fantasy Brown Lover Hair Color (55g) - L04 Ash Grey Dark Brown,Fantasy,Hair Dye,Carebeau Fantasy Brown Lover Hair Color (55g),L04 Ash Grey Dark Brown,,,38.00,32.00,32.00,30.00,38.00,36.10,"1.ซื้อ 6 โหลลดท้ายบิล 3%
2.ซื้อ 12 โหลลดท้ายบิล 5%",5.00,3305.90.00,ยาย้อมผม,0.06,1.964,17.6x24.5x18.9,17.60,24.50,18.90,0.008,12,"4,049","7,362",,,,https://www.carebeau-enjoy.com/menu-items/carebeau-fantasy-brown-lover-hair-color-cream,https://lh3.googleusercontent.com/d/1oM_XDuAR8SPxILW5kFDlwdDyAR5Qs59M,30.30,30.61,30.93,32.00,35.00,35.00,35.00,,32.00,,35.00,,34.00,,32.00,32.00,,,,,,
Yes,CRFS-55-04,Carebeau Fantasy Brown Lover Hair Color (55g) - L05 Caramel Brown,Fantasy,Hair Dye,Carebeau Fantasy Brown Lover Hair Color (55g),L05 Caramel Brown,,,38.00,32.00,32.00,30.00,38.00,36.10,"1.ซื้อ 6 โหลลดท้ายบิล 3%
2.ซื้อ 12 โหลลดท้ายบิล 5%",5.00,3305.90.00,ยาย้อมผม,0.06,1.964,17.6x24.5x18.9,17.60,24.50,18.90,0.008,12,"4,049","7,362",,,,https://www.carebeau-enjoy.com/menu-items/carebeau-fantasy-brown-lover-hair-color-cream,https://lh3.googleusercontent.com/d/1EvmyYpRha4sXML7v9TZxlMnjDEbEBxhZ,30.30,30.61,30.93,32.00,35.00,35.00,35.00,,32.00,,35.00,,34.00,,32.00,32.00,,,,,,
Yes,CRFS-55-03,Carebeau Fantasy Brown Lover Hair Color (55g) - L06 Cinnamon Brown,Fantasy,Hair Dye,Carebeau Fantasy Brown Lover Hair Color (55g),L06 Cinnamon Brown,,,38.00,32.00,32.00,30.00,38.00,36.10,"1.ซื้อ 6 โหลลดท้ายบิล 3%
2.ซื้อ 12 โหลลดท้ายบิล 5%",5.00,3305.90.00,ยาย้อมผม,0.06,1.964,17.6x24.5x18.9,17.60,24.50,18.90,0.008,12,"4,049","7,362",,,,https://www.carebeau-enjoy.com/menu-items/carebeau-fantasy-brown-lover-hair-color-cream,https://lh3.googleusercontent.com/d/1KgMayLSsHs9s0GOrTd0JJ7UPTKIVgSaA,30.30,30.61,30.93,32.00,35.00,35.00,35.00,,32.00,,35.00,,34.00,,32.00,32.00,,,,,,
Yes,CRDL-50-41,Carebeau Enjoy Deluxe Hair Color Cream (50g) - D01 Black,Enjoy,Hair Dye,Carebeau Enjoy Deluxe Hair Color Cream (50g),D01 Black,,,30.00,29.00,29.00,28.00,30.00,27.60,"1.ซื้อ 8 โหล ได้รับส่วนลด 3%
2.ซื้อ 12 โหล ได้รับส่วนลด 5%
3.ซื้อ 24 โหล ได้รับส่วนลด 8%",8.00,3305.90.00,ยาย้อมผม,0.05,1.800,17.6x25.1x18,17.60,25.10,18.00,0.008,12,"4,150","7,545",,,,https://www.carebeau-enjoy.com/menu-items/carebeau-enjoy-deluxe-hair-color-cream,https://lh3.googleusercontent.com/d/11NFhe9xBXhmAByS50d9Jr8kkqCOiqW-O,28.28,28.57,28.87,29.00,28.00,28.00,28.00,,29.00,,28.00,,31.00,,29.00,29.00,,,,,,
Yes,CRDL-50-42,Carebeau Enjoy Deluxe Hair Color Cream (50g) - D02 Dark Brown,Enjoy,Hair Dye,Carebeau Enjoy Deluxe Hair Color Cream (50g),D02 Dark Brown,,,30.00,29.00,29.00,28.00,30.00,27.60,"1.ซื้อ 8 โหล ได้รับส่วนลด 3%
2.ซื้อ 12 โหล ได้รับส่วนลด 5%
3.ซื้อ 24 โหล ได้รับส่วนลด 8%",8.00,3305.90.00,ยาย้อมผม,0.05,1.800,17.6x25.1x18,17.60,25.10,18.00,0.008,12,"4,150","7,545",,,,https://www.carebeau-enjoy.com/menu-items/carebeau-enjoy-deluxe-hair-color-cream,https://lh3.googleusercontent.com/d/1tGMBZ-auC02oZMNTxUYY4HEenHebRyIL,28.28,28.57,28.87,29.00,28.00,28.00,28.00,,29.00,,28.00,,31.00,,29.00,29.00,,,,,,
Yes,CRDL-50-43,Carebeau Enjoy Deluxe Hair Color Cream (50g) - D03 Medium Brown,Enjoy,Hair Dye,Carebeau Enjoy Deluxe Hair Color Cream (50g),D03 Medium Brown,,,30.00,29.00,29.00,28.00,30.00,27.60,"1.ซื้อ 8 โหล ได้รับส่วนลด 3%
2.ซื้อ 12 โหล ได้รับส่วนลด 5%
3.ซื้อ 24 โหล ได้รับส่วนลด 8%",8.00,3305.90.00,ยาย้อมผม,0.05,1.800,17.6x25.1x18,17.60,25.10,18.00,0.008,12,"4,150","7,545",,,,https://www.carebeau-enjoy.com/menu-items/carebeau-enjoy-deluxe-hair-color-cream,https://lh3.googleusercontent.com/d/1xVC8CWEHZG6HWDZCj-L-BeEhifCc3xAc,28.28,28.57,28.87,29.00,28.00,28.00,28.00,,29.00,,28.00,,31.00,,29.00,29.00,,,,,,
Yes,CRDL-50-44,Carebeau Enjoy Deluxe Hair Color Cream (50g) - D04 Light Brown,Enjoy,Hair Dye,Carebeau Enjoy Deluxe Hair Color Cream (50g),D04 Light Brown,,,30.00,29.00,29.00,28.00,30.00,27.60,"1.ซื้อ 8 โหล ได้รับส่วนลด 3%
2.ซื้อ 12 โหล ได้รับส่วนลด 5%
3.ซื้อ 24 โหล ได้รับส่วนลด 8%",8.00,3305.90.00,ยาย้อมผม,0.05,1.800,17.6x25.1x18,17.60,25.10,18.00,0.008,12,"4,150","7,545",,,,https://www.carebeau-enjoy.com/menu-items/carebeau-enjoy-deluxe-hair-color-cream,https://lh3.googleusercontent.com/d/1dWBnhNYON9LHMUmUkvpeJy9DfoE3PIng,28.28,28.57,28.87,29.00,28.00,28.00,28.00,,29.00,,28.00,,31.00,,29.00,29.00,,,,,,
Yes,,Homm Perfume & Whitening Body Lotion (150ml) - Flower Art Love,Homm,Body Lotion,Homm Perfume & Whitening Body Lotion (150ml),Flower Art Love,32,32,75.00,68.00,68.00,65.00,75.00,67.50,"""รายการสั่งซื้อในบิลเดียว
1.สั่งซื้อ 4 โหล ได้รับส่วนลดท้ายบิล 5%
2.สั่งซื้อ 8 โหล ได้รับส่วนลดท้ายบิล 7%
3.สั่งซื้อ 12 โหล ได้รับส่วนลดท้ายบิล 10%""",10.00,3304.99.90,โลชั่นทาผิว,0.15,2.210,16x25x19,16.00,25.00,19.00,0.008,12,"4,342","7,894",,,,https://www.carebeau-enjoy.com/menu-items/homm-perfume-whitening-body-lotion,https://lh3.googleusercontent.com/d/1NXaHsldomNJpn9JUwxIVz40FCkSLEjT2,65.66,66.33,67.01,68.00,67.50,67.50,67.50,,68.00,,67.50,,72.00,,68.00,68.00,,,,,,
Yes,,Homm Perfume & Whitening Body Lotion (150ml) - Pretty Sunday,Homm,Body Lotion,Homm Perfume & Whitening Body Lotion (150ml),Pretty Sunday,32,32,75.00,68.00,68.00,65.00,75.00,67.50,"""รายการสั่งซื้อในบิลเดียว
1.สั่งซื้อ 4 โหล ได้รับส่วนลดท้ายบิล 5%
2.สั่งซื้อ 8 โหล ได้รับส่วนลดท้ายบิล 7%
3.สั่งซื้อ 12 โหล ได้รับส่วนลดท้ายบิล 10%""",10.00,3304.99.90,โลชั่นทาผิว,0.15,2.210,16x25x19,16.00,25.00,19.00,0.008,12,"4,342","7,894",,,,https://www.carebeau-enjoy.com/menu-items/homm-perfume-whitening-body-lotion,https://lh3.googleusercontent.com/d/1we4OUQ3eH9z9_0r3mIrdo_Nvp9K5xtKQ,65.66,66.33,67.01,68.00,67.50,67.50,67.50,,68.00,,67.50,,72.00,,68.00,68.00,,,,,,
No,DRHG-25-01,Homm Deodorant Powder Whitening 25g,Homm,Deodorant Powder,Homm Deodorant Powder Whitening 25g,,,,30.00,27.00,27.00,25.00,30.00,,,,3307.20.00,แป้งระงับกลิ่นกาย,0.025,0.620,13.5x17.5x10,13.50,17.50,10.00,0.002,12,"13,968","25,396",,,,https://www.carebeau-enjoy.com/menu-items/homm-deodorant-powder,https://lh3.googleusercontent.com/d/1xmAetljCi2L8XC3bJd6fjjALPzwp5XC8,25.25,25.51,25.77,27.00,27.00,27.00,27.00,,27.00,,27.00,,29.00,,27.00,27.00,,,,,,0.84
No,PFFHG-25-01,Homm Foot Deodorant Powder Fresh 25g,Homm,Deodorant Powder,Homm Foot Deodorant Powder Fresh 25g,,,,30.00,27.00,27.00,25.00,30.00,,,,3307.20.00,แป้งระงับกลิ่นเท้า,0.025,0.620,13.5x17.5x10,13.50,17.50,10.00,0.002,12,"13,968","25,396",,,,https://www.carebeau-enjoy.com/menu-items/homm-deodorant-powder,https://lh3.googleusercontent.com/d/1US1zwMf9-I4BvIG0kRDHX3a2WmuQlWad,25.25,25.51,25.77,27.00,27.00,27.00,27.00,,27.00,,27.00,,29.00,,27.00,27.00,,,,,,0.84
No,DRCB-30-01,Carebeau Body Fresh Spray (x2 Units),Carebeau,Body Spray,Carebeau Body Fresh Spray (x2 Units),,,,89.00,82.00,82.00,74.00,89.00,,,,,สเปรย์เย็น,0.06,11.360,33x55x21,33.00,55.00,21.00,0.038,120,865,"1,574",,,,https://www.carebeau-enjoy.com/menu-items/carebeau-body-fresh-spray-x2-units,https://lh3.googleusercontent.com/d/17zI1HJs1toVxXcwqUTWlaVBdpQuA22w6,74.75,75.51,76.29,82.00,,,,,82.00,,,,87.00,,,82.00,,,,,,
No,,Carebeau Keratin Of Love Set Limited Edition,Carebeau,Hair Shampoo,Carebeau Keratin Of Love Set Limited Edition,,,,169.00,162.00,,158.00,169.00,,,,3305.10.90,แชมพู,0.40,8.836,39x46x20,39.00,46.00,20.00,0.036,12,919,"1,672",,,,https://www.carebeau-enjoy.com/menu-items/hair-care-carebeau-keratin-of-love-set-limited-edition,https://lh3.googleusercontent.com/d/10XgEh13tmEbowwiFHtrMDhJ2ya0O4MlF,159.60,161.22,x,162.00,,,160.55,,162.00,,160.55,,171.00,,,162.00,,,,,,
Yes,,Thongsuk Set Of Merits,Thongsuk,Shower Gel,Thongsuk Set Of Merits,,,,,140.00,140.00,135.00,,,,,3401.11.50,ครีมอาบน้ำ,0.16,3.700,27.3x36x19.8,27.30,36.00,19.80,0.019,12,"1,695","3,083",,,,https://www.carebeau-enjoy.com/menu-items/thongsuk-set-of-merits,https://lh3.googleusercontent.com/d/14NXHHnUAc9LBUHDb_3ut-ic4p2kXGIFn,136.36,137.76,139.18,140.00,,,,,140.00,,,,147.00,,,140.00,,,,,,
Yes,MGCB-450-01,Carebeau Aloe Vera Soothing Massage Gel 450ml,Carebeau,Massage Gel,Carebeau Aloe Vera Soothing Massage Gel 450ml,,,,,81.00,81.00,76.00,,,,,3304.99.00,เจลนวดตัว,0.45,6.266,21.5x28x20,21.50,28.00,20.00,0.012,12,"2,740","4,149",,,,https://www.carebeau-enjoy.com/menu-items/carebeau-aloe-vera-soothing-massage-gel,https://lh3.googleusercontent.com/d/12jbORjr7tPDA4YUV16i-Yu3mo6taaUt6,76.77,77.55,78.35,,,,,,81.00,,,,,,,,,,,,,
Yes,,Carebeau Aloe Vera Soothing Massage Gel 3000ml,Carebeau,Massage Gel,Carebeau Aloe Vera Soothing Massage Gel 3000ml,,106,,,447.00,447.00,423.00,,,,,3304.99.00,เจลนวดตัว,3.00,20.100,30x43x33,30.00,43.00,33.00,0.043,6,775,"1,293",,,,https://www.carebeau-enjoy.com/menu-items/carebeau-aloe-vera-soothing-massage-gel,https://lh3.googleusercontent.com/d/12aDGkp-WZSDJ-Szb5RmLqKNy6uQLXF1K,427.27,431.63,436.08,,,,,,447.00,,,,,,,,,,,,,
Yes,,Carebeau Soothing Facial Toner (300ml),Carebeau,Facial Care,Carebeau Soothing Facial Toner (300ml),,54,,119.00,109.00,109.00,100.00,119.00,107.10,,,3401.11.10,โทนเนอร์ ผิวหน้า,0.30,4.500,21.5x25x16,21.50,25.00,16.00,0.009,12,"3,837","5,777",,,,https://www.carebeau-enjoy.com/menu-items/carebeau-soothing-facial-toner,https://lh3.googleusercontent.com/d/11NXdUu4Ckfm6PkZtWe2MSlfzvDZsbxDo,101.01,102.04,103.09,,,,,,109.00,,,,,,,109.00,,3.30,,,,
Yes,FPKBW-250-01,Carebeau Moisturizing Deep Cleanser Cream (250g),Carebeau,Facial Care,Carebeau Moisturizing Deep Cleanser Cream (250g),,,,119.00,109.00,109.00,100.00,119.00,107.10,,,3401.11.10,ครีมล้างหน้า,0.25,3.640,19x27x14.5,19.00,27.00,14.50,0.007,12,"4,436","7,142",,,,https://www.carebeau-enjoy.com/menu-items/carebeau-moisturtzing-deep-cleanser-cream,https://lh3.googleusercontent.com/d/11NetUDG_N-R9sQ4JffMq_ZoY68xwT5q-,101.01,102.04,103.09,,,,,,109.00,,,,,,,109.00,,,,,,
Yes,FPKBW-250-04,Carebeau Facial Scrub Cream (250g),Carebeau,Facial Care,Carebeau Facial Scrub Cream (250g),,,,119.00,109.00,109.00,100.00,119.00,107.10,,,3401.11.10,ครีมขัดหน้า,0.25,3.640,19x27x14.5,19.00,27.00,14.50,0.007,12,"4,436","7,142",,,,https://www.carebeau-enjoy.com/menu-items/carebeau-facial-scrub-cream,https://lh3.googleusercontent.com/d/1BMt2Dc78b-exJQuV3WlelRmQnwp3hR4q,101.01,102.04,103.09,,,,,,109.00,,,,,,,109.00,,,,,,
Yes,FPKBW-250-03,Carebeau Facial Massage Cream (250g),Carebeau,Facial Care,Carebeau Facial Massage Cream (250g),,,,119.00,109.00,109.00,100.00,119.00,107.10,,,3304.99.90,ครีมนวดหน้า,0.25,3.640,19x27x14.5,19.00,27.00,14.50,0.007,12,"4,436","7,142",,,,https://www.carebeau-enjoy.com/menu-items/carebeau-facial-massage-cream,https://lh3.googleusercontent.com/d/11Hh77BiloMGYtrYdKIv3ZKihbAFfr_1K,101.01,102.04,103.09,,,,,,109.00,,,,,,,109.00,,,,,,
Yes,FPKBW-250-05,Carebeau Facial Massage Gel (250g) - Soothing,Carebeau,Facial Care,Carebeau Facial Massage Gel (250g),Soothing,,,119.00,109.00,109.00,100.00,119.00,107.10,,,3304.99.90,เจลนวดหน้า,0.25,3.640,19x27x14.5,19.00,27.00,14.50,0.007,12,"4,436","7,142",,,,https://www.carebeau-enjoy.com/menu-items/carebeau-soothing-facial-massage-gel,https://lh3.googleusercontent.com/d/1L4ohdePN2ZfwOeBRtZI00r-fO9pBkDPv,101.01,102.04,103.09,,,,,,109.00,,,,,,,109.00,,,,,,
Yes,FPKBW-250-02,Carebeau Facial Massage Gel (250g) - Vitamin,Carebeau,Facial Care,Carebeau Facial Massage Gel (250g),Vitamin,,,119.00,109.00,109.00,100.00,119.00,107.10,,,3304.99.90,เจลนวดหน้า,0.25,3.640,19x27x14.5,19.00,27.00,14.50,0.007,12,"4,436","7,142",,,,https://www.carebeau-enjoy.com/menu-items/carebeau-vitamin-facial-massage-gel,https://lh3.googleusercontent.com/d/1YXyK2T3VGvz4L_81Uj0rBZMHkpA0M0rZ,101.01,102.04,103.09,,,,,,109.00,,,,,,,109.00,,,,,,
Yes,FPKBW-250-06,Carebeau Facial Massage Gel (250g) - Lifting,Carebeau,Facial Care,Carebeau Facial Massage Gel (250g),Lifting,,,119.00,109.00,109.00,100.00,119.00,107.10,,,3304.99.90,เจลนวดหน้า,0.25,3.640,19x27x14.5,19.00,27.00,14.50,0.007,12,"4,436","7,142",,,,https://www.carebeau-enjoy.com/menu-items/carebeau-lifting-facial-massage-gel,https://lh3.googleusercontent.com/d/11QH28qN7AAMvuk5-APnBWrOTnHlnPcuB,101.01,102.04,103.09,,,,,,109.00,,,,,,,109.00,,,,,,
No,,Shuya Foaming Feminine Wash 100ml. - Care,Shuya,Feminine Cleanser,Shuya Foaming Feminine Wash 100ml.,Care,,,,43.00,,,,,,,3401.30.00,ทำความสะอาดจุดซ่อนเร้น,0.10,1.900,14.2x18.8x16.2,14.20,18.80,16.20,0.004,12,"7,630","13,684",,,,,,,,,,,,,,43.00,,,,,,,109.00,,,,,,
No,,Shuya Foaming Feminine Wash 100ml. - Fresh,Shuya,Feminine Cleanser,Shuya Foaming Feminine Wash 100ml.,Fresh,,,,43.00,,,,,,,3401.30.00,ทำความสะอาดจุดซ่อนเร้น,0.10,1.900,14.2x18.8x16.2,14.20,18.80,16.20,0.004,12,"7,630","13,684",,,,,,,,,,,,,,43.00,,,,,,,,,,,,,
No,,Siyara Baby Bath Wash & shampoo 500ml (Bear Bottle),Siyara,Shower Gel,Siyara Baby Bath Wash & shampoo 500ml (Bear Bottle),,,,,49.71,,,,,,,3401.11.50,ครีมอาบน้ำ,0.50,7.820,21.5x31x21,21.50,31.00,21.00,0.014,12,"2,357","3,324",,,,,,,,,,,,,,49.71,,,,,,,,,,,,,
No,,Siyara Baby Lotion 500ml (Bear Bottle),Siyara,Body Lotion,Siyara Baby Lotion 500ml (Bear Bottle),,,,,49.71,,,,,,,3304.99.30,โลชั่นทาผิว,0.50,7.820,21.5x31x21,21.50,31.00,21.00,0.014,12,"2,357","3,324",,,,,,,,,,,,,,49.71,,,,,,,,,,,,,
No,,BQ101 BQ Snow White perfume shower cream 857g. - Orchid,Beauty Queen,Shower Cream,BQ101 BQ Snow White perfume shower cream 857g.,Orchid,,,,65.40,,,,,,,3401.30.00,ครีมอาบน้ำ,0.857,11.806,21.5x41x25,21.50,41.00,25.00,0.022,12,"1,497","2,202",,,,,,,,,,,,,,65.40,,,,,,,,,,,,,
No,,BQ102 BQ Snow White perfume shower cream 857g. - French,Beauty Queen,Shower Cream,BQ102 BQ Snow White perfume shower cream 857g.,French,,,,65.40,,,,,,,3401.30.00,ครีมอาบน้ำ,0.857,11.806,21.5x41x25,21.50,41.00,25.00,0.022,12,"1,497","2,202",,,,,,,,,,,,,,65.40,,,,,,,,,,,,,
No,,BQ103 BQ Snow White perfume shower cream 857g. - Honey&Milk,Beauty Queen,Shower Cream,BQ103 BQ Snow White perfume shower cream 857g.,Honey&Milk,,,,65.40,,,,,,,3401.30.00,ครีมอาบน้ำ,0.857,11.806,21.5x41x25,21.50,41.00,25.00,0.022,12,"1,497","2,202",,,,,,,,,,,,,,65.40,,,,,,,,,,,,,
No,,BQ104 BQ Snow White perfume shower cream 857g. - Orange,Beauty Queen,Shower Cream,BQ104 BQ Snow White perfume shower cream 857g.,Orange,,,,65.40,,,,,,,3401.30.00,ครีมอาบน้ำ,0.857,11.806,21.5x41x25,21.50,41.00,25.00,0.022,12,"1,497","2,202",,,,,,,,,,,,,,65.40,,,,,,,,,,,,,
No,,BQ105 BQ Snow White perfume shower cream 857g. - Tomato,Beauty Queen,Shower Cream,BQ105 BQ Snow White perfume shower cream 857g.,Tomato,,,,65.40,,,,,,,3401.30.00,ครีมอาบน้ำ,0.857,11.806,21.5x41x25,21.50,41.00,25.00,0.022,12,"1,497","2,202",,,,,,,,,,,,,,65.40,,,,,,,,,,,,,
No,,BQ106 BQ Snow White perfume shower cream 857g. - Coconut,Beauty Queen,Shower Cream,BQ106 BQ Snow White perfume shower cream 857g.,Coconut,,,,65.40,,,,,,,3401.30.00,ครีมอาบน้ำ,0.857,11.806,21.5x41x25,21.50,41.00,25.00,0.022,12,"1,497","2,202",,,,,,,,,,,,,,65.40,,,,,,,,,,,,,
No,,Clariss Milk Face Wash 100 ml,Clariss,Facial Cleanser,Clariss Milk Face Wash 100 ml,,,,,0.58,,,,,,,3401.11.10,ครีมล้างหน้า,0.10,16.000,48x59.4x20.5,48.00,59.40,20.50,0.058,120,564,"1,026",,,,,,,,,,,,,,0.58,,,,,,,,,,,,,
No,,Clariss Keratin Shampoo 400 g,Clariss,Hair Shampoo,Clariss Keratin Shampoo 400 g,,,,,1.90,,,,,,,3305.90.00,แชมพู,0.40,5.700,21x27.5x23,21.00,27.50,23.00,0.013,12,"2,484","4,517",,,,,,,,,,,,,,1.90,,,,,,,,,,,,,
No,,Clariss Biotin Shampoo 400 g,Clariss,Hair Shampoo,Clariss Biotin Shampoo 400 g,,,,,1.90,,,,,,,3305.90.00,แชมพู,0.40,5.700,21x27.5x23,21.00,27.50,23.00,0.013,12,"2,484","4,517",,,,,,,,,,,,,,1.90,,,,,,,,,,,,,
No,,Clariss Anti hair loss Shampoo 400 g,Clariss,Hair Shampoo,Clariss Anti hair loss Shampoo 400 g,,,,,2.42,,,,,,,3305.90.00,แชมพู,0.40,5.700,21x27.5x23,21.00,27.50,23.00,0.013,12,"2,484","4,517",,,,,,,,,,,,,,2.42,,,,,,,,,,,,,
No,,Clariss Hair Color Black 55 ml,Clariss,Hair Dye,Clariss Hair Color Black 55 ml,,,,,1.15,,,,,,,3305.90.00,ยาย้อมผม,0.145,3.250,21.3x27.5x18.5,21.30,27.50,18.50,0.011,12,"3,045","5,536",,,,,,,,,,,,,,1.15,,,,,,,,,,,,,
No,,Clariss Hair Color Dark Brown 55 ml,Clariss,Hair Dye,Clariss Hair Color Dark Brown 55 ml,,,,,1.15,,,,,,,3305.90.00,ยาย้อมผม,0.145,3.250,21.3x27.5x18.5,21.30,27.50,18.50,0.011,12,"3,045","5,536",,,,,,,,,,,,,,1.15,,,,,,,,,,,,,
No,,Clariss Hair Color Light Brown 55 ml,Clariss,Hair Dye,Clariss Hair Color Light Brown 55 ml,,,,,1.15,,,,,,,3305.90.00,ยาย้อมผม,0.145,3.250,21.3x27.5x18.5,21.30,27.50,18.50,0.011,12,"3,045","5,536",,,,,,,,,,,,,,1.15,,,,,,,,,,,,,
No,,Clariss Hair Color Mahogany 55 ml,Clariss,Hair Dye,Clariss Hair Color Mahogany 55 ml,,,,,1.15,,,,,,,3305.90.00,ยาย้อมผม,0.145,3.250,21.3x27.5x18.5,21.30,27.50,18.50,0.011,12,"3,045","5,536",,,,,,,,,,,,,,1.15,,,,,,,,,,,,,
No,,Clariss Hair Color Ash Blonde 55 ml,Clariss,Hair Dye,Clariss Hair Color Ash Blonde 55 ml,,,,,1.15,,,,,,,3305.90.00,ยาย้อมผม,0.145,3.250,21.3x27.5x18.5,21.30,27.50,18.50,0.011,12,"3,045","5,536",,,,,,,,,,,,,,1.15,,,,,,,,,,,,,
No,,Clariss Hair Color Deep Burgundy 55 ml,Clariss,Hair Dye,Clariss Hair Color Deep Burgundy 55 ml,,,,,1.15,,,,,,,3305.90.00,ยาย้อมผม,0.145,3.250,21.3x27.5x18.5,21.30,27.50,18.50,0.011,12,"3,045","5,536",,,,,,,,,,,,,,1.15,,,,,,,,,,,,,
No,,ขวัญใจ ไวท์ บูสเตอร์ บอดี้ ครีม 300มล.,KHUANJAI COSMETICS,Body Lotion,ขวัญใจ ไวท์ บูสเตอร์ บอดี้ ครีม 300มล.,,,,,46.00,,,,,,,3304.99.90,โลชั่นทาผิว,0.30,11.650,36x43.5x22.5,36.00,43.50,22.50,0.035,30,936,"1,702",,,,,,,,,,,,,,46.00,,,,,,,,,,,,,
No,,Carebeau Goat Milk Body Shower Cream (270g) (8 Doz) - Pink,Carebeau,Shower Gel,Carebeau Goat Milk Body Shower Cream (270g) (8 Doz),Pink,,,,25.00,,24.00,,,,,3401.11.50,ครีมอาบน้ำ,0.27,31.540,35.7x44.5x44.5,35.70,44.50,44.50,0.071,96,466,824,,,,https://www.carebeau-enjoy.com/menu-items/carebeau-goat-milk-body-shower-cream,https://lh3.googleusercontent.com/d/13pzqAqKbaDIiG952dPTWdd_wN2VLW6A_,,,,,,,,,25.00,,,,,,,25.00,,,,,,
No,,Carebeau Goat Milk Body Shower Cream (540g) (4 Doz) - Pink,Carebeau,Shower Gel,Carebeau Goat Milk Body Shower Cream (540g) (4 Doz),Pink,,,,58.00,,50.00,,,,,3401.11.50,ครีมอาบน้ำ,0.54,31.270,45.5x53x27.2,45.50,53.00,27.20,0.066,48,503,831,,,,https://www.carebeau-enjoy.com/menu-items/carebeau-goat-milk-body-shower-cream,https://lh3.googleusercontent.com/d/13o56w7rDpiVGOHK4OHIrTkfe6Dxb-dLG,,,,,,,,,58.00,,,,,,,58.00,,,,,,
No,,YADA Pump head (Black Color),YADA,Other,YADA Pump head (Black Color),,,,,6.00,,,,,,,,หัวปั้ม,0.026,2.650,25x35x26,25.00,35.00,26.00,0.023,160,"1,450","2,637",,,,,,,,,,,,,,6.00,,,,,,,,,,,,,
No,,(Sample) YADA Body Massage Oil - Wild Water Plum,YADA,Massage Oil,(Sample) YADA Body Massage Oil,Wild Water Plum,,,,,,,,,,,3304.99.30,น้ำมันนวดตัว,0.05,5.910,30x32.5x12,30.00,32.50,12.00,0.012,100,"2,820","4,399",,,,,,,,,,,,,,,,,,,,,,,,,,,
No,,(Sample) YADA Body Massage Oil - Frangipani,YADA,Massage Oil,(Sample) YADA Body Massage Oil,Frangipani,,,,,,,,,,,3304.99.30,น้ำมันนวดตัว,0.05,5.910,30x32.5x12,30.00,32.50,12.00,0.012,100,"2,820","4,399",,,,,,,,,,,,,,,,,,,,,,,,,,,
No,,YADA Body Massage Oil 450ml - Wild Water Plum,YADA,Massage Oil,YADA Body Massage Oil 450ml,Wild Water Plum,,,,,,,,,,,3304.99.30,น้ำมันนวดตัว,0.38,5.490,22.3x28.3x22.5,22.30,28.30,22.50,0.014,12,"2,324","4,225",,,,,,,,,,,,,,,,,,,,,,,,,,,
No,,YADA Body Massage Oil 450ml - Frangipani,YADA,Massage Oil,YADA Body Massage Oil 450ml,Frangipani,,,,,,,,,,,3304.99.30,น้ำมันนวดตัว,0.38,5.490,22.3x28.3x22.5,22.30,28.30,22.50,0.014,12,"2,324","4,225",,,,,,,,,,,,,,,,,,,,,,,,,,,
No,,Homm Goat Milk Body Shower Cream (900g) - Strawberry (2159072),Homm,Shower Gel,Homm Goat Milk Body Shower Cream (900g),Strawberry (2159072),,,,74.00,74.00,,,,,,3401.11.50,ครีมอาบน้ำ,0.90,13.260,20.4x42x30,20.40,42.00,30.00,0.026,12,"1,283","1,960",,,,https://www.carebeau-enjoy.com/menu-items/homm-goat-milk-body-shower-cream,https://lh3.googleusercontent.com/d/1eqRCIzb8X7s1gae83-Y0tClpWvXVTwy2,,,,,,,,,74.00,,,,,,,,,,,,,
No,,Homm Goat Milk Body Shower Cream (900g) - Sakura (2159051),Homm,Shower Gel,Homm Goat Milk Body Shower Cream (900g),Sakura (2159051),,,,74.00,,,,,,,3401.11.50,ครีมอาบน้ำ,0.90,13.260,20.4x42x30,20.40,42.00,30.00,0.026,12,"1,283","1,960",,,,https://www.carebeau-enjoy.com/menu-items/homm-goat-milk-body-shower-cream,https://lh3.googleusercontent.com/d/1xR9UsJ8D9juDfTC0qltkVObFMfI_1ow5,,,,,,,,,74.00,,,,,,,,,,,,,
No,,Deya Sakura White Body Lotion (150ml) - Sakura (2418988),Deya,Body Lotion,Deya Sakura White Body Lotion (150ml),Sakura (2418988),,,,24.00,,,,,,,3304.99.90,โลชั่นทาผิว,0.15,2.250,15.7x20.7x18.6,15.70,20.70,18.60,0.006,12,"5,459","9,925",,,,https://www.carebeau-enjoy.com/menu-items/deya-body-white-lotion,https://lh3.googleusercontent.com/d/1Lr6uC0IbdYrkcNOja8rQa61u3pbi_hqN,,,,,,,,,24.00,,,,,,,,,,,,,
No,,Carebeau Goat Milk Body Lotion (300g) - Royal Jelly & Lemon (2159014),Carebeau,Body Lotion,Carebeau Goat Milk Body Lotion (300g),Royal Jelly & Lemon (2159014),,,,27.00,,,,,,,3304.99.90,โลชั่นทาผิว,0.30,25.800,44.5x55.5x24.5,44.50,55.50,24.50,0.061,72,545,991,,,,https://www.carebeau-enjoy.com/menu-items/carebeau-goat-milk-body-lotion,https://lh3.googleusercontent.com/d/12uus0su3LSEOayvkfFiz2jUA04IeFtAK,,,,,,,,,27.00,,,,,,,,,,,,,
No,,Carebeau Spa Lightening Salt (700g) - Tomato (2214941),Carebeau,Body Scrub,Carebeau Spa Lightening Salt (700g),Tomato (2214941),,,,34.00,,,,,,,3304.99.90,เกลือขัดผิว,0.70,9.500,29.7x38.8x11.5,29.70,38.80,11.50,0.013,12,"2,490","2,736",,,,https://www.carebeau-enjoy.com/menu-items/carebeau-spa-lightening-salt-scrub,https://lh3.googleusercontent.com/d/1ATkjP4juJlRQuKCCBhelE1-LgZtBHsga,,,,,,,,,34.00,,,,,,,,,,,,,
No,,Carebeau Spa Lightening Salt (700g) - Milk and Yoghurt (2214945),Carebeau,Body Scrub,Carebeau Spa Lightening Salt (700g),Milk and Yoghurt (2214945),,,,34.00,,,,,,,3304.99.90,เกลือขัดผิว,0.70,9.500,29.7x38.8x11.5,29.70,38.80,11.50,0.013,12,"2,490","2,736",,,,https://www.carebeau-enjoy.com/menu-items/carebeau-spa-lightening-salt-scrub,https://lh3.googleusercontent.com/d/18GxxPBSStlbpdiwjKoBF8NkdWtvIFr_f,,,,,,,,,34.00,,,,,,,,,,,,,
No,,Carebeau Spa Lightening Salt (700g) - Carrot (2214946),Carebeau,Body Scrub,Carebeau Spa Lightening Salt (700g),Carrot (2214946),,,,34.00,,,,,,,3304.99.90,น้ำมันนวดตัว,0.70,9.500,29.7x38.8x11.5,29.70,38.80,11.50,0.013,12,"2,490","2,736",,,,https://www.carebeau-enjoy.com/menu-items/carebeau-spa-lightening-salt-scrub,https://lh3.googleusercontent.com/d/18TsIWQ7t2HioPnUCKOmGFXW1BQr2yP25,,,,,,,,,34.00,,,,,,,,,,,,,
No,,Carebeau Spa Lightening Salt (700g) - Papaya (2214947),Carebeau,Body Scrub,Carebeau Spa Lightening Salt (700g),Papaya (2214947),,,,34.00,,,,,,,3304.99.90,น้ำมันนวดตัว,0.70,9.500,29.7x38.8x11.5,29.70,38.80,11.50,0.013,12,"2,490","2,736",,,,https://www.carebeau-enjoy.com/menu-items/carebeau-spa-lightening-salt-scrub,https://lh3.googleusercontent.com/d/1AXZCr89w62TZu8g_nwe2SAAnUz_9XNv6,,,,,,,,,34.00,,,,,,,,,,,,,
No,,Deya Goat Milk Shower Cream (765g) - Collagen (2159050),Deya,Shower Gel,Deya Goat Milk Shower Cream (765g),Collagen (2159050),,,,69.00,69.00,,,,,,3401.11.50,ครีมอาบน้ำ,0.77,10.984,21.5x41x25,21.50,41.00,25.00,0.022,12,"1,497","2,367",,,,https://www.carebeau-enjoy.com/menu-items/deya-goat-milk-shower-cream,https://lh3.googleusercontent.com/d/1pBFwbprcwGE-Mj6w_ByKbhVugAy5YPPj,,,,,,,,,69.00,,,,,,,,,,,,,
No,,Deya Goat Milk Shower Cream (765g) - Avocado (2159047),Deya,Shower Gel,Deya Goat Milk Shower Cream (765g),Avocado (2159047),,,,69.00,69.00,,,,,,3401.11.50,ครีมอาบน้ำ,0.77,10.984,21.5x41x25,21.50,41.00,25.00,0.022,12,"1,497","2,367",,,,https://www.carebeau-enjoy.com/menu-items/deya-goat-milk-shower-cream,https://lh3.googleusercontent.com/d/19fouV5_Aw93U-dzQ7yqu-9cbUQ_pqoav,,,,,,,,,69.00,,,,,,,,,,,,,
No,,Deya Goat Milk Shower Cream (765g) - Sakura (2159048),Deya,Shower Gel,Deya Goat Milk Shower Cream (765g),Sakura (2159048),,,,69.00,69.00,,,,,,3401.11.50,ครีมอาบน้ำ,0.77,10.984,21.5x41x25,21.50,41.00,25.00,0.022,12,"1,497","2,367",,,,https://www.carebeau-enjoy.com/menu-items/deya-goat-milk-shower-cream,https://lh3.googleusercontent.com/d/1Zfi64eS64tjDZVsvZfO1uSTTiu2Bh-mV,,,,,,,,,69.00,,,,,,,,,,,,,
No,,Carebeau Fantasy Serum Biotin & Almond (280ml) - (2214948),Fantasy,Hair Serum,Carebeau Fantasy Serum Biotin & Almond (280ml),(2214948),,,,79.00,79.00,,,,,,3305.90.00,เซรั่มผม,0.28,4.050,18.5x24.5x18,18.50,24.50,18.00,0.008,12,"4,044","6,419",,,,https://www.carebeau-enjoy.com/menu-items/carebeau-fantasy-biotin-almond-series,https://lh3.googleusercontent.com/d/1acEaBN3JxQPOse_rCh4mrzOGm86WuSDo,,,,,,,,,79.00,,,,,,,,,,,,,
Yes,,(Service Fee) Logo Design - If required,,Service,(Service Fee) Logo Design - If required,,,,,"2,000.00","2,000.00",,,,,,,,,,,,,,,,,,The cost for this logo design service is billed per logo brand.,,,,,,,,,,,,,"2,000.00",,,,,,,,,,,,,
Yes,,(Service Fee) Label Design - If required,,Service,(Service Fee) Label Design - If required,,,,,"3,000.00","3,000.00",,,,,,,,,,,,,,,,,,The cost for this label design service is billed per SKU,,,,,,,,,,,,,"3,000.00",,,,,,,,,,,,,
Yes,,(Service Fee) Barcode Registration Number Charge,,Service,(Service Fee) Barcode Registration Number Charge,,,,,"3,000.00","3,000.00",,,,,,,,,,,,,,,,,,Valid for 3 years per SKU,,,,,,,,,,,,,"3,000.00",,,,,,,,,,,,,
Yes,,(Service Fee) FDA Submission For Employer,,Service,(Service Fee) FDA Submission For Employer,,,,,"1,000.00","1,000.00",,,,,,,,,,,,,,,,,,Only for first time registration,,,,,,,,,,,,,"1,000.00",,,,,,,,,,,,,
Yes,,(Service Fee) FDA Registration Number Charge,,Service,(Service Fee) FDA Registration Number Charge,,,,,"1,500.00","1,500.00",,,,,,,,,,,,,,,,,,Valid for 3 years per SKU,,,,,,,,,,,,,"1,500.00",,,,,,,,,,,,,
Yes,,(Service Fee) Certificate of Free Sale Registration (CFS),,Service,(Service Fee) Certificate of Free Sale Registration (CFS),,,,,"1,000.00","1,000.00",,,,,,,,,,,,,,,,,,Per page (Maximum 20SKU per 1 page),,,,,,,,,,,,,"1,000.00",,,,,,,,,,,,,
Yes,,(Service Fee) Certificate of Origin Registration (CO),,Service,(Service Fee) Certificate of Origin Registration (CO),,,,,"1,000.00","1,000.00",,,,,,,,,,,,,,,,,,Per page (Maximum 20SKU per 1 page),,,,,,,,,,,,,"1,000.00",,,,,,,,,,,,,
No,,(Service Fee) Formulation/ Ingredient List Report ,,Service,(Service Fee) Formulation/ Ingredient List Report ,,,,,0.00,0.00,,,,,,,,,,,,,,,,,,Free of Charge with order,,,,,,,,,,,,,0.00,,,,,,,,,,,,,
No,,(Service Fee) Certificate of Analysis,,Service,(Service Fee) Certificate of Analysis,,,,,0.00,0.00,,,,,,,,,,,,,,,,,,Free of Charge with order,,,,,,,,,,,,,0.00,,,,,,,,,,,,,
No,,(Service Fee) Safety Data Sheet (SDS),,Service,(Service Fee) Safety Data Sheet (SDS),,,,,0.00,0.00,,,,,,,,,,,,,,,,,,Free of Charge with order,,,,,,,,,,,,,0.00,,,,,,,,,,,,,
No,,(Service Fee) GMP Certificate,,Service,(Service Fee) GMP Certificate,,,,,0.00,0.00,,,,,,,,,,,,,,,,,,Free of Charge with order,,,,,,,,,,,,,0.00,,,,,,,,,,,,,
No,,Transportation Charge (DHL Shipping),,Service,Transportation Charge (DHL Shipping),,,,,,,,,,,,,,,,,,,,,,,,,,,,,,,,,,,,,,,,,,,,,,,,,,
No,,Transportation Charge (Flash Express),,Service,Transportation Charge (Flash Express),,,,,,,,,,,,,,,,,,,,,,,,,,,,,,,,,,,,,,,,,,,,,,,,,,
No,,Transportation Charge (Lalamove),,Service,Transportation Charge (Lalamove),,,,,,,,,,,,,,,,,,,,,,,,,,,,,,,,,,,,,,,,,,,,,,,,,,
No,,Transportation Charge,,Service,Transportation Charge,,,,,,,,,,,,,,,,,,,,,,,,,,,,,,,,,,,,,,,,,,,,,,,,,,
No,,สินค้าใส่ถังฟ้า 100 kg,,Other,สินค้าใส่ถังฟ้า 100 kg,,,,,,,,,,,,,สินค้าใส่ถังฟ้า 100 kg,120.00,127.000,58x58x82,58.00,58.00,82.00,0.276,1,119,204,,,,,,,,,,,,,,,,,,,,,,,,,,,
No,,Homm Goat Milk Body Shower Cream (900g),Homm,Shower Gel,Homm Goat Milk Body Shower Cream (900g),,,,,67.00,,,,,,,3401.11.50,ครีมอาบน้ำ,0.90,13.050,21.5x43.1x30.3,21.50,43.10,30.30,0.028,12,"1,175","1,992",,,,,,,,,,,,,,67.00,,,,,,,,,,,,,
Yes,,Mioskin Feel Natural Whitening Shower Cream (900ml) - Havens,Mioskin ,Shower Gel,Mioskin Feel Natural Whitening Shower Cream (900ml),Havens,,,,67.00,,,,,,,3401.11.50,ครีมอาบน้ำ,0.90,13.050,21.5x43.1x30.3,21.50,43.10,30.30,0.028,12,"1,175","1,992",,,,,,,,,,,,,,,,,,,,,,,,,,,
Yes,,Mioskin Feel Natural Whitening Shower Cream (900ml) - Honey,Mioskin ,Shower Gel,Mioskin Feel Natural Whitening Shower Cream (900ml),Honey,,,,67.00,,,,,,,3401.11.50,ครีมอาบน้ำ,0.90,13.050,21.5x43.1x30.3,21.50,43.10,30.30,0.028,12,"1,175","1,992",,,,,,,,,,,,,,,,,,,,,,,,,,,
Yes,,Mioskin Feel Natural Whitening Shower Cream (900ml) - Flora,Mioskin ,Shower Gel,Mioskin Feel Natural Whitening Shower Cream (900ml),Flora,,,,67.00,,,,,,,3401.11.50,ครีมอาบน้ำ,0.90,13.050,21.5x43.1x30.3,21.50,43.10,30.30,0.028,12,"1,175","1,992",,,,,,,,,,,,,,,,,,,,,,,,,,,
Yes,,Mioskin Feel Natural Whitening Shower Cream (900ml) - Blume,Mioskin ,Shower Gel,Mioskin Feel Natural Whitening Shower Cream (900ml),Blume,,,,67.00,,,,,,,3401.11.50,ครีมอาบน้ำ,0.90,13.050,21.5x43.1x30.3,21.50,43.10,30.30,0.028,12,"1,175","1,992",,,,,,,,,,,,,,,,,,,,,,,,,,,
Yes,,Mioskin Feel Natural Whitening Shower Cream (900ml) - Coco-V,Mioskin ,Shower Gel,Mioskin Feel Natural Whitening Shower Cream (900ml),Coco-V,,,,67.00,,,,,,,3401.11.50,ครีมอาบน้ำ,0.90,13.050,21.5x43.1x30.3,21.50,43.10,30.30,0.028,12,"1,175","1,992",,,,,,,,,,,,,,,,,,,,,,,,,,,
Yes,,Mioskin Feel Natural Whitening Shower Cream (900ml) - Citrus,Mioskin ,Shower Gel,Mioskin Feel Natural Whitening Shower Cream (900ml),Citrus,,,,67.00,,,,,,,3401.11.50,ครีมอาบน้ำ,0.90,13.050,21.5x43.1x30.3,21.50,43.10,30.30,0.028,12,"1,175","1,992",,,,,,,,,,,,,,,,,,,,,,,,,,,
Yes,,Mioskin Feel Natural Whitening Shower Cream (900ml) - Exotic,Mioskin ,Shower Gel,Mioskin Feel Natural Whitening Shower Cream (900ml),Exotic,,,,67.00,,,,,,,3401.11.50,ครีมอาบน้ำ,0.90,13.050,21.5x43.1x30.3,21.50,43.10,30.30,0.028,12,"1,175","1,992",,,,,,,,,,,,,,,,,,,,,,,,,,,
Yes,,Mioskin Feel Natural Whitening Shower Cream (900ml) - Rosey,Mioskin ,Shower Gel,Mioskin Feel Natural Whitening Shower Cream (900ml),Rosey,,,,67.00,,,,,,,3401.11.50,ครีมอาบน้ำ,0.90,13.050,21.5x43.1x30.3,21.50,43.10,30.30,0.028,12,"1,175","1,992",,,,,,,,,,,,,,,,,,,,,,,,,,,
Yes,,Mioskin Feel Natural Whitening Shower Cream (800ml) - Havens,Mioskin ,Shower Gel,Mioskin Feel Natural Whitening Shower Cream (800ml),Havens,,,,66.00,,,,,,,3401.11.50,ครีมอาบน้ำ,0.80,11.850,21.5x43.1x30.3,21.50,43.10,30.30,0.028,12,"1,175","2,136",,,,,,,,,,,,,,,,,,,,,,,,,,,
Yes,,Mioskin Feel Natural Whitening Shower Cream (800ml) - Honey,Mioskin ,Shower Gel,Mioskin Feel Natural Whitening Shower Cream (800ml),Honey,,,,66.00,,,,,,,3401.11.50,ครีมอาบน้ำ,0.80,11.850,21.5x43.1x30.3,21.50,43.10,30.30,0.028,12,"1,175","2,136",,,,,,,,,,,,,,,,,,,,,,,,,,,
Yes,,Mioskin Feel Natural Whitening Shower Cream (800ml) - Flora,Mioskin ,Shower Gel,Mioskin Feel Natural Whitening Shower Cream (800ml),Flora,,,,66.00,,,,,,,3401.11.50,ครีมอาบน้ำ,0.80,11.850,21.5x43.1x30.3,21.50,43.10,30.30,0.028,12,"1,175","2,136",,,,,,,,,,,,,,,,,,,,,,,,,,,
Yes,,Mioskin Feel Natural Whitening Shower Cream (800ml) - Blume,Mioskin ,Shower Gel,Mioskin Feel Natural Whitening Shower Cream (800ml),Blume,,,,66.00,,,,,,,3401.11.50,ครีมอาบน้ำ,0.80,11.850,21.5x43.1x30.3,21.50,43.10,30.30,0.028,12,"1,175","2,136",,,,,,,,,,,,,,,,,,,,,,,,,,,
Yes,,Mioskin Feel Natural Whitening Shower Cream (800ml) - Coco-V,Mioskin ,Shower Gel,Mioskin Feel Natural Whitening Shower Cream (800ml),Coco-V,,,,66.00,,,,,,,3401.11.50,ครีมอาบน้ำ,0.80,11.850,21.5x43.1x30.3,21.50,43.10,30.30,0.028,12,"1,175","2,136",,,,,,,,,,,,,,,,,,,,,,,,,,,
Yes,,Mioskin Feel Natural Whitening Shower Cream (800ml) - Citrus,Mioskin ,Shower Gel,Mioskin Feel Natural Whitening Shower Cream (800ml),Citrus,,,,66.00,,,,,,,3401.11.50,ครีมอาบน้ำ,0.80,11.850,21.5x43.1x30.3,21.50,43.10,30.30,0.028,12,"1,175","2,136",,,,,,,,,,,,,,,,,,,,,,,,,,,
Yes,,Mioskin Feel Natural Whitening Shower Cream (800ml) - Exotic,Mioskin ,Shower Gel,Mioskin Feel Natural Whitening Shower Cream (800ml),Exotic,,,,66.00,,,,,,,3401.11.50,ครีมอาบน้ำ,0.80,11.850,21.5x43.1x30.3,21.50,43.10,30.30,0.028,12,"1,175","2,136",,,,,,,,,,,,,,,,,,,,,,,,,,,
Yes,,Mioskin Feel Natural Whitening Shower Cream (800ml) - Rosey,Mioskin ,Shower Gel,Mioskin Feel Natural Whitening Shower Cream (800ml),Rosey,,,,66.00,,,,,,,3401.11.50,ครีมอาบน้ำ,0.80,11.850,21.5x43.1x30.3,21.50,43.10,30.30,0.028,12,"1,175","2,136",,,,,,,,,,,,,,,,,,,,,,,,,,,
No,,The Pure Rapunzell Treatment Plus Keratin,The Pure,Body Scrub,The Pure Rapunzell Treatment Plus Keratin,,,,,108.00,108.00,,,,,,3305.90.00,ครีมนวดผม,0.50,11.806,21.3x31.7x18,21.30,31.70,18.00,0.012,24,"2,202","2,202",,,,,,,,,,,,,,108.00,,,,,,,,,,,,,
No,,(ValuePack) Carebeau Spa Lightening Salt  - Papaya,Carebeau,Body Scrub,(ValuePack) Carebeau Spa Lightening Salt ,Papaya,,,,52.80,52.80,,,,,,,เกลือขัดผิว,1.40,9.500,29.7x38.8x11.5,29.70,38.80,11.50,0.013,12,"2,490","2,736",,,,,https://lh3.googleusercontent.com/d/1fzAKb4h6CF45iP3J0Yg6X75PcUdJd_6T,,,,,,,,,52.80,,,,,,,,,,,,,
No,,(ValuePack) Carebeau Spa Lightening Salt  - Carrot,Carebeau,Body Scrub,(ValuePack) Carebeau Spa Lightening Salt ,Carrot,,,,52.80,52.80,,,,,,,เกลือขัดผิว,1.40,9.500,29.7x38.8x11.5,29.70,38.80,11.50,0.013,12,"2,490","2,736",,,,,https://lh3.googleusercontent.com/d/1fzAKb4h6CF45iP3J0Yg6X75PcUdJd_6T,,,,,,,,,52.80,,,,,,,,,,,,,
No,,(ValuePack) Carebeau Spa Lightening Salt  - Turmeric,Carebeau,Body Scrub,(ValuePack) Carebeau Spa Lightening Salt ,Turmeric,,,,52.80,52.80,,,,,,,เกลือขัดผิว,1.40,9.500,29.7x38.8x11.5,29.70,38.80,11.50,0.013,12,"2,490","2,736",,,,,https://lh3.googleusercontent.com/d/1fzAKb4h6CF45iP3J0Yg6X75PcUdJd_6T,,,,,,,,,52.80,,,,,,,,,,,,,
No,,(ValuePack) Carebeau Spa Lightening Salt  - Mixed Fruits,Carebeau,Body Scrub,(ValuePack) Carebeau Spa Lightening Salt ,Mixed Fruits,,,,52.80,52.80,,,,,,,เกลือขัดผิว,1.40,9.500,29.7x38.8x11.5,29.70,38.80,11.50,0.013,12,"2,490","2,736",,,,,https://lh3.googleusercontent.com/d/1fzAKb4h6CF45iP3J0Yg6X75PcUdJd_6T,,,,,,,,,52.80,,,,,,,,,,,,,
No,,(ValuePack) Carebeau Spa Lightening Salt  - Tamarind,Carebeau,Body Scrub,(ValuePack) Carebeau Spa Lightening Salt ,Tamarind,,,,52.80,52.80,,,,,,,เกลือขัดผิว,1.40,9.500,29.7x38.8x11.5,29.70,38.80,11.50,0.013,12,"2,490","2,736",,,,,https://lh3.googleusercontent.com/d/1fzAKb4h6CF45iP3J0Yg6X75PcUdJd_6T,,,,,,,,,52.80,,,,,,,,,,,,,
No,,(ValuePack) Carebeau Spa Lightening Salt  - Tomato,Carebeau,Body Scrub,(ValuePack) Carebeau Spa Lightening Salt ,Tomato,,,,52.80,52.80,,,,,,,เกลือขัดผิว,1.40,9.500,29.7x38.8x11.5,29.70,38.80,11.50,0.013,12,"2,490","2,736",,,,,https://lh3.googleusercontent.com/d/1fzAKb4h6CF45iP3J0Yg6X75PcUdJd_6T,,,,,,,,,52.80,,,,,,,,,,,,,
No,,(ValuePack) Carebeau Spa Lightening Salt  - Orange,Carebeau,Body Scrub,(ValuePack) Carebeau Spa Lightening Salt ,Orange,,,,52.80,52.80,,,,,,,เกลือขัดผิว,1.40,9.500,29.7x38.8x11.5,29.70,38.80,11.50,0.013,12,"2,490","2,736",,,,,https://lh3.googleusercontent.com/d/1fzAKb4h6CF45iP3J0Yg6X75PcUdJd_6T,,,,,,,,,52.80,,,,,,,,,,,,,
No,,(ValuePack) Carebeau Spa Lightening Salt  - Milk&Yoghurt,Carebeau,Body Scrub,(ValuePack) Carebeau Spa Lightening Salt ,Milk&Yoghurt,,,,52.80,52.80,,,,,,,เกลือขัดผิว,1.40,9.500,29.7x38.8x11.5,29.70,38.80,11.50,0.013,12,"2,490","2,736",,,,,https://lh3.googleusercontent.com/d/1fzAKb4h6CF45iP3J0Yg6X75PcUdJd_6T,,,,,,,,,52.80,,,,,,,,,,,,,
No,,(ValuePack) Carebeau Spa Lightening Salt  - Cantaloupe,Carebeau,Body Scrub,(ValuePack) Carebeau Spa Lightening Salt ,Cantaloupe,,,,52.80,52.80,,,,,,,เกลือขัดผิว,1.40,9.500,29.7x38.8x11.5,29.70,38.80,11.50,0.013,12,"2,490","2,736",,,,,https://lh3.googleusercontent.com/d/1fzAKb4h6CF45iP3J0Yg6X75PcUdJd_6T,,,,,,,,,52.80,,,,,,,,,,,,,
No,,(ValuePack) Carebeau Spa Lightening Salt  - Lakoocha,Carebeau,Body Scrub,(ValuePack) Carebeau Spa Lightening Salt ,Lakoocha,,,,52.80,52.80,,,,,,,เกลือขัดผิว,1.40,9.500,29.7x38.8x11.5,29.70,38.80,11.50,0.013,12,"2,490","2,736",,,,,https://lh3.googleusercontent.com/d/1fzAKb4h6CF45iP3J0Yg6X75PcUdJd_6T,,,,,,,,,52.80,,,,,,,,,,,,,
No,,(ValuePack)  Carebeau Soy Milk Protein Body Cream,Carebeau,Body Lotion,(ValuePack)  Carebeau Soy Milk Protein Body Cream,,,,,56.00,56.00,,,,,,,โลชั่นทาผิว,1.00,6.600,30x40x12.3,30.00,40.00,12.30,0.015,12,"2,235","3,939",,,,,https://lh3.googleusercontent.com/d/1_M0yoB0Gd_1XBCdWL6j9htiApJ6FZhSZ,,,,,,,,,56.00,,,,,,24.00,,,,,,,
No,,(ValuePack)  Carebeau vitamin E moisturizing cream with apricot kernel oil - White,Carebeau,Body Lotion,(ValuePack)  Carebeau vitamin E moisturizing cream with apricot kernel oil,White,,,,56.00,56.00,,,,,,,โลชั่นทาผิว,1.00,6.600,30x40x12.3,30.00,40.00,12.30,0.015,12,"2,235","3,939",,,,,https://lh3.googleusercontent.com/d/1_M0yoB0Gd_1XBCdWL6j9htiApJ6FZhSZ,,,,,,,,,56.00,,,,,,24.00,,,,,,,
No,,(ValuePack)  Carebeau vitamin E moisturizing cream with apricot kernel oil - Pink,Carebeau,Body Lotion,(ValuePack)  Carebeau vitamin E moisturizing cream with apricot kernel oil,Pink,,,,56.00,56.00,,,,,,,โลชั่นทาผิว,1.00,6.600,30x40x12.3,30.00,40.00,12.30,0.015,12,"2,235","3,939",,,,,https://lh3.googleusercontent.com/d/1_M0yoB0Gd_1XBCdWL6j9htiApJ6FZhSZ,,,,,,,,,56.00,,,,,,24.00,,,,,,,
No,,(ValuePack)  Carebeau vitamin E moisturizing cream with apricot kernel oil - Green,Carebeau,Body Lotion,(ValuePack)  Carebeau vitamin E moisturizing cream with apricot kernel oil,Green,,,,56.00,56.00,,,,,,,โลชั่นทาผิว,1.00,6.600,30x40x12.3,30.00,40.00,12.30,0.015,12,"2,235","3,939",,,,,https://lh3.googleusercontent.com/d/1_M0yoB0Gd_1XBCdWL6j9htiApJ6FZhSZ,,,,,,,,,56.00,,,,,,24.00,,,,,,,
No,,(ValuePack)  Carebeau vitamin E moisturizing cream with apricot kernel oil - Base (No scent),Carebeau,Body Lotion,(ValuePack)  Carebeau vitamin E moisturizing cream with apricot kernel oil,Base (No scent),,,,56.00,56.00,,,,,,,โลชั่นทาผิว,1.00,6.600,30x40x12.3,30.00,40.00,12.30,0.015,12,"2,235","3,939",,,,,https://lh3.googleusercontent.com/d/1_M0yoB0Gd_1XBCdWL6j9htiApJ6FZhSZ,,,,,,,,,56.00,,,,,,24.00,,,,,,,
No,,(ValuePack) Carebeau vitamin C moisturizing cream with apricot kernel oil Vit C,Carebeau,Body Lotion,(ValuePack) Carebeau vitamin C moisturizing cream with apricot kernel oil Vit C,,,,,56.00,56.00,,,,,,,โลชั่นทาผิว,1.00,6.600,30x40x12.3,30.00,40.00,12.30,0.015,12,"2,235","3,939",,,,,https://lh3.googleusercontent.com/d/1_M0yoB0Gd_1XBCdWL6j9htiApJ6FZhSZ,,,,,,,,,56.00,,,,,,24.00,,,,,,,
No,,(ValuePack) Carebeau Ceramide Body Cream,Carebeau,Body Lotion,(ValuePack) Carebeau Ceramide Body Cream,,,,,100.80,,,,,,,,โลชั่นทาผิว,0.50,3.600,18.5x26.8x13.8,18.50,26.80,13.80,0.007,12,"4,823","7,222",,,,,https://lh3.googleusercontent.com/d/13IbyP1ipLiI1plb25foaup6t7EsMi9ro,,,,,,,,,100.80,,,,,,,,,,,,,
No,,(ValuePack) Carebeau Vitamin E 10X Body Cream,Carebeau,Body Lotion,(ValuePack) Carebeau Vitamin E 10X Body Cream,,,,,100.80,100.80,,,,,,,โลชั่นทาผิว,0.50,3.600,18.5x26.8x13.8,18.50,26.80,13.80,0.007,12,"4,823","7,222",,,,,https://lh3.googleusercontent.com/d/13IbyP1ipLiI1plb25foaup6t7EsMi9ro,,,,,,,,,100.80,,,,,,,,,,,,,
No,,(ValuePack) Carebeau Goat Milk Shower Cream 1000ml FREE 270ml  - White,Carebeau,Shower Gel,(ValuePack) Carebeau Goat Milk Shower Cream 1000ml FREE 270ml ,White,,,,95.00,,,,,,,,ครีมอาบน้ำ,1.27,,23x42.7x33,23.00,42.70,33.00,0.032,8,#DIV/0!,#DIV/0!,,,,,https://lh3.googleusercontent.com/d/1lHo_xJktpWxbBhiolLhVAnjsV1IjheYp,,,,,,,,,95.00,,,,,,,,,,,,,
No,,(ValuePack) Carebeau Goat Milk Shower Cream 1000ml FREE 270ml  - Pink,Carebeau,Shower Gel,(ValuePack) Carebeau Goat Milk Shower Cream 1000ml FREE 270ml ,Pink,,,,95.00,,,,,,,,ครีมอาบน้ำ,1.27,,23x42.7x33,23.00,42.70,33.00,0.032,8,#DIV/0!,#DIV/0!,,,,,https://lh3.googleusercontent.com/d/1lHo_xJktpWxbBhiolLhVAnjsV1IjheYp,,,,,,,,,95.00,,,,,,,,,,,,,
No,,(ValuePack) Carebeau Goat Milk Shower Cream 1000ml FREE 270ml  - Goji Berry,Carebeau,Shower Gel,(ValuePack) Carebeau Goat Milk Shower Cream 1000ml FREE 270ml ,Goji Berry,,,,95.00,,,,,,,,ครีมอาบน้ำ,1.27,,23x42.7x33,23.00,42.70,33.00,0.032,8,#DIV/0!,#DIV/0!,,,,,https://lh3.googleusercontent.com/d/1lHo_xJktpWxbBhiolLhVAnjsV1IjheYp,,,,,,,,,95.00,,,,,,,,,,,,,
No,,(ValuePack) Carebeau Goat Milk Shower Cream 1000ml FREE 270ml  - Lakoocha,Carebeau,Shower Gel,(ValuePack) Carebeau Goat Milk Shower Cream 1000ml FREE 270ml ,Lakoocha,,,,95.00,,,,,,,,ครีมอาบน้ำ,1.27,,23x42.7x33,23.00,42.70,33.00,0.032,8,#DIV/0!,#DIV/0!,,,,,https://lh3.googleusercontent.com/d/1lHo_xJktpWxbBhiolLhVAnjsV1IjheYp,,,,,,,,,95.00,,,,,,,,,,,,,
No,,(ValuePack) Carebeau Goat Milk Shower Cream 1000ml FREE 270ml  - Royal Jelly & Lemon,Carebeau,Shower Gel,(ValuePack) Carebeau Goat Milk Shower Cream 1000ml FREE 270ml ,Royal Jelly & Lemon,,,,95.00,,,,,,,,ครีมอาบน้ำ,1.27,,23x42.7x33,23.00,42.70,33.00,0.032,8,#DIV/0!,#DIV/0!,,,,,https://lh3.googleusercontent.com/d/1lHo_xJktpWxbBhiolLhVAnjsV1IjheYp,,,,,,,,,95.00,,,,,,,,,,,,,
No,,Deya Grape Alpha Arbutin White Body Lotion (150ml) - Grape (2418985),Deya,Body Lotion,Deya Grape Alpha Arbutin White Body Lotion (150ml),Grape (2418985),,,,24.00,,,,,,,3304.99.90,โลชั่นทาผิว,0.15,2.250,15.7x20.7x18.6,15.70,20.70,18.60,0.006,12,"5,459","9,925",,,,https://www.carebeau-enjoy.com/menu-items/deya-body-white-lotion,https://lh3.googleusercontent.com/d/1qAvqnU7WS_Af54kbS6n09X1vsp_2da3N,,,,,,,,,24.00,,,,,,,,,,,,,
No,,Deya Candy Whitening Body Salt Scrub (700g) - Lemon (2224308),Deya,Body Scrub,Deya Candy Whitening Body Salt Scrub (700g),Lemon (2224308),,,,43.00,,,,,,,3304.99.90,เกลือขัดผิว,0.70,9.560,29x38x11,29.00,38.00,11.00,0.012,12,"2,719","2,719",,,,https://www.carebeau-enjoy.com/menu-items/deya-candy-whitening-series,https://lh3.googleusercontent.com/d/1LGC_Ed5KE3es_sDAuZLvw4FYZC7BI5Tm,,,,,,,,,40.00,,,,,,,,,,,,,
No,,Deya Candy Whitening Body Salt Scrub (700g) - Peach (2224307),Deya,Body Scrub,Deya Candy Whitening Body Salt Scrub (700g),Peach (2224307),,,,43.00,,,,,,,3304.99.90,เกลือขัดผิว,0.70,9.560,29x38x11,29.00,38.00,11.00,0.012,12,"2,719","2,719",,,,https://www.carebeau-enjoy.com/menu-items/deya-candy-whitening-series,https://lh3.googleusercontent.com/d/1PISWHSi_ICX4XvzT3LYjFK4FZ6PUiFXU,,,,,,,,,40.00,,,,,,,,,,,,,
No,,Thongsuk Thai Herbal Shampoo (250g) - Butterfly Pea Litsea Glutinosa (2160376),Thongsuk,Hair Shampoo,Thongsuk Thai Herbal Shampoo (250g),Butterfly Pea Litsea Glutinosa (2160376),,,,39.00,,,,,,,3305.10.90,แชมพู,0.25,3.600,18x26.8x13.8,18.00,26.80,13.80,0.007,12,"4,957","7,222",,,,https://www.carebeau-enjoy.com/menu-items/thongsuk-thai-herbal-series,https://lh3.googleusercontent.com/d/16AP9YZFmoIIthRGH4hYX2-FLofLGWEaj,,,,,,,,,42.00,,,,,,,,,,,,,
No,,Thongsuk Thai Herbal Shampoo (250g) - Coconut Oil Vitamin E (2160375),Thongsuk,Hair Shampoo,Thongsuk Thai Herbal Shampoo (250g),Coconut Oil Vitamin E (2160375),,,,39.00,,,,,,,3305.10.90,แชมพู,0.25,3.600,18x26.8x13.8,18.00,26.80,13.80,0.007,12,"4,957","7,222",,,,https://www.carebeau-enjoy.com/menu-items/thongsuk-thai-herbal-series,https://lh3.googleusercontent.com/d/16rrXXb6gbCC4r-ZHOMv2xlN2a5rLHvF1,,,,,,,,,42.00,,,,,,,,,,,,,
No,,Thongsuk Thai Herbal Shampoo (250g) - Bergamot Aloe Vera (2160028),Thongsuk,Hair Shampoo,Thongsuk Thai Herbal Shampoo (250g),Bergamot Aloe Vera (2160028),,,,39.00,,,,,,,3305.10.90,แชมพู,0.25,3.600,18x26.8x13.8,18.00,26.80,13.80,0.007,12,"4,957","7,222",,,,https://www.carebeau-enjoy.com/menu-items/thongsuk-thai-herbal-series,https://lh3.googleusercontent.com/d/16FaM20PbMy318yvAjTnTUmq_YU_5AM4h,,,,,,,,,42.00,,,,,,,,,,,,,
No,,Thongsuk Thai Herbal Treatment (250ml) - Coconut Oil Vitamin E (2160379),Thongsuk,Hair Treatment,Thongsuk Thai Herbal Treatment (250ml),Coconut Oil Vitamin E (2160379),,,,39.00,,,,,,,3305.90.00,ครีมนวดผม,0.25,3.600,17.5x18.3x20.7,17.50,18.30,20.70,0.007,12,"4,977","7,222",,,,https://www.carebeau-enjoy.com/menu-items/thongsuk-thai-herbal-series,https://lh3.googleusercontent.com/d/1rgTcVEEHtfmjKo_1-pv2BYiPRdgtyHfC,,,,,,,,,42.00,,,,,,,,,,,,,
No,,Thongsuk Thai Herbal Treatment (250ml) - Butterfly Pea Litsea Glutinosa (2160377),Thongsuk,Hair Treatment,Thongsuk Thai Herbal Treatment (250ml),Butterfly Pea Litsea Glutinosa (2160377),,,,39.00,,,,,,,3305.90.00,ครีมนวดผม,0.25,3.600,17.5x18.3x20.7,17.50,18.30,20.70,0.007,12,"4,977","7,222",,,,https://www.carebeau-enjoy.com/menu-items/thongsuk-thai-herbal-series,https://lh3.googleusercontent.com/d/1bQhTsYn9TBB7n1k4A_H9fkTVFWHwiCst,,,,,,,,,42.00,,,,,,,,,,,,,
No,,Thongsuk Thai Herbal Treatment (250ml) - Bergamot Aloe Vera (2160378),Thongsuk,Hair Treatment,Thongsuk Thai Herbal Treatment (250ml),Bergamot Aloe Vera (2160378),,,,39.00,,,,,,,3305.90.00,ครีมนวดผม,0.25,3.600,17.5x18.3x20.7,17.50,18.30,20.70,0.007,12,"4,977","7,222",,,,https://www.carebeau-enjoy.com/menu-items/thongsuk-thai-herbal-series,https://lh3.googleusercontent.com/d/1eQNHqLPGlCeHpf_8bwDt5mGajag8R90T,,,,,,,,,42.00,,,,,,,,,,,,,
No,,Carebeau Spa Lightening Salt (700g) - Turmeric (2224254),Carebeau,Body Scrub,Carebeau Spa Lightening Salt (700g),Turmeric (2224254),,,,34.00,,,,,,,3304.99.90,เกลือขัดผิว,0.70,9.500,29.7x38.8x11.5,29.70,38.80,11.50,0.013,12,"2,490","2,736",,,,https://www.carebeau-enjoy.com/menu-items/carebeau-spa-lightening-salt-scrub,https://lh3.googleusercontent.com/d/1ARwvDe49aqxcQAM8AruGxsvgJXLHKBOL,,,,,,,,,34.00,,,,,,,,,,,,,
No,,Carebeau Vitamin C Moisturizing Cream With Apricot Kernel Oil (500ml) - Vitamin C (2419287),Carebeau,Body Lotion,Carebeau Vitamin C Moisturizing Cream With Apricot Kernel Oil (500ml),Vitamin C (2419287),,,,40.00,,,,,,,3304.99.90,ครีมทาผิว,0.50,6.600,30x40x12.3,30.00,40.00,12.30,0.015,12,"2,235","3,939",,,,https://www.carebeau-enjoy.com/menu-items/carebeau-vitamin-c-moisturizing,https://lh3.googleusercontent.com/d/1B99tWbHWNOIXAhYZaz1EelDLzkC-wY7f,,,,,,,,,37.00,,,,,,,,,,,,,
No,,Carebeau Vitamin E Moisturizing Cream With Apricot Kernel Oil (500ml) - White (2418991),Carebeau,Body Lotion,Carebeau Vitamin E Moisturizing Cream With Apricot Kernel Oil (500ml),White (2418991),,,,40.00,,,,,,,3304.99.90,ครีมทาผิว,0.50,6.600,30x40x12.3,30.00,40.00,12.30,0.015,12,"2,235","3,939",,,,https://www.carebeau-enjoy.com/menu-items/carebeau-vitamin-e-moisturizing,https://lh3.googleusercontent.com/d/19pP9TLim9LDSdACFteaNCGfL-HVdjbSu,,,,,,,,,38.00,,,,,,,35.00,,,35.00,35.00,35.00,1.09
No,,Carebeau Vitamin E Moisturizing Cream With Apricot Kernel Oil (500ml) - Base (No scent) (2419284),Carebeau,Body Lotion,Carebeau Vitamin E Moisturizing Cream With Apricot Kernel Oil (500ml),Base (No scent) (2419284),,,,40.00,,,,,,,3304.99.90,ครีมทาผิว,0.50,6.600,30x40x12.3,30.00,40.00,12.30,0.015,12,"2,235","3,939",,,,https://www.carebeau-enjoy.com/menu-items/carebeau-vitamin-e-moisturizing,https://lh3.googleusercontent.com/d/19zC5FLHKeVsY1hzRz7DUYqztG7IguZ-C,,,,,,,,,38.00,,,,,,,35.00,,,35.00,35.00,35.00,1.09
No,,Carebeau Hair Shampoo Keratin (400g) - (2224141),Carebeau,Hair Shampoo,Carebeau Hair Shampoo Keratin (400g),(2224141),,,,80.00,,,,,,,3305.90.00,แชมพู,0.40,5.700,21x27.5x23,21.00,27.50,23.00,0.013,12,"2,484","4,517",,,,https://www.carebeau-enjoy.com/menu-items/carebeau-hair-keratin-series,https://lh3.googleusercontent.com/d/1gOQYMLkuyaonlr_i6Gz4OFiVAEN-R87G,,,,,,,,,80.00,,,,,,,80.00,79.00,2.60,,,,
No,,Carebeau Hair Treatment Keratin (50ml) - (2224252),Carebeau,Hair Treatment,Carebeau Hair Treatment Keratin (50ml),(2224252),,,,18.00,,,,,,,3305.90.00,ครีมนวดผม,0.05,8.900,24x35.5x34,24.00,35.50,34.00,0.029,144,"1,139","2,071",,,,https://www.carebeau-enjoy.com/menu-items/carebeau-hair-keratin-series,https://lh3.googleusercontent.com/d/1j-8Cjxaw1D3350SrJQG-NIx9AnJD3p5B,,,,,,,,,18.00,,,,,,,18.00,,,,,,
No,,Carebeau Leave On Hair Keratin Spray (220ml) - (2224253),Carebeau,Hair Leave-On Spray,Carebeau Leave On Hair Keratin Spray (220ml),(2224253),,,,80.00,,,,,,,3305.90.00,เซรั่มผม,0.22,3.250,14.5x19x18.6,14.50,19.00,18.60,0.005,12,"6,439","8,000",,,,https://www.carebeau-enjoy.com/menu-items/carebeau-hair-keratin-series,https://lh3.googleusercontent.com/d/1xBGd5b0_bIqBWi45r9fCLfKYp7bAgbXG,,,,,,,,,80.00,,,,,,,80.00,79.00,2.60,,,,
No,,Beauty Nature By Carebeau Body Salt Scrub (700g) - Coconut (2224475),Beauty Nature,Body Scrub,Beauty Nature By Carebeau Body Salt Scrub (700g),Coconut (2224475),,,,43.00,,,,,,,3304.99.90,เกลือขัดผิว,0.70,9.560,19.5x27.5x21,19.50,27.50,21.00,0.011,12,"2,719","2,719",,,,https://www.carebeau-enjoy.com/menu-items/beauty-nature-spa-salt-scrub,https://lh3.googleusercontent.com/d/1pVSWyIwcLf5ejKkyv3X9b0whWSKukLWQ,,,,,,,,,40.00,,,,,,,,,,,,,
No,,Beauty Nature By Carebeau Body Salt Scrub (700g) - Char Coal (2224476),Beauty Nature,Body Scrub,Beauty Nature By Carebeau Body Salt Scrub (700g),Char Coal (2224476),,,,43.00,,,,,,,3304.99.90,เกลือขัดผิว,0.70,9.560,19.5x27.5x21,19.50,27.50,21.00,0.011,12,"2,719","2,719",,,,https://www.carebeau-enjoy.com/menu-items/beauty-nature-spa-salt-scrub,https://lh3.googleusercontent.com/d/1Pu5-rXfEXjJ6yc63vQnxkB-sfPPbASYv,,,,,,,,,40.00,,,,,,,,,,,,,
No,,Beauty Nature By Carebeau Body Salt Scrub (700g) - Coffee (2224477),Beauty Nature,Body Scrub,Beauty Nature By Carebeau Body Salt Scrub (700g),Coffee (2224477),,,,43.00,,,,,,,3304.99.90,เกลือขัดผิว,0.70,9.560,19.5x27.5x21,19.50,27.50,21.00,0.011,12,"2,719","2,719",,,,https://www.carebeau-enjoy.com/menu-items/beauty-nature-spa-salt-scrub,https://lh3.googleusercontent.com/d/1_YJwrh25vcX2FrGUbAxQDbgOLCvddSRP,,,,,,,,,40.00,,,,,,,,,,,,,
Yes,,Pura Shower Cream Goat Milk (1000ml) - Acai & Hydrangea,Pura,Shower Gel,Pura Shower Cream Goat Milk (1000ml),Acai & Hydrangea,,,,82.00,,,,,,,3401.11.50,ครีมอาบน้ำ,1.00,14.260,21.5x42.5x31,21.50,42.50,31.00,0.028,12,"1,164","1,823",,,,,,,,,,,,,,82.00,,,,,,,,,,,,,
No,,Pura Shower Cream Goat Milk (1000ml) - Collagen whitening Complex,Pura,Shower Gel,Pura Shower Cream Goat Milk (1000ml),Collagen whitening Complex,,,,82.00,,,,,,,3401.11.50,ครีมอาบน้ำ,1.00,14.260,21.5x42.5x31,21.50,42.50,31.00,0.028,12,"1,164","1,823",,,,,,,,,,,,,,82.00,,,,,,,,,,,,,
No,,Pura Shower Cream Goat Milk (1000ml) - Peach & Peony multi vitamin C&A,Pura,Shower Gel,Pura Shower Cream Goat Milk (1000ml),Peach & Peony multi vitamin C&A,,,,82.00,,,,,,,3401.11.50,ครีมอาบน้ำ,1.00,14.260,21.5x42.5x31,21.50,42.50,31.00,0.028,12,"1,164","1,823",,,,,,,,,,,,,,82.00,,,,,,,,,,,,,
Yes,,Pura Shower Cream Goat Milk (500ml) - Acai & Hydrangea,Pura,Shower Gel,Pura Shower Cream Goat Milk (500ml),Acai & Hydrangea,,,,53.00,,,,,,,3401.11.50,ครีมอาบน้ำ,0.50,7.670,24.5x28.5x26.5,24.50,28.50,26.50,0.019,12,"1,783","3,242",,,,,,,,,,,,,,53.00,,,,,,,,,,,,,
No,,Pura Shower Cream Goat Milk (500ml) - Collagen whitening Complex,Pura,Shower Gel,Pura Shower Cream Goat Milk (500ml),Collagen whitening Complex,,,,53.00,,,,,,,3401.11.50,ครีมอาบน้ำ,0.50,7.670,24.5x28.5x26.5,24.50,28.50,26.50,0.019,12,"1,783","3,242",,,,,,,,,,,,,,53.00,,,,,,,,,,,,,
No,,Pura Shower Cream Goat Milk (500ml) - Peach & Peony multi vitamin C&A,Pura,Shower Gel,Pura Shower Cream Goat Milk (500ml),Peach & Peony multi vitamin C&A,,,,53.00,,,,,,,3401.11.50,ครีมอาบน้ำ,0.50,7.670,24.5x28.5x26.5,24.50,28.50,26.50,0.019,12,"1,783","3,242",,,,,,,,,,,,,,53.00,,,,,,,,,,,,,
No,,S&K Duchess Niacinamide Youthful Glow Body Wash 1000g,S&K Duchess,Shower Gel,S&K Duchess Niacinamide Youthful Glow Body Wash 1000g,,,,,72.00,,,,,,,3401.11.50,ครีมอาบน้ำ,1.00,13.730,26.2x34.5x28,26.20,34.50,28.00,0.025,12,"1,303","1,893",,,,,,,,,,,,,,72.00,,,,,,,,,,,,,
No,,Carebeau Spa Lightening Salt (700g) - Mixed Fruits (2406879),Carebeau,Body Scrub,Carebeau Spa Lightening Salt (700g),Mixed Fruits (2406879),,,,37.00,,,,,,,3304.99.90,เกลือขัดผิว,0.70,9.500,29.7x38.8x11.5,29.70,38.80,11.50,0.013,12,"2,490","2,736",,,,https://www.carebeau-enjoy.com/menu-items/carebeau-spa-lightening-salt-scrub,https://lh3.googleusercontent.com/d/1AolWKB83I7J3WQ1Erzh7UqrRhJbx9VtI,,,,,,,,,34.00,,,,,,,,,,,,,
No,,Carebeau Spa Lightening Salt (700g) - Tamarind (2406880),Carebeau,Body Scrub,Carebeau Spa Lightening Salt (700g),Tamarind (2406880),,,,37.00,,,,,,,3304.99.90,เกลือขัดผิว,0.70,9.500,29.7x38.8x11.5,29.70,38.80,11.50,0.013,12,"2,490","2,736",,,,https://www.carebeau-enjoy.com/menu-items/carebeau-spa-lightening-salt-scrub,https://lh3.googleusercontent.com/d/1AVo6AB7QIfetlgw--NGza1pL75CbwVNj,,,,,,,,,34.00,,,,,,,,,,,,,
No,,Carebeau Spa Lightening Salt (700g) - Orange (2230103),Carebeau,Body Scrub,Carebeau Spa Lightening Salt (700g),Orange (2230103),,,,37.00,,,,,,,3304.99.90,เกลือขัดผิว,0.70,9.500,29.7x38.8x11.5,29.70,38.80,11.50,0.013,12,"2,490","2,736",,,,https://www.carebeau-enjoy.com/menu-items/carebeau-spa-lightening-salt-scrub,https://lh3.googleusercontent.com/d/1AdiYo4p0OB-2UAIbWv-K43jP80SH3a4O,,,,,,,,,34.00,,,,,,,,,,,,,
No,,Carebeau Spa Lightening Salt (700g) - Cantaloupe (2406881),Carebeau,Body Scrub,Carebeau Spa Lightening Salt (700g),Cantaloupe (2406881),,,,37.00,,,,,,,3304.99.90,เกลือขัดผิว,0.70,9.500,29.7x38.8x11.5,29.70,38.80,11.50,0.013,12,"2,490","2,736",,,,https://www.carebeau-enjoy.com/menu-items/carebeau-spa-lightening-salt-scrub,https://lh3.googleusercontent.com/d/18X3VUIQP-wpp0JAIuNzQY8wWoX2KA4ey,,,,,,,,,34.00,,,,,,,,,,,,,
No,,Carebeau Spa Lightening Salt (700g) - Lakoocha (2407072),Carebeau,Body Scrub,Carebeau Spa Lightening Salt (700g),Lakoocha (2407072),,,,37.00,,,,,,,3304.99.90,เกลือขัดผิว,0.70,9.500,29.7x38.8x11.5,29.70,38.80,11.50,0.013,12,"2,490","2,736",,,,https://www.carebeau-enjoy.com/menu-items/carebeau-spa-lightening-salt-scrub,https://lh3.googleusercontent.com/d/18QqaHGR1KJJLK3z5GHc59VnAGR7buNlz,,,,,,,,,34.00,,,,,,,,,,,,,
No,,LA CONFIA Limitless Lush Hair Serum Spray 200 ml.,LA CONFIA,Hair Serum,LA CONFIA Limitless Lush Hair Serum Spray 200 ml.,,,,,55.54,,,,,,,3305.90.00,เซรั่มผม,0.20,3.630,20.5x27.3x22.3,20.50,27.30,22.30,0.012,12,"2,644","4,807",,,,,,,,,,,,,,55.54,,,,,,,,,,,,,
No,,LA CONFIA Biotin Blue Pea Hair Mask 380 ml.,LA CONFIA,Hair Mask,LA CONFIA Biotin Blue Pea Hair Mask 380 ml.,,,,,63.90,,,,,,,3305.90.00,ครีมนวดผม,0.38,12.000,30x45.8x25,30.00,45.80,25.00,0.034,24,960,"1,746",,,,,,,,,,,,,,63.90,,,,,,,,,,,,,
No,,LA CONFIA Limitless Lush Hair Mask 380 ml,LA CONFIA,Hair Mask,LA CONFIA Limitless Lush Hair Mask 380 ml,,,,,55.40,,,,,,,3305.90.00,ครีมนวดผม,0.38,12.000,30x45.8x25,30.00,45.80,25.00,0.034,24,960,"1,746",,,,,,,,,,,,,,55.40,,,,,,,,,,,,,
No,,LA CONFIA Biotin Blue Pea Hair Mask 20 ml.,LA CONFIA,Hair Mask,LA CONFIA Biotin Blue Pea Hair Mask 20 ml.,,,,,4.60,,,,,,,3305.90.00,ครีมนวดผม,0.02,5.760,25x35x26,25.00,35.00,26.00,0.023,200,"1,450","2,637",,,,,,,,,,,,,,4.60,,,,,,,,,,,,,
No,,LA CONFIA Limitless Lush Hair Mask 20 ml,LA CONFIA,Hair Mask,LA CONFIA Limitless Lush Hair Mask 20 ml,,,,,4.60,,,,,,,3305.90.00,ครีมนวดผม,0.02,5.760,25x35x26,25.00,35.00,26.00,0.023,200,"1,450","2,637",,,,,,,,,,,,,,4.60,,,,,,,,,,,,,
No,,2B Brand Natural Black Organic Hair Colour Cream 60 g.,2B,Hair Dye,2B Brand Natural Black Organic Hair Colour Cream 60 g.,,,,,22.00,,,,,,,3305.90.00,ยาย้อมผม,0.06,16.880,26x34.5x39,26.00,34.50,39.00,0.035,96,943,"1,540",,,,,,,,,,,,,,22.00,,,,,,,,,,,,,
No,,Body scrub sponge,,Other,Body scrub sponge,,,,,2.82,,,,,,,3924.90.90,ใยขัดตัว,0.02,8.920,50x52x57,50.00,52.00,57.00,0.148,500,222,404,,,,,,,,,,,,,,2.82,,,,,,,,,,,,,
No,,Blinks Hair Repair Mask Treatment 350 g,Blinks,Hair Treatment,Blinks Hair Repair Mask Treatment 350 g,,,,,20.50,,,,,,,3305.90.00,ครีมนวดผม,0.35,10.260,32.4x43x15.6,32.40,43.00,15.60,0.022,24,"1,518","2,534",,,,,,,,,,,,,,20.50,,,,,,,,,,,,,
No,,Blinks Hair Repair Mask Treatment 60 g,Blinks,Hair Treatment,Blinks Hair Repair Mask Treatment 60 g,,,,,6.10,,,,,,,3305.90.00,ครีมนวดผม,0.06,9.940,45x62x18.5,45.00,62.00,18.50,0.052,120,639,"1,162",,,,,,,,,,,,,,6.10,,,,,,,,,,,,,
No,,Blinks Rebalance Shampoo 500 g,Blinks,Hair Shampoo,Blinks Rebalance Shampoo 500 g,,,,,30.70,,,,,,,3305.10.90,แชมพู,0.50,7.070,22x29x24,22.00,29.00,24.00,0.015,12,"2,155","3,677",,,,,,,,,,,,,,30.70,,,,,,,,,,,,,
No,,Blinks Rebalance Shampoo 60 g,Blinks,Hair Shampoo,Blinks Rebalance Shampoo 60 g,,,,,6.10,,,,,,,3305.10.90,แชมพู,0.06,,xx,,,,0.000,120,#DIV/0!,#DIV/0!,,,,,,,,,,,,,,6.10,,,,,,,,,,,,,
No,,FOMME Goat Milk Shower Cream (1000g) - Royal Jelly & Lemon,FOMME,Shower Gel,FOMME Goat Milk Shower Cream (1000g),Royal Jelly & Lemon,,,,70.00,,,,,,,3401.11.50,ครีมอาบน้ำ,1.00,14.070,23x42.7x33,23.00,42.70,33.00,0.032,12,"1,018","1,847",,,,,,,,,,,,,,,,,,,,,,,,,,,
No,,Carebeau Yongjin Body Massage Oil (100ml) - Jasmine,Carebeau Yongjin,Massage Oil,Carebeau Yongjin Body Massage Oil (100ml),Jasmine,,,,199.00,,,,,,,3304.99.30,น้ำมันนวดตัว,0.80,,,,,,,,,,,,,https://www.carebeau-enjoy.com/menu-items/carebeau-body-massage-oil-butter,https://lh3.googleusercontent.com/d/12vgAB0Bf4XN5RQvK553T4OPH7lMV2H2E,,,,,,,,,,,,,,,,,,,,,,
No,,Carebeau Yongjin Body Massage Oil (100ml) - Coconut,Carebeau Yongjin,Massage Oil,Carebeau Yongjin Body Massage Oil (100ml),Coconut,,,,199.00,,,,,,,3304.99.30,น้ำมันนวดตัว,0.80,,,,,,,,,,,,,https://www.carebeau-enjoy.com/menu-items/carebeau-body-massage-oil-butter,https://lh3.googleusercontent.com/d/1JYXraHGj0RnIr9rnVQ0R8GAKaeoWL_xE,,,,,,,,,,,,,,,,,,,,,,
No,,Carebeau Yongjin Body Massage Oil (100ml) - Moke Flower,Carebeau Yongjin,Massage Oil,Carebeau Yongjin Body Massage Oil (100ml),Moke Flower,,,,199.00,,,,,,,3304.99.30,น้ำมันนวดตัว,0.80,,,,,,,,,,,,,https://www.carebeau-enjoy.com/menu-items/carebeau-body-massage-oil-butter,https://lh3.googleusercontent.com/d/13rL2nkU6tkQJlsscqC9qbU7W4RbiD2D2,,,,,,,,,,,,,,,,,,,,,,
Yes,,Zeezi Deodorant Powder Whitening 25g,Homm,Deodorant Powder,Zeezi Deodorant Powder Whitening 25g,,#N/A,#N/A,30.00,27.00,27.00,25.00,30.00,,,,3307.20.00,แป้งระงับกลิ่นกาย,0.025,0.620,13.5x17.5x10,13.50,17.50,10.00,0.002,12,"13,968","25,396",,,,https://www.carebeau-enjoy.com/th/menu-items/skinaekhr-chiichii-aepngrangabklin,https://lh3.googleusercontent.com/d/1mBV4NqlanmhnkAMQnQphXH3SfneLxKUD,25.25,25.51,25.77,27.00,27.00,27.00,27.00,,27.00,,27.00,,29.00,,27.00,27.00,,,,,,0.84
Yes,,Zeezi Foot Deodorant Powder Fresh 25g,Homm,Deodorant Powder,Zeezi Foot Deodorant Powder Fresh 25g,,#N/A,#N/A,30.00,27.00,27.00,25.00,30.00,,,,3307.20.00,แป้งระงับกลิ่นเท้า,0.025,0.620,13.5x17.5x10,13.50,17.50,10.00,0.002,12,"13,968","25,396",,,,https://www.carebeau-enjoy.com/th/menu-items/skinaekhr-chiichii-aepngrangabklin,https://lh3.googleusercontent.com/d/1geFuKPT0PGsXE2ZjoOLTYifKqwYn2MDj,25.25,25.51,25.77,27.00,27.00,27.00,27.00,,27.00,,27.00,,29.00,,27.00,27.00,,,,,,0.84